url,page_title,section,content_type,question,answer,raw_text,links_on_page
https://www.ntc.net.np/about-us,About Nepal Telecom,Company Overview,faq,What is Nepal Telecom? Give an overview of Nepal Telecom.,"Nepal Telecom (NT), officially Nepal Doorsanchar Company Limited, is the largest telecommunications service provider in Nepal. It is a government-owned public company established in 2004 when the Department of Telecommunications was converted into a corporate entity. Nepal Telecom is listed on the Nepal Stock Exchange (NEPSE) under the ticker symbol 'NTC'. The Government of Nepal holds the majority stake. Its headquarters is in Bhadrakali, Kathmandu. NT provides fixed-line, mobile (GSM/CDMA), internet (ADSL/FTTH), and various value-added services across Nepal.",,
https://www.ntc.net.np/about-us/vision-mission-goal,Vision Mission Goal - Nepal Telecom,Vision Mission Goal,faq,What is the vision and mission of Nepal Telecom?,"Vision: To be a leading and dominant player in the ICT sector of Nepal, providing world-class services to customers throughout the country. Mission: To provide reliable, affordable, and modern telecommunication services to every citizen of Nepal, contributing to the nation's social and economic development. Goals: Expand network coverage to all parts of Nepal including rural areas; provide quality telecom services at competitive prices; adopt modern technology to meet growing demands; ensure customer satisfaction.",,
https://www.ntc.net.np/about-us/board-of-directors,Board of Directors - Nepal Telecom,Board of Directors,table,Who is the chairman of Nepal Telecom? Who are the board of directors of Nepal Telecom?,"Chairman: Mrs. Laxmi Kumari Basnet — Secretary, Ministry of Communication and Information Technology (MoCIT). Member: Mrs. Reena Dangol — Acting Managing Director, Nepal Telecom. Member: Mr. Tanka Prasad Pandey — Joint Secretary, Ministry of Finance. Member: Mr. Subash Chandra Shiwakoti — Joint Secretary, MoCIT. Member: Mrs. Aruna Joshi — Joint Secretary, Ministry of Law, Justice & Parliamentary Affairs. Member: Mr. Lok Bahadur Katuwal — Employee Representative. Member: Mr. Manish Jung Joshi — Public Shareholder Representative. Company Secretary: Mr. Dwarika Prasad Poudel.",,
https://www.ntc.net.np/about-us/management-team,Management Team - Nepal Telecom,Management Team,faq,Who is the Managing Director of Nepal Telecom? Who leads Nepal Telecom management?,"The Acting Managing Director of Nepal Telecom is Mrs. Reena Dangol. Nepal Telecom is managed by a Board of Directors and an executive management team that oversees various departments including Network, IT, Finance, Human Resources, and Customer Service.",,
https://www.ntc.net.np/about-us/milestones,Milestones - Nepal Telecom,Milestones,faq,What are the key milestones and history of Nepal Telecom?,Key milestones of Nepal Telecom: 1913 — First telephone service introduced in Nepal. 1936 — Telecommunication service opened to the public. 1975 — Telephone service expanded outside Kathmandu Valley. 1997 — PSTN digital switching introduced. 2001 — GSM mobile service (Namaste) launched. 2003 — CDMA mobile service (Skyphone) launched. 2004 — Nepal Telecom incorporated as a company (Nepal Doorsanchar Company Limited). 2005 — Listed on Nepal Stock Exchange (NEPSE). 2010 — 3G services launched. 2017 — 4G LTE services launched. 2020 — VoLTE (Voice over LTE) introduced. 2021 — VoWiFi (Voice over WiFi) launched. 2022 — eSIM service launched. 2023 — 5G trials begun.,,
https://www.ntc.net.np/about-us/contact,Contact Us - Nepal Telecom,Contact,faq,What is the customer care number of Nepal Telecom? How to contact Nepal Telecom?,"Nepal Telecom Customer Care: 1498 (toll-free, 24 hours, 7 days a week). For GSM/Mobile queries: 1498. For Internet/FTTH queries: 1498. For PSTN/Fixed Line queries: 1498. Email: info@ntc.net.np. Head Office: Bhadrakali, Kathmandu, Nepal. Website: www.ntc.net.np. Service centres are available in all major cities and districts across Nepal.",,
https://www.ntc.net.np/category/gsm,GSM Services - Nepal Telecom,GSM Namaste,faq,What is the GSM service of Nepal Telecom? What is Namaste prepaid?,"Nepal Telecom's GSM mobile service is branded as Namaste. It offers both prepaid and postpaid SIM cards. Namaste prepaid: no monthly charges, pay as you go, recharge anytime. Namaste postpaid: monthly billing, suitable for heavy users. GSM services include voice calls, SMS, 2G/3G/4G data, VoLTE, VoWiFi, international roaming, and various value-added services (VAS). To get a SIM: visit any NTC office with citizenship certificate or passport and a passport photo.",,
https://www.ntc.net.np/services/4g-lte-network,4G LTE - Nepal Telecom,4G LTE,faq,Does Nepal Telecom provide 4G services? What is NTC 4G LTE? How to activate 4G on NTC?,"Yes, Nepal Telecom provides 4G LTE services. NTC launched 4G in 2017 and has since expanded coverage to most urban areas and many rural districts. Requirements to use 4G: (1) A 4G-capable SIM — existing 2G/3G SIMs can be upgraded free at any NTC office. (2) A 4G-compatible smartphone. (3) Being in a 4G coverage area. APN settings for data: Name=NT-Data, APN=internet. APN settings for MMS: Name=NT-MMS, APN=ntcmms. 4G data packs can be subscribed via NT App, dialling *1415#, SMS to 1415, or online. NTC also supports VoLTE (HD voice calls over 4G) on compatible devices.",,
https://www.ntc.net.np/tariff/gsm-tariff,GSM Tariff - Nepal Telecom,GSM Call Tariff,table,What are the GSM call rates of Nepal Telecom? What is the NTC call tariff?,"Nepal Telecom GSM call tariffs (approximate, check ntc.net.np for latest): On-net calls (NTC to NTC): Rs. 0.50–1.00 per minute. Off-net calls (NTC to Ncell/others): Rs. 1.00–2.00 per minute. NTC to landline (PSTN): Rs. 0.50–1.00 per minute. International calls: vary by country; available via 1424, 1425, 1445, or direct dialling with 00. Special combo packs offer bundled voice + data + SMS at discounted rates. Visit ntc.net.np/tariff for the complete and updated tariff sheet.",,
https://www.ntc.net.np/tariff/gsm-data-tariff,GSM Data Tariff - Nepal Telecom,GSM Data Packs,table,What are the NTC data packages? What are the internet packs for Nepal Telecom GSM?,"Nepal Telecom GSM data packages (sample — check ntc.net.np for latest rates): Daily packs: 50 MB – Rs. 10 (1 day), 150 MB – Rs. 19 (1 day). Weekly packs: 1 GB – Rs. 99 (7 days), 3 GB – Rs. 199 (7 days). Monthly packs: 3 GB – Rs. 299 (30 days), 5 GB – Rs. 399 (30 days), 10 GB – Rs. 649 (30 days), 20 GB – Rs. 999 (30 days), 50 GB – Rs. 1899 (30 days). Combo packs: include voice minutes + data + SMS bundles. Subscribe via NT App, dial *1415#, SMS 'DATA' to 1415, or at ntc.net.np.",,
https://www.ntc.net.np/faq,FAQ - Nepal Telecom,Balance Check,faq,How do I check my NTC balance? How to check Nepal Telecom balance?,GSM Namaste prepaid balance: Dial *400# and press Call. Or open the NT App → Balance Inquiry. CDMA Skyphone balance: Dial *1# and press Call. PSTN landline balance: Call 1498 (customer care). FTTH internet balance/usage: Log in to ntc.net.np self-care account or call 1498.,,
https://www.ntc.net.np/recharge,Recharge - Nepal Telecom,Recharge,faq,How do I recharge my NTC number? What are the ways to recharge Nepal Telecom?,"Methods to recharge your NTC number: 1) Online recharge: visit ntc.net.np/recharge, enter your number and pay via debit/credit card or mobile banking. 2) NT App: download the Nepal Telecom app, log in, tap 'Recharge', enter amount and pay. 3) Scratch card: buy a recharge card from any NTC dealer, scratch to reveal PIN, dial *400*<PIN># and press Call. 4) MPoS (Pinless Top-Up): available at NTC-authorised retail agents — give your number and amount. 5) SMS: send PIN to 1415. 6) Mobile banking / e-wallets: Khalti, eSewa, IME Pay, bank apps support NTC recharge. Recharge is available for GSM Namaste, CDMA Skyphone, PSTN, and FTTH services.",,
https://www.ntc.net.np/faq,FAQ - Nepal Telecom,SIM Registration,faq,How do I get a new NTC SIM card? What documents are required for NTC SIM?,"To get a new Nepal Telecom SIM card: Visit any NTC office or authorised dealer. Documents required: Citizenship certificate (Nepali citizens) OR passport (foreigners). One passport-size photo. Fill the SIM subscription form. SIM cost: approximately Rs. 99–200 (prepaid starter pack includes some balance). Postpaid SIM: requires citizenship/passport, additional security deposit may apply. SIM replacement (lost/damaged): visit NTC office with ID — fee approximately Rs. 100.",,
https://www.ntc.net.np/faq,FAQ - Nepal Telecom,SMS Services,faq,What are NTC SMS packages? How to send SMS with Nepal Telecom?,"Nepal Telecom SMS packages: On-net SMS: Rs. 0.30–0.50 per SMS (NTC to NTC). Off-net SMS: Rs. 1.00 per SMS (NTC to other networks). International SMS: Rs. 5.00 per SMS. SMS packs: 100 on-net SMS – Rs. 9 (7 days), 500 on-net SMS – Rs. 29 (30 days). Combo packs include SMS bundles with voice and data. Subscribe via *1415# or NT App.",,
https://www.ntc.net.np/category/fixed-line,Fixed Line - Nepal Telecom,PSTN Fixed Line,faq,What is PSTN fixed line service of Nepal Telecom? How to get a landline from NTC?,"Nepal Telecom provides PSTN (Public Switched Telephone Network) fixed landline services. Features: voice calls, caller ID, call waiting, call forwarding, conference calls. To get a landline: visit the nearest NTC office, fill the application form, submit citizenship and property documents, pay installation fee. PSTN local call rates: metered billing per minute. PSTN also supports ADSL broadband internet on the same line. Customer care for PSTN: 1498.",,
https://www.ntc.net.np/services/adsl-service,ADSL Service - Nepal Telecom,ADSL Broadband,faq,What is ADSL internet service from Nepal Telecom? What are ADSL packages?,"ADSL (Asymmetric Digital Subscriber Line) is a broadband internet service from Nepal Telecom delivered over existing telephone lines. Speeds: up to 8 Mbps download, 1 Mbps upload (depending on distance from exchange). Packages: various monthly packages from 512 Kbps to 8 Mbps with data limits. Suitable for: homes and small businesses without FTTH fibre availability. Requires: existing PSTN telephone connection. ADSL is gradually being replaced by FTTH (fibre) in most urban areas.",,
https://www.ntc.net.np/services/fiber-to-the-home-ftth,FTTH - Nepal Telecom,FTTH Fibre Internet,faq,What is FTTH internet from Nepal Telecom? How do I get NTC fibre internet?,"FTTH (Fiber to the Home) is Nepal Telecom's high-speed fibre optic internet service. Speeds range from 25 Mbps to 1 Gbps. Available in Kathmandu Valley and expanding to other cities. To get FTTH: visit ntc.net.np or call 1498, fill the application, NTC installs fibre cable to your home. Packages include individual (home) and corporate (business) plans. Some FTTH packages include NTTV (cable TV) and telephone (VoIP) in combo plans. Installation fee applies; monthly rental based on speed and data quota.",,
https://www.ntc.net.np/tariff/ftth-tariff,FTTH Tariff - Nepal Telecom,FTTH Packages,table,What are the FTTH internet packages and prices of Nepal Telecom? What is the cost of NTC fibre?,"Nepal Telecom FTTH Individual Packages (monthly, approximate — verify at ntc.net.np/tariff/ftth-tariff): 25 Mbps / 60 GB FUP — Rs. 1,000/month. 40 Mbps / 100 GB FUP — Rs. 1,300/month. 60 Mbps / 150 GB FUP — Rs. 1,600/month. 100 Mbps / 200 GB FUP — Rs. 2,000/month. 200 Mbps / 300 GB FUP — Rs. 3,000/month. After FUP (Fair Usage Policy) limit, speed reduces to 2–5 Mbps. xGPON ultra-fast packages available up to 1 Gbps for premium users. Combo packages add NTTV channels + telephone service. Yearly packages offer discounts over monthly billing.",,
https://esim.ntc.net.np,eSIM - Nepal Telecom,eSIM,faq,What is eSIM? How do I get Nepal Telecom eSIM? What devices support NTC eSIM?,"eSIM (Embedded SIM) is a digital SIM built into your phone — no physical SIM card needed. Nepal Telecom launched eSIM in 2022. How to get NTC eSIM: 1) Visit esim.ntc.net.np and log in with your NTC self-care account. 2) Select your mobile number and request eSIM. 3) A QR code is generated — scan it on your phone under Settings > Mobile Data > Add eSIM. 4) Alternatively, visit an NTC office and request eSIM activation in person. Compatible devices include: iPhone XS and later, iPhone SE (2nd gen+), Google Pixel 3 and later, Samsung Galaxy S20 and later, and other eSIM-capable handsets. eSIM works on the same NTC Namaste number — no number change needed. Benefits: no physical SIM to lose, switch between two numbers on one phone (dual SIM).",,
https://www.ntc.net.np/post/vowifi,VoWiFi - Nepal Telecom,VoWiFi,faq,What is VoWiFi? How do I activate VoWiFi on Nepal Telecom? What is WiFi calling NTC?,"VoWiFi (Voice over WiFi) allows you to make and receive calls over a WiFi network instead of the cellular signal. Useful in areas with weak NTC mobile coverage (basements, remote areas, buildings with poor signal). Requirements: 4G-enabled NTC SIM, VoWiFi-compatible smartphone, active WiFi connection. To activate: go to phone Settings → Mobile Network (or SIM settings) → WiFi Calling → Enable. No extra charge — calls billed at standard NTC rates. Compatible phones: iPhone 6 and later, Samsung Galaxy S6 and later, most modern Android phones. Works on any WiFi network (home, office, public WiFi). NTC VoWiFi launched in 2021.",,
https://www.ntc.net.np/services/4g-lte-network,4G LTE - Nepal Telecom,VoLTE,faq,What is VoLTE in Nepal Telecom? Does NTC support VoLTE?,"VoLTE (Voice over LTE) allows HD quality voice calls over Nepal Telecom's 4G network. Advantages over regular calls: clearer voice quality, faster call connection, ability to use 4G data during a call simultaneously. Requirements: 4G SIM, VoLTE-supported smartphone, 4G coverage area. Activation: VoLTE activates automatically on supported devices when 4G is enabled — no separate subscription needed. Compatible devices: iPhone 6 and later, most flagship Android phones from 2016 onwards.",,
https://www.ntc.net.np/services/international-roaming,International Roaming - Nepal Telecom,International Roaming,faq,How do I activate international roaming on Nepal Telecom? What is NTC roaming?,"Nepal Telecom provides international roaming on Namaste (GSM) prepaid and postpaid. To activate roaming: Prepaid: visit any NTC office, fill roaming activation form, deposit roaming security amount. Postpaid: call 1498 or visit NTC office to activate. Roaming is supported in 100+ countries through partner networks. Roaming charges vary by country — voice, SMS, and data rates apply. To avoid high data charges abroad: disable mobile data or use roaming data packs. To deactivate roaming: call 1498 or visit NTC office after returning. International calling codes: NTC Access Code 1424 (economy), 1425, 1445 for cheaper international calls.",,
https://www.ntc.net.np/category/vas,VAS - Nepal Telecom,Value Added Services,faq,What are the value-added services (VAS) of Nepal Telecom?,"Nepal Telecom Value-Added Services (VAS) include: 1) Hello Tune / Ring Back Tone — set a song instead of a normal ring. 2) Missed Call Alert — get notified of missed calls when phone was off. 3) Voicemail — callers can leave a voice message. 4) SMS Alert — receive balance, usage, and recharge alerts via SMS. 5) Audio Notice Board — listen to NTC notices by calling a short code. 6) TikTok Pack — discounted data specifically for TikTok usage. 7) Group SMS / Bulk SMS — for businesses to send bulk messages. 8) NTTV — Nepal Telecom's cable/IPTV television service. 9) NT Mail — email service at webmail.ntc.net.np. 10) Easy Phone (EasyVoIP) — internet-based calling service.",,
https://www.ntc.net.np/post/tiktok-pack,TikTok Pack - Nepal Telecom,TikTok Pack,faq,What is the TikTok pack of Nepal Telecom? How do I subscribe to NTC TikTok pack?,"Nepal Telecom offers a special TikTok data pack for GSM subscribers who use TikTok. The TikTok pack provides data that works specifically for the TikTok app at a lower cost than regular data packs. To subscribe: Dial *1415# and select TikTok Pack option, or use the NT App. Packages: Daily and weekly TikTok packs available. Note: TikTok pack data can only be used within the TikTok app.",,
https://www.ntc.net.np/post/audio-notice-board-service,Audio Notice Board - Nepal Telecom,Audio Notice Board,faq,What is the Audio Notice Board service of Nepal Telecom?,"Audio Notice Board is a VAS service from Nepal Telecom that allows customers to listen to important NTC notices and announcements via a phone call. Customers can subscribe to receive audio notices about new services, tariff changes, promotions, and other important updates. To subscribe: Call or SMS the designated short code for Audio Notice Board service. Available to all NTC GSM subscribers.",,
https://www.ntc.net.np/user/register,Self Care - Nepal Telecom,Self Care Account,faq,How do I register for Nepal Telecom self-care account? What can I do on NTC self-care portal?,"Nepal Telecom Self-Care portal is at ntc.net.np. To register: visit ntc.net.np/user/register, enter your NTC mobile number, verify via OTP sent to your number, set a password. Self-care features: check balance and usage history, subscribe/unsubscribe data packs and VAS, view and pay bills, manage eSIM, recharge, update personal details, access gift packages, generate usage reports. The NT App (Nepal Telecom App) provides the same features on Android and iOS smartphones.",,
https://www.ntc.net.np/,NT App - Nepal Telecom,NT App,faq,What is the NT App of Nepal Telecom? How do I download the NT App?,"The NT App is Nepal Telecom's official mobile application. Download: Search 'NT App' or 'Nepal Telecom' on Google Play Store (Android) or Apple App Store (iOS). Features of NT App: Balance inquiry and usage history, data pack and VAS subscription/unsubscription, online recharge for self or others, gift package (send data or balance to another NTC user), bill payment, eSIM management, FTTH package management, customer support and feedback.",,
https://www.ntc.net.np/services/nttv,NTTV - Nepal Telecom,NTTV Cable TV,faq,What is NTTV? Does Nepal Telecom provide TV service?,"NTTV is Nepal Telecom's IPTV (Internet Protocol Television) and cable TV service. It provides television channels bundled with FTTH internet service. NTTV offers Nepali, Indian, and international channels. It is available as part of FTTH combo packages (internet + TV + telephone). Separate NTTV set-top boxes are provided. Available in areas with NTC FTTH coverage.",,
https://www.ntc.net.np/category/fixed-line,CDMA Skyphone - Nepal Telecom,CDMA Skyphone,faq,What is CDMA Skyphone service of Nepal Telecom?,"Skyphone is Nepal Telecom's CDMA (Code Division Multiple Access) mobile service. It uses a different technology from GSM and operates at 800 MHz frequency. Skyphone is primarily used in areas where GSM coverage is limited. Features: voice calls, SMS, limited data (2G). Balance check: dial *1# and press Call. Note: CDMA services are being gradually phased out as 4G GSM coverage expands. Skyphone SIM cards work only with CDMA-compatible handsets.",,
https://www.ntc.net.np/services/4g-lte-network,Network Coverage - Nepal Telecom,Network Coverage,faq,What is the network coverage of Nepal Telecom? Where does NTC have coverage?,"Nepal Telecom has the widest network coverage in Nepal: 2G (GSM) coverage: over 90% of the population and most districts including rural areas. 3G coverage: major cities, highways, and many district headquarters. 4G LTE coverage: Kathmandu Valley, major cities (Pokhara, Biratnagar, Birgunj, Butwal, Dharan, Hetauda, Narayanghat, and more), and expanding. FTTH fibre: Kathmandu Valley and selected urban areas, expanding. NTC has over 9,000 base stations (BTS) across Nepal. Mountain coverage: NTC has coverage at Everest Base Camp and high-altitude areas. Coverage map: available at ntc.net.np.",,
https://www.ntc.net.np/nt-4g-lte-bands,4G LTE Bands - Nepal Telecom,4G LTE Bands,faq,What 4G LTE bands does Nepal Telecom use? Which bands does NTC 4G operate on?,"Nepal Telecom 4G LTE operates on: Band 3 (1800 MHz) — primary 4G band, wide coverage. Band 8 (900 MHz) — better indoor and rural coverage, slower speed. Band 40 (2300 MHz) — higher speed in dense urban areas (TDD-LTE). Your phone must support at least one of these bands for NTC 4G connectivity. Most smartphones sold in Nepal support Band 3 and Band 8. Check band compatibility at ntc.net.np/nt-4g-lte-bands.",,
https://gsmbl.ntc.net.np,Online Bill - Nepal Telecom,Online Bill Payment,faq,How do I pay my NTC bill online? How to pay Nepal Telecom bill?,"Nepal Telecom online bill payment options: 1) NTC website: visit gsmbl.ntc.net.np for GSM, PSTN, CDMA, and leased line bills. 2) NT App: log in and go to Bill Payment section. 3) Mobile banking: all major Nepali banks support NTC bill payment. 4) E-wallets: eSewa, Khalti, IME Pay, ConnectIPS support NTC payments. 5) NTC office: pay in cash at any NTC service centre. Postpaid bill due date: usually the 15th or 25th of each month (check your bill). Late payment may result in service suspension.",,
https://www.ntc.net.np/fixed-line-enquiry,PSTN Enquiry - Nepal Telecom,PSTN Number Enquiry,faq,How do I find a PSTN landline number in Nepal? What is NTC number enquiry?,Nepal Telecom provides a PSTN (landline) number enquiry service. To look up a landline number: visit ntc.net.np/fixed-line-enquiry and enter the subscriber name or area. You can also call 197 (directory enquiry service) from any NTC phone. This service helps find PSTN telephone numbers registered with Nepal Telecom.,,
https://www.ntc.net.np/about-us/departments,Departments - Nepal Telecom,Departments,faq,What are the departments of Nepal Telecom? How is Nepal Telecom organised?,"Nepal Telecom is organised into several key departments: Network Department — manages all telecom infrastructure, towers, and fibre. IT Department — manages billing systems, IT infrastructure, and digital services. Finance Department — handles accounting, billing, and financial reporting. Human Resources Department — manages staff recruitment, training, and administration. Customer Service Department — handles customer complaints, support, and service centres. Corporate Planning Department — strategic planning and regulatory affairs. International Department — manages international connectivity and roaming agreements. Legal Department — legal compliance, contracts, and regulatory matters.",,
https://www.ntc.net.np/about-us,About Nepal Telecom,Nepal Telecom in Brief,faq,How many subscribers does Nepal Telecom have? What is the size of NTC?,"Nepal Telecom is the largest telecom operator in Nepal by subscriber base. Approximate figures: GSM (Namaste) subscribers: over 20 million. CDMA (Skyphone) subscribers: over 1 million. Fixed line (PSTN) subscribers: over 800,000. FTTH internet subscribers: over 500,000 and growing. Total staff: approximately 5,000+ employees. NTC serves both individual and corporate customers across all 77 districts of Nepal. (Exact figures change — verify at ntc.net.np for latest annual report figures.)",,
https://www.ntc.net.np/about-us,About Nepal Telecom,Competitors,faq,Who are the competitors of Nepal Telecom? What other telecom companies operate in Nepal?,"The main telecom operators in Nepal are: 1) Nepal Telecom (NT/NTC) — government-owned, largest operator. 2) Ncell (formerly Mero Mobile) — privately owned, second-largest GSM operator. Other ISPs providing internet: Subisu, Worldlink, Vianet, ClassicTech, and many regional ISPs. Nepal Telecom competes mainly with Ncell in mobile services and with private ISPs in internet/broadband.",,
https://www.ntc.net.np/notices/international-outgoing-sms,International SMS - Nepal Telecom,International Outgoing SMS,faq,How do I send international SMS from Nepal Telecom? What is the international SMS rate for NTC?,Nepal Telecom allows sending international SMS from Namaste GSM SIM. Rate: approximately Rs. 5 per international SMS. To send: type your message and send to the international number in format +[country code][number]. Example: to send to India +91XXXXXXXXXX. International SMS service may need to be activated — call 1498 if not working.,,
https://www.ntc.net.np/services,Services - Nepal Telecom,All Services,faq,What services does Nepal Telecom provide? List all NTC services.,"Nepal Telecom provides the following services: Mobile Services: GSM Namaste (prepaid/postpaid), CDMA Skyphone, 2G/3G/4G data, VoLTE, VoWiFi, eSIM. Fixed Line: PSTN landline telephone service. Broadband Internet: ADSL (over telephone line), FTTH Fiber optic (high-speed). International Services: international calling (1424/1425/1445), international roaming, international SMS. Value-Added Services: Hello Tune, Missed Call Alert, Voicemail, TikTok Pack, Group SMS, Audio Notice Board. Corporate Services: leased lines, VPN, bulk SMS, dedicated internet, MPLS. Television: NTTV (IPTV/cable TV with FTTH). Email: NT Mail (webmail.ntc.net.np). eSIM: digital SIM activation at esim.ntc.net.np.",,
https://www.ntc.net.np/post/winter-offer-2082,Winter Offer 2082 - Nepal Telecom,Winter Offer,faq,What is the latest offer from Nepal Telecom? What is the NTC winter offer 2082?,"Nepal Telecom regularly introduces seasonal and promotional offers. The Winter Offer 2082 (2025-2026) provides discounts on data packs, extra bonus data, and special combo packs for GSM Namaste subscribers during the winter season. Typical offer features: bonus data on recharge, discounted monthly packs, free SMS bundles with data packs. For exact offer details and validity: visit ntc.net.np/post/winter-offer-2082 or dial *1415# to see current promotions.",,
https://www.ntc.net.np/,Nepal Telecom,Online Recharge Portal,faq,What is the NTC online recharge portal? What services can be recharged online?,"Nepal Telecom's online recharge portal is at ntc.net.np/recharge. Services available for online recharge: GSM Namaste prepaid mobile, CDMA Skyphone prepaid, PSTN landline, FTTH internet. Payment methods: credit card, debit card, mobile banking, internet banking. You can also recharge another person's NTC number using this portal.",,
https://pinrecovery.ntc.net.np/,PIN Recovery - Nepal Telecom,Recharge PIN Recovery,faq,How do I recover a lost NTC recharge card PIN? What is NTC PIN recovery?,"If you lose or damage a Nepal Telecom recharge scratch card and cannot read the PIN, you can recover it at pinrecovery.ntc.net.np. Enter the card serial number (printed on the card) and your mobile number to retrieve the PIN. This service is free of charge.",,
https://www.ntc.net.np/,NT,General,paragraph,What information is available on NT?,EN English नेपाली Self Care Register Login Change Password Change Password,EN English नेपाली Self Care Register Login Change Password Change Password,"eSIM: https://esim.ntc.net.np | Career: https://www.ntc.net.np/post/new-career | Offers: https://www.ntc.net.np/post/summer-package | Offers: https://offer.ntc.net.np/ | Email: https://webmail.ntc.net.np/ | Click here for details: https://www.ntc.net.np/post/tiktok-pack | Know more: https://www.ntc.net.np/post/vowifi | Click to Watch Video: https://cms.ntc.net.np/storage/media/0KNgj0RenoZWNAJNcgqaOAuzTcD1NTL7OzluiqeH.mp4 | read more: https://www.ntc.net.np/tariff/ftth-tariff | read more: https://www.ntc.net.np/services/international-roaming | read more: https://groupsms.ntc.net.np/ | read more: https://www.ntc.net.np/post/audio-notice-board-service | Online Recharge: https://www.ntc.net.np/recharge | Recharge PIN Recovery: https://pinrecovery.ntc.net.np/ | Online GSM, PSTN, CDMA & LEASE LINE Bill: https://gsmbl.ntc.net.np | Career: https://www.ntc.net.np/post/new-career | eSIM: https://esim.ntc.net.np | Retirement Notice Portal: https://www.ntc.net.np/post/retirement-main-portal"
https://www.ntc.net.np/,NT,International Roaming,paragraph,What is the information about 'International Roaming' from NT?,SUBSCRIBE !!! Audio Notice Board Service,SUBSCRIBE !!! Audio Notice Board Service,"eSIM: https://esim.ntc.net.np | Career: https://www.ntc.net.np/post/new-career | Offers: https://www.ntc.net.np/post/summer-package | Offers: https://offer.ntc.net.np/ | Email: https://webmail.ntc.net.np/ | Click here for details: https://www.ntc.net.np/post/tiktok-pack | Know more: https://www.ntc.net.np/post/vowifi | Click to Watch Video: https://cms.ntc.net.np/storage/media/0KNgj0RenoZWNAJNcgqaOAuzTcD1NTL7OzluiqeH.mp4 | read more: https://www.ntc.net.np/tariff/ftth-tariff | read more: https://www.ntc.net.np/services/international-roaming | read more: https://groupsms.ntc.net.np/ | read more: https://www.ntc.net.np/post/audio-notice-board-service | Online Recharge: https://www.ntc.net.np/recharge | Recharge PIN Recovery: https://pinrecovery.ntc.net.np/ | Online GSM, PSTN, CDMA & LEASE LINE Bill: https://gsmbl.ntc.net.np | Career: https://www.ntc.net.np/post/new-career | eSIM: https://esim.ntc.net.np | Retirement Notice Portal: https://www.ntc.net.np/post/retirement-main-portal"
https://www.ntc.net.np/,NT,Self Care Account,paragraph,What is the information about 'Self Care Account' from NT?,Dont' have an account? Register Balance Transfer,Dont' have an account? Register Balance Transfer,"eSIM: https://esim.ntc.net.np | Career: https://www.ntc.net.np/post/new-career | Offers: https://www.ntc.net.np/post/summer-package | Offers: https://offer.ntc.net.np/ | Email: https://webmail.ntc.net.np/ | Click here for details: https://www.ntc.net.np/post/tiktok-pack | Know more: https://www.ntc.net.np/post/vowifi | Click to Watch Video: https://cms.ntc.net.np/storage/media/0KNgj0RenoZWNAJNcgqaOAuzTcD1NTL7OzluiqeH.mp4 | read more: https://www.ntc.net.np/tariff/ftth-tariff | read more: https://www.ntc.net.np/services/international-roaming | read more: https://groupsms.ntc.net.np/ | read more: https://www.ntc.net.np/post/audio-notice-board-service | Online Recharge: https://www.ntc.net.np/recharge | Recharge PIN Recovery: https://pinrecovery.ntc.net.np/ | Online GSM, PSTN, CDMA & LEASE LINE Bill: https://gsmbl.ntc.net.np | Career: https://www.ntc.net.np/post/new-career | eSIM: https://esim.ntc.net.np | Retirement Notice Portal: https://www.ntc.net.np/post/retirement-main-portal"
https://www.ntc.net.np/,NT,Recommended Packages,paragraph,What is the information about 'Recommended Packages' from NT?,"स्वत: प्रकाशन (Proactive Disclosure) New User Manual To Fill Online Vacancy New 18th AGM - Nepal Telecom New International Outgoing SMS New 17th AGM - Nepal Telecom New Corporate Social Responsibility PSTN Number Enquiry Online Recharge Recharge PIN Recovery Online GSM, PSTN, CDMA & LEASE LINE Bill Retirement Notice Portal 20th Anniversary Offer 20th Anniversary Offer 2080 16th AGM - Nepal Telecom Dashain Tihar Promotional Offer","स्वत: प्रकाशन (Proactive Disclosure) New User Manual To Fill Online Vacancy New 18th AGM - Nepal Telecom New International Outgoing SMS New 17th AGM - Nepal Telecom New Corporate Social Responsibility PSTN Number Enquiry Online Recharge Recharge PIN Recovery Online GSM, PSTN, CDMA & LEASE LINE Bill Retirement Notice Portal 20th Anniversary Offer 20th Anniversary Offer 2080 16th AGM - Nepal Telecom Dashain Tihar Promotional Offer","eSIM: https://esim.ntc.net.np | Career: https://www.ntc.net.np/post/new-career | Offers: https://www.ntc.net.np/post/summer-package | Offers: https://offer.ntc.net.np/ | Email: https://webmail.ntc.net.np/ | Click here for details: https://www.ntc.net.np/post/tiktok-pack | Know more: https://www.ntc.net.np/post/vowifi | Click to Watch Video: https://cms.ntc.net.np/storage/media/0KNgj0RenoZWNAJNcgqaOAuzTcD1NTL7OzluiqeH.mp4 | read more: https://www.ntc.net.np/tariff/ftth-tariff | read more: https://www.ntc.net.np/services/international-roaming | read more: https://groupsms.ntc.net.np/ | read more: https://www.ntc.net.np/post/audio-notice-board-service | Online Recharge: https://www.ntc.net.np/recharge | Recharge PIN Recovery: https://pinrecovery.ntc.net.np/ | Online GSM, PSTN, CDMA & LEASE LINE Bill: https://gsmbl.ntc.net.np | Career: https://www.ntc.net.np/post/new-career | eSIM: https://esim.ntc.net.np | Retirement Notice Portal: https://www.ntc.net.np/post/retirement-main-portal"
https://www.ntc.net.np/,NT,Online Recharge,paragraph,What is the information about 'Online Recharge' from NT?,"Mobile, Fixed Line, ADSL, FTTH, CDMA International Roaming SMS Based VAS Services Fiber To The Home - FTTH","Mobile, Fixed Line, ADSL, FTTH, CDMA International Roaming SMS Based VAS Services Fiber To The Home - FTTH","eSIM: https://esim.ntc.net.np | Career: https://www.ntc.net.np/post/new-career | Offers: https://www.ntc.net.np/post/summer-package | Offers: https://offer.ntc.net.np/ | Email: https://webmail.ntc.net.np/ | Click here for details: https://www.ntc.net.np/post/tiktok-pack | Know more: https://www.ntc.net.np/post/vowifi | Click to Watch Video: https://cms.ntc.net.np/storage/media/0KNgj0RenoZWNAJNcgqaOAuzTcD1NTL7OzluiqeH.mp4 | read more: https://www.ntc.net.np/tariff/ftth-tariff | read more: https://www.ntc.net.np/services/international-roaming | read more: https://groupsms.ntc.net.np/ | read more: https://www.ntc.net.np/post/audio-notice-board-service | Online Recharge: https://www.ntc.net.np/recharge | Recharge PIN Recovery: https://pinrecovery.ntc.net.np/ | Online GSM, PSTN, CDMA & LEASE LINE Bill: https://gsmbl.ntc.net.np | Career: https://www.ntc.net.np/post/new-career | eSIM: https://esim.ntc.net.np | Retirement Notice Portal: https://www.ntc.net.np/post/retirement-main-portal"
https://www.ntc.net.np/,NT,Informative Videos,paragraph,What is the information about 'Informative Videos' from NT?,SIM Subscription Process SIM Subscription Process,SIM Subscription Process SIM Subscription Process,"eSIM: https://esim.ntc.net.np | Career: https://www.ntc.net.np/post/new-career | Offers: https://www.ntc.net.np/post/summer-package | Offers: https://offer.ntc.net.np/ | Email: https://webmail.ntc.net.np/ | Click here for details: https://www.ntc.net.np/post/tiktok-pack | Know more: https://www.ntc.net.np/post/vowifi | Click to Watch Video: https://cms.ntc.net.np/storage/media/0KNgj0RenoZWNAJNcgqaOAuzTcD1NTL7OzluiqeH.mp4 | read more: https://www.ntc.net.np/tariff/ftth-tariff | read more: https://www.ntc.net.np/services/international-roaming | read more: https://groupsms.ntc.net.np/ | read more: https://www.ntc.net.np/post/audio-notice-board-service | Online Recharge: https://www.ntc.net.np/recharge | Recharge PIN Recovery: https://pinrecovery.ntc.net.np/ | Online GSM, PSTN, CDMA & LEASE LINE Bill: https://gsmbl.ntc.net.np | Career: https://www.ntc.net.np/post/new-career | eSIM: https://esim.ntc.net.np | Retirement Notice Portal: https://www.ntc.net.np/post/retirement-main-portal"
https://www.ntc.net.np/,NT,NT App Features,paragraph,What is the information about 'NT App Features' from NT?,Usage History Feature in NT App,Usage History Feature in NT App,"eSIM: https://esim.ntc.net.np | Career: https://www.ntc.net.np/post/new-career | Offers: https://www.ntc.net.np/post/summer-package | Offers: https://offer.ntc.net.np/ | Email: https://webmail.ntc.net.np/ | Click here for details: https://www.ntc.net.np/post/tiktok-pack | Know more: https://www.ntc.net.np/post/vowifi | Click to Watch Video: https://cms.ntc.net.np/storage/media/0KNgj0RenoZWNAJNcgqaOAuzTcD1NTL7OzluiqeH.mp4 | read more: https://www.ntc.net.np/tariff/ftth-tariff | read more: https://www.ntc.net.np/services/international-roaming | read more: https://groupsms.ntc.net.np/ | read more: https://www.ntc.net.np/post/audio-notice-board-service | Online Recharge: https://www.ntc.net.np/recharge | Recharge PIN Recovery: https://pinrecovery.ntc.net.np/ | Online GSM, PSTN, CDMA & LEASE LINE Bill: https://gsmbl.ntc.net.np | Career: https://www.ntc.net.np/post/new-career | eSIM: https://esim.ntc.net.np | Retirement Notice Portal: https://www.ntc.net.np/post/retirement-main-portal"
https://www.ntc.net.np/,NT,FTTH features in NT App,paragraph,What is the information about 'FTTH features in NT App' from NT?,Customer Complaint support in NT,Customer Complaint support in NT,"eSIM: https://esim.ntc.net.np | Career: https://www.ntc.net.np/post/new-career | Offers: https://www.ntc.net.np/post/summer-package | Offers: https://offer.ntc.net.np/ | Email: https://webmail.ntc.net.np/ | Click here for details: https://www.ntc.net.np/post/tiktok-pack | Know more: https://www.ntc.net.np/post/vowifi | Click to Watch Video: https://cms.ntc.net.np/storage/media/0KNgj0RenoZWNAJNcgqaOAuzTcD1NTL7OzluiqeH.mp4 | read more: https://www.ntc.net.np/tariff/ftth-tariff | read more: https://www.ntc.net.np/services/international-roaming | read more: https://groupsms.ntc.net.np/ | read more: https://www.ntc.net.np/post/audio-notice-board-service | Online Recharge: https://www.ntc.net.np/recharge | Recharge PIN Recovery: https://pinrecovery.ntc.net.np/ | Online GSM, PSTN, CDMA & LEASE LINE Bill: https://gsmbl.ntc.net.np | Career: https://www.ntc.net.np/post/new-career | eSIM: https://esim.ntc.net.np | Retirement Notice Portal: https://www.ntc.net.np/post/retirement-main-portal"
https://www.ntc.net.np/,NT,Customer SIM Information,paragraph,What is the information about 'Customer SIM Information' from NT?,Internation Roaming Activation process,Internation Roaming Activation process,"eSIM: https://esim.ntc.net.np | Career: https://www.ntc.net.np/post/new-career | Offers: https://www.ntc.net.np/post/summer-package | Offers: https://offer.ntc.net.np/ | Email: https://webmail.ntc.net.np/ | Click here for details: https://www.ntc.net.np/post/tiktok-pack | Know more: https://www.ntc.net.np/post/vowifi | Click to Watch Video: https://cms.ntc.net.np/storage/media/0KNgj0RenoZWNAJNcgqaOAuzTcD1NTL7OzluiqeH.mp4 | read more: https://www.ntc.net.np/tariff/ftth-tariff | read more: https://www.ntc.net.np/services/international-roaming | read more: https://groupsms.ntc.net.np/ | read more: https://www.ntc.net.np/post/audio-notice-board-service | Online Recharge: https://www.ntc.net.np/recharge | Recharge PIN Recovery: https://pinrecovery.ntc.net.np/ | Online GSM, PSTN, CDMA & LEASE LINE Bill: https://gsmbl.ntc.net.np | Career: https://www.ntc.net.np/post/new-career | eSIM: https://esim.ntc.net.np | Retirement Notice Portal: https://www.ntc.net.np/post/retirement-main-portal"
https://www.ntc.net.np/,NT,NTFTTH Router Alignment Video,paragraph,What is the information about 'NTFTTH Router Alignment Video' from NT?,"Nepal Telecom has always put its endeavors in providing its valued customers a quality service since its inception. To achieve this goal, technologies best meeting the interest of its customers have always been selected. The nationwide reach of the organization, from urban areas to the economically nonviable most remote locations, is the result of all these efforts that makes this organization different from others. Organization Structure Board of Directors Vision, Mission & Goal Nepal Telecom in Brief Annual General Meeting Telecom Smarika Financial Statements Prabandha Patra Karmachari Biniyamawali","Nepal Telecom has always put its endeavors in providing its valued customers a quality service since its inception. To achieve this goal, technologies best meeting the interest of its customers have always been selected. The nationwide reach of the organization, from urban areas to the economically nonviable most remote locations, is the result of all these efforts that makes this organization different from others. Organization Structure Board of Directors Vision, Mission & Goal Nepal Telecom in Brief Annual General Meeting Telecom Smarika Financial Statements Prabandha Patra Karmachari Biniyamawali","eSIM: https://esim.ntc.net.np | Career: https://www.ntc.net.np/post/new-career | Offers: https://www.ntc.net.np/post/summer-package | Offers: https://offer.ntc.net.np/ | Email: https://webmail.ntc.net.np/ | Click here for details: https://www.ntc.net.np/post/tiktok-pack | Know more: https://www.ntc.net.np/post/vowifi | Click to Watch Video: https://cms.ntc.net.np/storage/media/0KNgj0RenoZWNAJNcgqaOAuzTcD1NTL7OzluiqeH.mp4 | read more: https://www.ntc.net.np/tariff/ftth-tariff | read more: https://www.ntc.net.np/services/international-roaming | read more: https://groupsms.ntc.net.np/ | read more: https://www.ntc.net.np/post/audio-notice-board-service | Online Recharge: https://www.ntc.net.np/recharge | Recharge PIN Recovery: https://pinrecovery.ntc.net.np/ | Online GSM, PSTN, CDMA & LEASE LINE Bill: https://gsmbl.ntc.net.np | Career: https://www.ntc.net.np/post/new-career | eSIM: https://esim.ntc.net.np | Retirement Notice Portal: https://www.ntc.net.np/post/retirement-main-portal"
https://www.ntc.net.np/,NT,Join our Newsletters,paragraph,What is the information about 'Join our Newsletters' from NT?,Receive the latest news and exclusive offers © 2026 Nepal Telecom. All Rights Reserved. 4G/LTE Band Check,Receive the latest news and exclusive offers © 2026 Nepal Telecom. All Rights Reserved. 4G/LTE Band Check,"eSIM: https://esim.ntc.net.np | Career: https://www.ntc.net.np/post/new-career | Offers: https://www.ntc.net.np/post/summer-package | Offers: https://offer.ntc.net.np/ | Email: https://webmail.ntc.net.np/ | Click here for details: https://www.ntc.net.np/post/tiktok-pack | Know more: https://www.ntc.net.np/post/vowifi | Click to Watch Video: https://cms.ntc.net.np/storage/media/0KNgj0RenoZWNAJNcgqaOAuzTcD1NTL7OzluiqeH.mp4 | read more: https://www.ntc.net.np/tariff/ftth-tariff | read more: https://www.ntc.net.np/services/international-roaming | read more: https://groupsms.ntc.net.np/ | read more: https://www.ntc.net.np/post/audio-notice-board-service | Online Recharge: https://www.ntc.net.np/recharge | Recharge PIN Recovery: https://pinrecovery.ntc.net.np/ | Online GSM, PSTN, CDMA & LEASE LINE Bill: https://gsmbl.ntc.net.np | Career: https://www.ntc.net.np/post/new-career | eSIM: https://esim.ntc.net.np | Retirement Notice Portal: https://www.ntc.net.np/post/retirement-main-portal"
https://www.ntc.net.np/about-us,NT | About Us,General,paragraph,What information is available on NT | About Us?,"EN English नेपाली Self Care Register Login Change Password Change Password Organization Structure Board of Directors Vision, Mission & Goal Nepal Telecom in Brief Annual General Meeting Telecom Smarika Financial Statements Prabandha Patra Karmachari Biniyamawali In Nepal start of telecommunication service can be traced back to B.S. 1973. But formally telecom service was provided mainly after the establishment of MOHAN AKASHWANI in B.S. 2005. Later as per the plan formulated in the First National Five year plan (2012-2017), Telecommunication Department was established in B.S. 2016. To modernize the telecommunications services and to expand the services, during the third five-year plan (2023-2028), Telecommunication Department was converted into Telecommunications Development Board in B.S. 2026. After the enactment of the Communications Corporation Act 2028, it was formally established as a fully owned Government Corporation called Nepal Telecommunications Corporation in B.S. 2032 for the purpose of providing telecommunications services. After serving the nation for 29 years with great pride and a sense of accomplishment, Nepal Telecommunication Corporation was transformed into Nepal","EN English नेपाली Self Care Register Login Change Password Change Password Organization Structure Board of Directors Vision, Mission & Goal Nepal Telecom in Brief Annual General Meeting Telecom Smarika Financial Statements Prabandha Patra Karmachari Biniyamawali In Nepal start of telecommunication service can be traced back to B.S. 1973. But formally telecom service was provided mainly after the establishment of MOHAN AKASHWANI in B.S. 2005. Later as per the plan formulated in the First National Five year plan (2012-2017), Telecommunication Department was established in B.S. 2016. To modernize the telecommunications services and to expand the services, during the third five-year plan (2023-2028), Telecommunication Department was converted into Telecommunications Development Board in B.S. 2026. After the enactment of the Communications Corporation Act 2028, it was formally established as a fully owned Government Corporation called Nepal Telecommunications Corporation in B.S. 2032 for the purpose of providing telecommunications services. After serving the nation for 29 years with great pride and a sense of accomplishment, Nepal Telecommunication Corporation was transformed into Nepal",eSIM: https://esim.ntc.net.np | Career: https://www.ntc.net.np/post/new-career | Offers: https://www.ntc.net.np/post/summer-package | Offers: https://offer.ntc.net.np/ | Email: https://webmail.ntc.net.np/ | Read more about Proactive Disclosure by clicking here: https://www.ntc.net.np/post/proactive-disclosure
https://www.ntc.net.np/about-us,NT | About Us,Join our Newsletters,paragraph,What is the information about 'Join our Newsletters' from NT | About Us?,Receive the latest news and exclusive offers © 2026 Nepal Telecom. All Rights Reserved. 4G/LTE Band Check,Receive the latest news and exclusive offers © 2026 Nepal Telecom. All Rights Reserved. 4G/LTE Band Check,eSIM: https://esim.ntc.net.np | Career: https://www.ntc.net.np/post/new-career | Offers: https://www.ntc.net.np/post/summer-package | Offers: https://offer.ntc.net.np/ | Email: https://webmail.ntc.net.np/ | Read more about Proactive Disclosure by clicking here: https://www.ntc.net.np/post/proactive-disclosure
https://www.ntc.net.np/about-us/contact,NT | Contact,Table,table,What is the information about 'Table' from NT | Contact?,"Office of Chief Commercial Officer (CCO) Central Office, Doorsanchar Bhawan Bhadrakali Plaza, Kathmandu, Nepal. Phone: 977-1-4210106 Fax: 977-1-4258233 Email: ntc.cco@ntc.net.np | Office of Chief Operations Officer (COO) Central Office, Doorsanchar Bhawan Bhadrakali Plaza, Kathmandu, Nepal. Tel: 977-1-4210203 Email: coo@ntc.net.np | Office of Chief Technical Officer (CTO) Central Office, Doorsanchar Bhawan Bhadrakali Plaza, Kathmandu, Nepal. Tel: 977-1-4210105 Fax: 977-1-4210119 Email: cto.nsq@ntc.net.np","Office of Chief Commercial Officer (CCO) Central Office, Doorsanchar Bhawan Bhadrakali Plaza, Kathmandu, Nepal. Phone: 977-1-4210106 Fax: 977-1-4258233 Email: ntc.cco@ntc.net.np | Office of Chief Operations Officer (COO) Central Office, Doorsanchar Bhawan Bhadrakali Plaza, Kathmandu, Nepal. Tel: 977-1-4210203 Email: coo@ntc.net.np | Office of Chief Technical Officer (CTO) Central Office, Doorsanchar Bhawan Bhadrakali Plaza, Kathmandu, Nepal. Tel: 977-1-4210105 Fax: 977-1-4210119 Email: cto.nsq@ntc.net.np",
https://www.ntc.net.np/about-us/contact,NT | Contact,Table,table,What is the information about 'Table' from NT | Contact?,"Office of Chief Human Resource Officer (CHRO) Central Office, Doorsanchar Bhawan Bhadrakali Plaza, Kathmandu, Nepal. Tel: 977-1-4210107 | Office of Chief Financial Officer (CFO) Central Office, Doorsanchar Bhawan Bhadrakali Plaza, Kathmandu, Nepal. Tel: 977-1-4210104 | Information Technology Directorate (ITD) International Telephone Exchange Building Jawalakhel , Lalitpur, Nepal. Tel: 977-1-5446996 (Director's Office)","Office of Chief Human Resource Officer (CHRO) Central Office, Doorsanchar Bhawan Bhadrakali Plaza, Kathmandu, Nepal. Tel: 977-1-4210107 | Office of Chief Financial Officer (CFO) Central Office, Doorsanchar Bhawan Bhadrakali Plaza, Kathmandu, Nepal. Tel: 977-1-4210104 | Information Technology Directorate (ITD) International Telephone Exchange Building Jawalakhel , Lalitpur, Nepal. Tel: 977-1-5446996 (Director's Office)",
https://www.ntc.net.np/about-us/contact,NT | Contact,Table,table,What is the information about 'Table' from NT | Contact?,"International Service Department (ISD) Central Office, Doorsanchar Bhawan Bhadrakali Plaza, Kathmandu, Nepal. Tel: 977-1-4210352 Fax:977-1-4227260 Email: nt.isd@ntc.net.np | Civil Department Central Office, Doorsanchar Bhawan Bhadrakali Plaza, Kathmandu, Nepal. | Telecom Training and Research Center Barbarmahal, Kathmandu, Nepal. Tel: +977-1-5707817, 5707814 Fax: +977-1-5707823 email ID: ttc.training@ntc.net.np","International Service Department (ISD) Central Office, Doorsanchar Bhawan Bhadrakali Plaza, Kathmandu, Nepal. Tel: 977-1-4210352 Fax:977-1-4227260 Email: nt.isd@ntc.net.np | Civil Department Central Office, Doorsanchar Bhawan Bhadrakali Plaza, Kathmandu, Nepal. | Telecom Training and Research Center Barbarmahal, Kathmandu, Nepal. Tel: +977-1-5707817, 5707814 Fax: +977-1-5707823 email ID: ttc.training@ntc.net.np",
https://www.ntc.net.np/about-us/contact,NT | Contact,Table,table,What is the information about 'Table' from NT | Contact?,"Power Department Chhauni, Kathmandu, Nepal. Tel: 977 -1-4282377 Fax: 977- 1- 5902720 Email: ntc.power@ntc.net.np | Backbone Transmission Directorate Babarmahal, Kathmandu, Nepal. | Wireless Service Directorate Babarmahal, Kathmandu, Nepal.","Power Department Chhauni, Kathmandu, Nepal. Tel: 977 -1-4282377 Fax: 977- 1- 5902720 Email: ntc.power@ntc.net.np | Backbone Transmission Directorate Babarmahal, Kathmandu, Nepal. | Wireless Service Directorate Babarmahal, Kathmandu, Nepal.",
https://www.ntc.net.np/about-us/contact,NT | Contact,Table,table,What is the information about 'Table' from NT | Contact?,"NEPAL TELECOM Nepal Doorsanchar Company Limited Central Office, Bhadrakali Plaza, Kathmandu Nepal","NEPAL TELECOM Nepal Doorsanchar Company Limited Central Office, Bhadrakali Plaza, Kathmandu Nepal",
https://www.ntc.net.np/about-us/contact,NT | Contact,Table,table,What is the information about 'Table' from NT | Contact?,Brijesh Sharma Information Officer/ Nodal Officer Deputy Manager Phone: 01-4210283 Mobile : 9851314981 Email: info.nt@ntc.net.np | Prakash Chandra Sigdel Asst. Information Officer/ Asst. Nodal Officer Senior Business Officer Phone: 01-4210108 Mobile : 9851314982 Email : gunaso.nt@ntc.net.np,Brijesh Sharma Information Officer/ Nodal Officer Deputy Manager Phone: 01-4210283 Mobile : 9851314981 Email: info.nt@ntc.net.np | Prakash Chandra Sigdel Asst. Information Officer/ Asst. Nodal Officer Senior Business Officer Phone: 01-4210108 Mobile : 9851314982 Email : gunaso.nt@ntc.net.np,
https://www.ntc.net.np/about-us/contact,NT | Contact,Table,table,What is the information about 'Table' from NT | Contact?,Rabindra Manandhar Spokesperson (for media inquiry) (Manager) Phone: 01-4210204 Mobile: 98513 71415 | Prakshet Thapa Chhetri Joint Spokesperson (for media inquiry) (Deputy Manager) Phone: 01-4210296 Mobile: 98513 81415 Email: nt.spokesperson@ntc.net.np,Rabindra Manandhar Spokesperson (for media inquiry) (Manager) Phone: 01-4210204 Mobile: 98513 71415 | Prakshet Thapa Chhetri Joint Spokesperson (for media inquiry) (Deputy Manager) Phone: 01-4210296 Mobile: 98513 81415 Email: nt.spokesperson@ntc.net.np,
https://www.ntc.net.np/about-us/contact,NT | Contact,Table,table,What is the information about 'Table' from NT | Contact?,कार्यालयको नाम | पद | पदाधिकारीको नाम | सम्पर्क मोवाईल नम्बर | Office Land Line,कार्यालयको नाम | पद | पदाधिकारीको नाम | सम्पर्क मोवाईल नम्बर | Office Land Line,
https://www.ntc.net.np/about-us/contact,NT | Contact,Table,table,What is the information about 'Table' from NT | Contact?,"प्रादेशिक निर्देशनालय बिराटनगर, कोशी प्रदेश, बिराटनगर, मोरङ्ग। | निर्देशक | मिलन श्रेष्ठ | 9851106144 | 021-514444","प्रादेशिक निर्देशनालय बिराटनगर, कोशी प्रदेश, बिराटनगर, मोरङ्ग। | निर्देशक | मिलन श्रेष्ठ | 9851106144 | 021-514444",
https://www.ntc.net.np/about-us/contact,NT | Contact,Table,table,What is the information about 'Table' from NT | Contact?,सूचना अधिकारी/ गुनासो सुन्ने अधिकारी | गौरव थैब | 9851047799,सूचना अधिकारी/ गुनासो सुन्ने अधिकारी | गौरव थैब | 9851047799,
https://www.ntc.net.np/about-us/contact,NT | Contact,Table,table,What is the information about 'Table' from NT | Contact?,"दूर सञ्‍चार कार्यालय बिराटनगर, गहेली, बिराटनगर, मोरङ्ग । | कार्यालय प्रमुख | कमल भट्टराई | 9851004777 | 021-527757","दूर सञ्‍चार कार्यालय बिराटनगर, गहेली, बिराटनगर, मोरङ्ग । | कार्यालय प्रमुख | कमल भट्टराई | 9851004777 | 021-527757",
https://www.ntc.net.np/about-us/contact,NT | Contact,Table,table,What is the information about 'Table' from NT | Contact?,सूचना अधिकारी/गुनासो सुन्ने अधिकारी | समिर कुमार पौडेल | 9851106700,सूचना अधिकारी/गुनासो सुन्ने अधिकारी | समिर कुमार पौडेल | 9851106700,
https://www.ntc.net.np/about-us/contact,NT | Contact,Table,table,What is the information about 'Table' from NT | Contact?,"दूर सञ्‍चार कार्यालय ईलाम, हाकिम टोल, ईलाम । | कार्यालय प्रमुख | सुनिल सिंह | 9852026000 | 027-520444","दूर सञ्‍चार कार्यालय ईलाम, हाकिम टोल, ईलाम । | कार्यालय प्रमुख | सुनिल सिंह | 9852026000 | 027-520444",
https://www.ntc.net.np/about-us/contact,NT | Contact,Table,table,What is the information about 'Table' from NT | Contact?,सूचना अधिकारी/गुनासो सुन्ने अधिकारी | दिपक न्यौपाने | 9852674677,सूचना अधिकारी/गुनासो सुन्ने अधिकारी | दिपक न्यौपाने | 9852674677,
https://www.ntc.net.np/about-us/contact,NT | Contact,Table,table,What is the information about 'Table' from NT | Contact?,"दूर सञ्‍चार कार्यालय फिदिम, फिदिम न.पा.-04, घण्टाघर, पाँचथर । | कार्यालय प्रमुख | बिरेन्द्र चेमजोङ्ग | 9852681177 | 024-520444","दूर सञ्‍चार कार्यालय फिदिम, फिदिम न.पा.-04, घण्टाघर, पाँचथर । | कार्यालय प्रमुख | बिरेन्द्र चेमजोङ्ग | 9852681177 | 024-520444",
https://www.ntc.net.np/about-us/contact,NT | Contact,Table,table,What is the information about 'Table' from NT | Contact?,सूचना अधिकारी/गुनासो सुन्ने अधिकारी |  | ,सूचना अधिकारी/गुनासो सुन्ने अधिकारी |  | ,
https://www.ntc.net.np/about-us/contact,NT | Contact,Table,table,What is the information about 'Table' from NT | Contact?,"दूर सञ्‍चार कार्यालय ताप्लेजुङ्ग, फुङ्लिङ्ग न.पा.-05, विरेनचोक, ताप्लेजुङ्ग । | कार्यालय प्रमुख | भिम बहादुर कटुवाल | 9852024722 | 024-460444","दूर सञ्‍चार कार्यालय ताप्लेजुङ्ग, फुङ्लिङ्ग न.पा.-05, विरेनचोक, ताप्लेजुङ्ग । | कार्यालय प्रमुख | भिम बहादुर कटुवाल | 9852024722 | 024-460444",
https://www.ntc.net.np/about-us/contact,NT | Contact,Table,table,What is the information about 'Table' from NT | Contact?,सूचना अधिकारी/गुनासो सुन्ने अधिकारी |  |  | ,सूचना अधिकारी/गुनासो सुन्ने अधिकारी |  |  | ,
https://www.ntc.net.np/about-us/contact,NT | Contact,Table,table,What is the information about 'Table' from NT | Contact?,"दूर सञ्‍चार कार्यालय बिर्तामोड, कन्काई रोड विर्तामोड, झापा । | कार्यालय प्रमुख | सुमोदा नन्द चौधरी | 9852691010 | 023-540444","दूर सञ्‍चार कार्यालय बिर्तामोड, कन्काई रोड विर्तामोड, झापा । | कार्यालय प्रमुख | सुमोदा नन्द चौधरी | 9852691010 | 023-540444",
https://www.ntc.net.np/about-us/contact,NT | Contact,Table,table,What is the information about 'Table' from NT | Contact?,सूचना अधिकारी/गुनासो सुन्ने अधिकारी | भरत कुमार गुरागाई | 9852681000,सूचना अधिकारी/गुनासो सुन्ने अधिकारी | भरत कुमार गुरागाई | 9852681000,
https://www.ntc.net.np/about-us/contact,NT | Contact,Table,table,What is the information about 'Table' from NT | Contact?,"दूर सञ्‍चार कार्यालय भद्रपुर, भद्रपुर, झापा । | कार्यालय प्रमुख | दिपक सिवाकोटी | 9852691060 | 023-520444","दूर सञ्‍चार कार्यालय भद्रपुर, भद्रपुर, झापा । | कार्यालय प्रमुख | दिपक सिवाकोटी | 9852691060 | 023-520444",
https://www.ntc.net.np/about-us/contact,NT | Contact,Table,table,What is the information about 'Table' from NT | Contact?,"दूर सञ्‍चार कार्यालय दमक, नयाँवस्ती दूरसञ्‍चार मार्ग, झापा । | कार्यालय प्रमुख | निलेश कुमार सरदार | 9852026889 | 023-570444","दूर सञ्‍चार कार्यालय दमक, नयाँवस्ती दूरसञ्‍चार मार्ग, झापा । | कार्यालय प्रमुख | निलेश कुमार सरदार | 9852026889 | 023-570444",
https://www.ntc.net.np/about-us/contact,NT | Contact,Table,table,What is the information about 'Table' from NT | Contact?,सूचना अधिकारी/गुनासो सुन्ने अधिकारी | जमुना कार्की | 9852670377,सूचना अधिकारी/गुनासो सुन्ने अधिकारी | जमुना कार्की | 9852670377,
https://www.ntc.net.np/about-us/contact,NT | Contact,Table,table,What is the information about 'Table' from NT | Contact?,"दूर सञ्‍चार कार्यालय उर्लावारी, उर्लावारी न.पा.- 07 वरगाछी, मोरङ्ग । | कार्यालय प्रमुख | मदन प्रधान | 9851109876 | 021-540444","दूर सञ्‍चार कार्यालय उर्लावारी, उर्लावारी न.पा.- 07 वरगाछी, मोरङ्ग । | कार्यालय प्रमुख | मदन प्रधान | 9851109876 | 021-540444",
https://www.ntc.net.np/about-us/contact,NT | Contact,Table,table,What is the information about 'Table' from NT | Contact?,"दूर सञ्‍चार कार्यालय धनकुटा, सरस्वती चोक, धनकुटा । | कार्यालय प्रमुख | सुमन आचार्य | 9852025535 | 026-520444","दूर सञ्‍चार कार्यालय धनकुटा, सरस्वती चोक, धनकुटा । | कार्यालय प्रमुख | सुमन आचार्य | 9852025535 | 026-520444",
https://www.ntc.net.np/about-us/contact,NT | Contact,Table,table,What is the information about 'Table' from NT | Contact?,सूचना अधिकारी/गुनासो सुन्ने अधिकारी | सुशिल कुमार गुप्ता | 9851358841,सूचना अधिकारी/गुनासो सुन्ने अधिकारी | सुशिल कुमार गुप्ता | 9851358841,
https://www.ntc.net.np/about-us/contact,NT | Contact,Table,table,What is the information about 'Table' from NT | Contact?,"दूर सञ्‍चार कार्यालय खाँदवारी, खादवारी न.पा.-7, दूरसञ्‍चार डाँडा, संखुवासभा । | कार्यालय प्रमुख | प्रेम कुमार राई | 9852028202 | 029-560222","दूर सञ्‍चार कार्यालय खाँदवारी, खादवारी न.पा.-7, दूरसञ्‍चार डाँडा, संखुवासभा । | कार्यालय प्रमुख | प्रेम कुमार राई | 9852028202 | 029-560222",
https://www.ntc.net.np/about-us/contact,NT | Contact,Table,table,What is the information about 'Table' from NT | Contact?,"दूर सञ्‍चार कार्यालय भोजपुर, भोजपुर न.पा.-7, डाँडागाउँ, भोजपुर । | कार्यालय प्रमुख | भरोषी साह | 9852820555 | 029-420222","दूर सञ्‍चार कार्यालय भोजपुर, भोजपुर न.पा.-7, डाँडागाउँ, भोजपुर । | कार्यालय प्रमुख | भरोषी साह | 9852820555 | 029-420222",
https://www.ntc.net.np/about-us/contact,NT | Contact,Table,table,What is the information about 'Table' from NT | Contact?,"दूर सञ्‍चार कार्यालय तेह्रथुम, म्याङ्गलुङ्ग न.पा.-1, जि.प्र.का. टोल, तेह्रथुम । | कार्यालय प्रमुख | श्याम कुमार कठायत | 9852048300 | 026-460222","दूर सञ्‍चार कार्यालय तेह्रथुम, म्याङ्गलुङ्ग न.पा.-1, जि.प्र.का. टोल, तेह्रथुम । | कार्यालय प्रमुख | श्याम कुमार कठायत | 9852048300 | 026-460222",
https://www.ntc.net.np/about-us/contact,NT | Contact,Table,table,What is the information about 'Table' from NT | Contact?,"दूर सञ्‍चार कार्यालय ईटहरी, ईटहरी उ.म.न.पा., आईतबारे, सुनसरी । | कार्यालय प्रमुख | गौरब गौचन | 9851026610 | 025-580444","दूर सञ्‍चार कार्यालय ईटहरी, ईटहरी उ.म.न.पा., आईतबारे, सुनसरी । | कार्यालय प्रमुख | गौरब गौचन | 9851026610 | 025-580444",
https://www.ntc.net.np/about-us/contact,NT | Contact,Table,table,What is the information about 'Table' from NT | Contact?,सूचना अधिकारी/गुनासो सुन्ने अधिकारी | भोजराज कोइराला | 9852048999,सूचना अधिकारी/गुनासो सुन्ने अधिकारी | भोजराज कोइराला | 9852048999,
https://www.ntc.net.np/about-us/contact,NT | Contact,Table,table,What is the information about 'Table' from NT | Contact?,"दूर सञ्‍चार कार्यालय ईनरुवा, ईनरुवा नगरपालीका, सुनसरी । | कार्यालय प्रमुख | ओम प्रकाश प्रशैला यादव | 9852026071 | 025-565000","दूर सञ्‍चार कार्यालय ईनरुवा, ईनरुवा नगरपालीका, सुनसरी । | कार्यालय प्रमुख | ओम प्रकाश प्रशैला यादव | 9852026071 | 025-565000",
https://www.ntc.net.np/about-us/contact,NT | Contact,Table,table,What is the information about 'Table' from NT | Contact?,"दूर सञ्‍चार कार्यालय बिराटचोक, सुन्दर हरैचा नगरपालीका, मोरङ्ग । | कार्यालय प्रमुख | डिल्ली प्रसाद जमर्कटेल | 9852048345 | 021-545000","दूर सञ्‍चार कार्यालय बिराटचोक, सुन्दर हरैचा नगरपालीका, मोरङ्ग । | कार्यालय प्रमुख | डिल्ली प्रसाद जमर्कटेल | 9852048345 | 021-545000",
https://www.ntc.net.np/about-us/contact,NT | Contact,Table,table,What is the information about 'Table' from NT | Contact?,"दूर सञ्‍चार कार्यालय धरान, सुनसरी । | कार्यालय प्रमुख | चन्देश्वर प्रसाद साह | 9852021311 | 025-521000","दूर सञ्‍चार कार्यालय धरान, सुनसरी । | कार्यालय प्रमुख | चन्देश्वर प्रसाद साह | 9852021311 | 025-521000",
https://www.ntc.net.np/about-us/contact,NT | Contact,Table,table,What is the information about 'Table' from NT | Contact?,सूचना अधिकारी/गुनासो सुन्ने अधिकारी | गोपाल दङ्गाल | 9852054777,सूचना अधिकारी/गुनासो सुन्ने अधिकारी | गोपाल दङ्गाल | 9852054777,
https://www.ntc.net.np/about-us/contact,NT | Contact,Table,table,What is the information about 'Table' from NT | Contact?,"दूर सञ्‍चार कार्यालय गाईघाट, त्रियुगा न.पा.-10, वोक्से, उदयपुर । | कार्यालय प्रमुख | राम सेवक यादव | 9852026888 | 035-420444","दूर सञ्‍चार कार्यालय गाईघाट, त्रियुगा न.पा.-10, वोक्से, उदयपुर । | कार्यालय प्रमुख | राम सेवक यादव | 9852026888 | 035-420444",
https://www.ntc.net.np/about-us/contact,NT | Contact,Table,table,What is the information about 'Table' from NT | Contact?,"दूर सञ्‍चार कार्यालय ओखलढुङ्गा, रमाईलो डाँडा, सिद्धिचरण न.पा., ओखलढुङ्गा । | कार्यालय प्रमुख | राजु राना | 9851105422 | 037-520444","दूर सञ्‍चार कार्यालय ओखलढुङ्गा, रमाईलो डाँडा, सिद्धिचरण न.पा., ओखलढुङ्गा । | कार्यालय प्रमुख | राजु राना | 9851105422 | 037-520444",
https://www.ntc.net.np/about-us/contact,NT | Contact,Table,table,What is the information about 'Table' from NT | Contact?,सूचना अधिकारी/गुनासो सुन्ने अधिकारी | राम नाथ महर्जन | 9851029444,सूचना अधिकारी/गुनासो सुन्ने अधिकारी | राम नाथ महर्जन | 9851029444,
https://www.ntc.net.np/about-us/contact,NT | Contact,Table,table,What is the information about 'Table' from NT | Contact?,"दूर सञ्‍चार कार्यालय दिक्तेल, खोटाङ्ग । | कार्यालय प्रमुख | प्रकाश कुमार ढुंगाना | 9851099666 | 036-420444","दूर सञ्‍चार कार्यालय दिक्तेल, खोटाङ्ग । | कार्यालय प्रमुख | प्रकाश कुमार ढुंगाना | 9851099666 | 036-420444",
https://www.ntc.net.np/about-us/contact,NT | Contact,Table,table,What is the information about 'Table' from NT | Contact?,"दूर सञ्‍चार कार्यालय सोलु , सोलुखुम्बु । | कार्यालय प्रमुख | अर्जुन लागेजु | 9851108980 | 038-520222","दूर सञ्‍चार कार्यालय सोलु , सोलुखुम्बु । | कार्यालय प्रमुख | अर्जुन लागेजु | 9851108980 | 038-520222",
https://www.ntc.net.np/about-us/contact,NT | Contact,Table,table,What is the information about 'Table' from NT | Contact?,"प्रादेशिक निर्देशनालय बीरगञ्‍ज, मधेश प्रदेश , बीरगञ्‍ज, पर्सा । | निर्देशक | श्रीभद्र घिमिरे | 9855005151 | 051-522244","प्रादेशिक निर्देशनालय बीरगञ्‍ज, मधेश प्रदेश , बीरगञ्‍ज, पर्सा । | निर्देशक | श्रीभद्र घिमिरे | 9855005151 | 051-522244",
https://www.ntc.net.np/about-us/contact,NT | Contact,Table,table,What is the information about 'Table' from NT | Contact?,सूचना अधिकारी/गुनासो सुन्ने अधिकारी | अमित राज सत्याल | 9851110007,सूचना अधिकारी/गुनासो सुन्ने अधिकारी | अमित राज सत्याल | 9851110007,
https://www.ntc.net.np/about-us/contact,NT | Contact,Table,table,What is the information about 'Table' from NT | Contact?,"दूर सञ्‍चार कार्यालय बीरगञ्‍ज, बीरगञ्‍ज, पर्सा | कार्यालय प्रमुख | मनिष कुमार गुप्ता | 9851000112 | 051-527560","दूर सञ्‍चार कार्यालय बीरगञ्‍ज, बीरगञ्‍ज, पर्सा | कार्यालय प्रमुख | मनिष कुमार गुप्ता | 9851000112 | 051-527560",
https://www.ntc.net.np/about-us/contact,NT | Contact,Table,table,What is the information about 'Table' from NT | Contact?,सूचना अधिकारी/गुनासो सुन्ने अधिकारी | सुरेश लाल कर्ण | 9855020094,सूचना अधिकारी/गुनासो सुन्ने अधिकारी | सुरेश लाल कर्ण | 9855020094,
https://www.ntc.net.np/about-us/contact,NT | Contact,Table,table,What is the information about 'Table' from NT | Contact?,"दूर सञ्‍चार कार्यालय सिमरा, जितपुर सिमरा उ.म.न.पा. सिमरा, बारा | कार्यालय प्रमुख | राम गुलाम साह | 9855026122 | 053-520001","दूर सञ्‍चार कार्यालय सिमरा, जितपुर सिमरा उ.म.न.पा. सिमरा, बारा | कार्यालय प्रमुख | राम गुलाम साह | 9855026122 | 053-520001",
https://www.ntc.net.np/about-us/contact,NT | Contact,Table,table,What is the information about 'Table' from NT | Contact?,"दूर सञ्‍चार कार्यालय कलैया, कलैया न.पा., बारा । | कार्यालय प्रमुख | अमित कुमार साह | 9852036999 | 053-550244","दूर सञ्‍चार कार्यालय कलैया, कलैया न.पा., बारा । | कार्यालय प्रमुख | अमित कुमार साह | 9852036999 | 053-550244",
https://www.ntc.net.np/about-us/contact,NT | Contact,Table,table,What is the information about 'Table' from NT | Contact?,"दूर सञ्‍चार कार्यालय जनकपुर, जनकपुर, धनुषा । | कार्यालय प्रमुख | भुपेन्द्र झा | 9851000055 | 041-421005","दूर सञ्‍चार कार्यालय जनकपुर, जनकपुर, धनुषा । | कार्यालय प्रमुख | भुपेन्द्र झा | 9851000055 | 041-421005",
https://www.ntc.net.np/about-us/contact,NT | Contact,Table,table,What is the information about 'Table' from NT | Contact?,सूचना अधिकारी/गुनासो सुन्ने अधिकारी | श्रीनारायण यादव | 9851150284,सूचना अधिकारी/गुनासो सुन्ने अधिकारी | श्रीनारायण यादव | 9851150284,
https://www.ntc.net.np/about-us/contact,NT | Contact,Table,table,What is the information about 'Table' from NT | Contact?,"दूर सञ्‍चार कार्यालय बर्दिवास न.पा., महोत्तरी । | कार्यालय प्रमुख | योगेन्द्र यादव | 9854023555 | 044-550000","दूर सञ्‍चार कार्यालय बर्दिवास न.पा., महोत्तरी । | कार्यालय प्रमुख | योगेन्द्र यादव | 9854023555 | 044-550000",
https://www.ntc.net.np/about-us/contact,NT | Contact,Table,table,What is the information about 'Table' from NT | Contact?,सूचना अधिकारी/गुनासो सुन्ने अधिकारी | रविन्द्र कुमार यादव | 9854088008 | 044-550000,सूचना अधिकारी/गुनासो सुन्ने अधिकारी | रविन्द्र कुमार यादव | 9854088008 | 044-550000,
https://www.ntc.net.np/about-us/contact,NT | Contact,Table,table,What is the information about 'Table' from NT | Contact?,"दूर सञ्‍चार कार्यालय जलेश्वर, जलेश्वर न.पा., महोत्तरी । | कार्यालय प्रमुख | राजकिशोर चौधरी | 9854022222 | 044-520555","दूर सञ्‍चार कार्यालय जलेश्वर, जलेश्वर न.पा., महोत्तरी । | कार्यालय प्रमुख | राजकिशोर चौधरी | 9854022222 | 044-520555",
https://www.ntc.net.np/about-us/contact,NT | Contact,Table,table,What is the information about 'Table' from NT | Contact?,"दूर सञ्‍चार कार्यालय मलंगवा, मलंगवा न.पा.-9, टावर चोक, सर्लाही । | कार्यालय प्रमुख | शत्रुघन कुमार यादव | 9854036660 | 046-520160","दूर सञ्‍चार कार्यालय मलंगवा, मलंगवा न.पा.-9, टावर चोक, सर्लाही । | कार्यालय प्रमुख | शत्रुघन कुमार यादव | 9854036660 | 046-520160",
https://www.ntc.net.np/about-us/contact,NT | Contact,Table,table,What is the information about 'Table' from NT | Contact?,सूचना अधिकारी/गुनासो सुन्ने अधिकारी | मनिष कुमार महतो | 9851408456,सूचना अधिकारी/गुनासो सुन्ने अधिकारी | मनिष कुमार महतो | 9851408456,
https://www.ntc.net.np/about-us/contact,NT | Contact,Table,table,What is the information about 'Table' from NT | Contact?,"दूर सञ्‍चार कार्यालय हरिवन, हरिवन न.पा.-10, सुखेपोखरी, सर्लाही । | कार्यालय प्रमुख | मोहमद हसन अनसारी | 9854054444 | 046-653000","दूर सञ्‍चार कार्यालय हरिवन, हरिवन न.पा.-10, सुखेपोखरी, सर्लाही । | कार्यालय प्रमुख | मोहमद हसन अनसारी | 9854054444 | 046-653000",
https://www.ntc.net.np/about-us/contact,NT | Contact,Table,table,What is the information about 'Table' from NT | Contact?,सूचना अधिकारी/गुनासो सुन्ने अधिकारी | रोशन पटेल | 9851165188,सूचना अधिकारी/गुनासो सुन्ने अधिकारी | रोशन पटेल | 9851165188,
https://www.ntc.net.np/about-us/contact,NT | Contact,Table,table,What is the information about 'Table' from NT | Contact?,"दूर सञ्‍चार कार्यालय गौर, गौर न.पा.-5, लङ्का टोल, रौतहट । | कार्यालय प्रमुख | सुनिल कुमार सिंह | 9855020444 | 055-520222","दूर सञ्‍चार कार्यालय गौर, गौर न.पा.-5, लङ्का टोल, रौतहट । | कार्यालय प्रमुख | सुनिल कुमार सिंह | 9855020444 | 055-520222",
https://www.ntc.net.np/about-us/contact,NT | Contact,Table,table,What is the information about 'Table' from NT | Contact?,सूचना अधिकारी/गुनासो सुन्ने अधिकारी | पल्लवी गुप्ता | 9854075500,सूचना अधिकारी/गुनासो सुन्ने अधिकारी | पल्लवी गुप्ता | 9854075500,
https://www.ntc.net.np/about-us/contact,NT | Contact,Table,table,What is the information about 'Table' from NT | Contact?,"दूर सञ्‍चार कार्यालय लाहान, लाहान न.पा., सिराहा । | कार्यालय प्रमुख | उग्रकान्त झा | 9852031555 | 033-560444","दूर सञ्‍चार कार्यालय लाहान, लाहान न.पा., सिराहा । | कार्यालय प्रमुख | उग्रकान्त झा | 9852031555 | 033-560444",
https://www.ntc.net.np/about-us/contact,NT | Contact,Table,table,What is the information about 'Table' from NT | Contact?,सूचना अधिकारी/गुनासो सुन्ने अधिकारी | कपिल देव राय | 9852832456,सूचना अधिकारी/गुनासो सुन्ने अधिकारी | कपिल देव राय | 9852832456,
https://www.ntc.net.np/about-us/contact,NT | Contact,Table,table,What is the information about 'Table' from NT | Contact?,दूर सञ्‍चार कार्यालय सिराहा | कार्यालय प्रमुख | कारी यादव | 9852027520 | 033-520444,दूर सञ्‍चार कार्यालय सिराहा | कार्यालय प्रमुख | कारी यादव | 9852027520 | 033-520444,
https://www.ntc.net.np/about-us/contact,NT | Contact,Table,table,What is the information about 'Table' from NT | Contact?,"दूर सञ्‍चार कार्यालय राजविराज, कचहरी रोड राजविराज, सप्तरी । | कार्यालय प्रमुख | चन्दन कुमार कर्ण | 9854027999 | 031-520444","दूर सञ्‍चार कार्यालय राजविराज, कचहरी रोड राजविराज, सप्तरी । | कार्यालय प्रमुख | चन्दन कुमार कर्ण | 9854027999 | 031-520444",
https://www.ntc.net.np/about-us/contact,NT | Contact,Table,table,What is the information about 'Table' from NT | Contact?,सूचना अधिकारी/गुनासो सुन्ने अधिकारी | राम भरोष यादव | 9857850105,सूचना अधिकारी/गुनासो सुन्ने अधिकारी | राम भरोष यादव | 9857850105,
https://www.ntc.net.np/about-us/contact,NT | Contact,Table,table,What is the information about 'Table' from NT | Contact?,"प्रादेशिक निर्देशनालय काठमाडौँ, बागमती प्रदेश, काठमाडौँ । | निर्देशक | ईन्दल यादव | 9851029729 | 01-4231222","प्रादेशिक निर्देशनालय काठमाडौँ, बागमती प्रदेश, काठमाडौँ । | निर्देशक | ईन्दल यादव | 9851029729 | 01-4231222",
https://www.ntc.net.np/about-us/contact,NT | Contact,Table,table,What is the information about 'Table' from NT | Contact?,सूचना अधिकारी/गुनासो सुन्ने अधिकारी | पदम बहादुर चन्द | 9858750598,सूचना अधिकारी/गुनासो सुन्ने अधिकारी | पदम बहादुर चन्द | 9858750598,
https://www.ntc.net.np/about-us/contact,NT | Contact,Table,table,What is the information about 'Table' from NT | Contact?,दूर सञ्‍चार कार्यालय सून्धारा | कार्यालय प्रमुख | निर्मल राज चटौत | 9858421428 | 01-5700111,दूर सञ्‍चार कार्यालय सून्धारा | कार्यालय प्रमुख | निर्मल राज चटौत | 9858421428 | 01-5700111,
https://www.ntc.net.np/about-us/contact,NT | Contact,Table,table,What is the information about 'Table' from NT | Contact?,सूचना अधिकारी/गुनासो सुन्ने अधिकारी | भरत बन्धु पौडेल | 9851026333,सूचना अधिकारी/गुनासो सुन्ने अधिकारी | भरत बन्धु पौडेल | 9851026333,
https://www.ntc.net.np/about-us/contact,NT | Contact,Table,table,What is the information about 'Table' from NT | Contact?,दूर सञ्‍चार कार्यालय बबरमहल | कार्यालय प्रमुख | सुभाष साह | 9851352600 | 01-5707502,दूर सञ्‍चार कार्यालय बबरमहल | कार्यालय प्रमुख | सुभाष साह | 9851352600 | 01-5707502,
https://www.ntc.net.np/about-us/contact,NT | Contact,Table,table,What is the information about 'Table' from NT | Contact?,दूर सञ्‍चार कार्यालय नक्साल | कार्यालय प्रमुख | सन्तोष भण्डारी | 9851104988 | 01-4526900,दूर सञ्‍चार कार्यालय नक्साल | कार्यालय प्रमुख | सन्तोष भण्डारी | 9851104988 | 01-4526900,
https://www.ntc.net.np/about-us/contact,NT | Contact,Table,table,What is the information about 'Table' from NT | Contact?,सूचना अधिकारी/गुनासो सुन्ने अधिकारी | बिजय दाहाल | 9858427001,सूचना अधिकारी/गुनासो सुन्ने अधिकारी | बिजय दाहाल | 9858427001,
https://www.ntc.net.np/about-us/contact,NT | Contact,Table,table,What is the information about 'Table' from NT | Contact?,दूर सञ्‍चार कार्यालय चावहिल | कार्यालय प्रमुख | सुनिल कुमार मिश्र | 9851105127 | 01-4590490,दूर सञ्‍चार कार्यालय चावहिल | कार्यालय प्रमुख | सुनिल कुमार मिश्र | 9851105127 | 01-4590490,
https://www.ntc.net.np/about-us/contact,NT | Contact,Table,table,What is the information about 'Table' from NT | Contact?,सूचना अधिकारी/गुनासो सुन्ने अधिकारी | मुरारी प्रसाद ढुंगाना | 9851051052,सूचना अधिकारी/गुनासो सुन्ने अधिकारी | मुरारी प्रसाद ढुंगाना | 9851051052,
https://www.ntc.net.np/about-us/contact,NT | Contact,Table,table,What is the information about 'Table' from NT | Contact?,दूर सञ्‍चार कार्यालय जोरपाटी | कार्यालय प्रमुख | पंच कुमार साहु | 9851212563 | 01-4910011,दूर सञ्‍चार कार्यालय जोरपाटी | कार्यालय प्रमुख | पंच कुमार साहु | 9851212563 | 01-4910011,
https://www.ntc.net.np/about-us/contact,NT | Contact,Table,table,What is the information about 'Table' from NT | Contact?,दूर सञ्‍चार कार्यालय कपन | कार्यालय प्रमुख | उत्तम राजभण्डारी | 9851221416 | 01-4812555,दूर सञ्‍चार कार्यालय कपन | कार्यालय प्रमुख | उत्तम राजभण्डारी | 9851221416 | 01-4812555,
https://www.ntc.net.np/about-us/contact,NT | Contact,Table,table,What is the information about 'Table' from NT | Contact?,दूर सञ्‍चार कार्यालय ईन्द्रायणी | कार्यालय प्रमुख | बिनय बहादुर खड्का | 9851109296 | 01-4450000,दूर सञ्‍चार कार्यालय ईन्द्रायणी | कार्यालय प्रमुख | बिनय बहादुर खड्का | 9851109296 | 01-4450000,
https://www.ntc.net.np/about-us/contact,NT | Contact,Table,table,What is the information about 'Table' from NT | Contact?,"दूर सञ्‍चार कार्यालय पाटन, जावलाखेल, ललितपुर । | कार्यालय प्रमुख | सिता शरण दत्त | 9852020666 | 01-5435250","दूर सञ्‍चार कार्यालय पाटन, जावलाखेल, ललितपुर । | कार्यालय प्रमुख | सिता शरण दत्त | 9852020666 | 01-5435250",
https://www.ntc.net.np/about-us/contact,NT | Contact,Table,table,What is the information about 'Table' from NT | Contact?,सूचना अधिकारी/गुनासो सुन्ने अधिकारी | शकुन्तला पोखरेल | 9851023239,सूचना अधिकारी/गुनासो सुन्ने अधिकारी | शकुन्तला पोखरेल | 9851023239,
https://www.ntc.net.np/about-us/contact,NT | Contact,Table,table,What is the information about 'Table' from NT | Contact?,"दूर सञ्‍चार कार्यालय लुभु, ललितपुर । | कार्यालय प्रमुख | हरि कृष्ण श्रेष्ठ | 9851025467 | 01-5580001","दूर सञ्‍चार कार्यालय लुभु, ललितपुर । | कार्यालय प्रमुख | हरि कृष्ण श्रेष्ठ | 9851025467 | 01-5580001",
https://www.ntc.net.np/about-us/contact,NT | Contact,Table,table,What is the information about 'Table' from NT | Contact?,"दूर सञ्‍चार कार्यालय ठेचो, ललितपुर । | कार्यालय प्रमुख | जय नारायण साह | 9851357888 | 01-5570570","दूर सञ्‍चार कार्यालय ठेचो, ललितपुर । | कार्यालय प्रमुख | जय नारायण साह | 9851357888 | 01-5570570",
https://www.ntc.net.np/about-us/contact,NT | Contact,Table,table,What is the information about 'Table' from NT | Contact?,सूचना अधिकारी/गुनासो सुन्ने अधिकारी | पुजा भुषाल | 9851344771,सूचना अधिकारी/गुनासो सुन्ने अधिकारी | पुजा भुषाल | 9851344771,
https://www.ntc.net.np/about-us/contact,NT | Contact,Table,table,What is the information about 'Table' from NT | Contact?,"दूर सञ्‍चार कार्यालय सैंबु, ललितपुर । | कार्यालय प्रमुख | प्रकाश कुमार ढुंगाना | 9851099666 | 01-5592200","दूर सञ्‍चार कार्यालय सैंबु, ललितपुर । | कार्यालय प्रमुख | प्रकाश कुमार ढुंगाना | 9851099666 | 01-5592200",
https://www.ntc.net.np/about-us/contact,NT | Contact,Table,table,What is the information about 'Table' from NT | Contact?,"दूर सञ्‍चार कार्यालय छाउनी, काठमाडौँ | कार्यालय प्रमुख | संजय राज अधिकारी | 9851009426 | 01-5902930","दूर सञ्‍चार कार्यालय छाउनी, काठमाडौँ | कार्यालय प्रमुख | संजय राज अधिकारी | 9851009426 | 01-5902930",
https://www.ntc.net.np/about-us/contact,NT | Contact,Table,table,What is the information about 'Table' from NT | Contact?,सूचना अधिकारी/गुनासो सुन्ने अधिकारी | अरबिन्द लाल कर्ण | 9851134666,सूचना अधिकारी/गुनासो सुन्ने अधिकारी | अरबिन्द लाल कर्ण | 9851134666,
https://www.ntc.net.np/about-us/contact,NT | Contact,Table,table,What is the information about 'Table' from NT | Contact?,दूर सञ्‍चार कार्यालय किर्तिपुर | कार्यालय प्रमुख | बिकल कुमार श्रेष्ठ | 9851105008 | 01-4331380,दूर सञ्‍चार कार्यालय किर्तिपुर | कार्यालय प्रमुख | बिकल कुमार श्रेष्ठ | 9851105008 | 01-4331380,
https://www.ntc.net.np/about-us/contact,NT | Contact,Table,table,What is the information about 'Table' from NT | Contact?,दूर सञ्‍चार कार्यालय बलम्बु | कार्यालय प्रमुख | केर बहादुर बानिया | 9851313900 | 01-4312312,दूर सञ्‍चार कार्यालय बलम्बु | कार्यालय प्रमुख | केर बहादुर बानिया | 9851313900 | 01-4312312,
https://www.ntc.net.np/about-us/contact,NT | Contact,Table,table,What is the information about 'Table' from NT | Contact?,"दूर सञ्‍चार कार्यालय धादिङ्ग, धादिङ्गवेसी, धादिङ्ग । | कार्यालय प्रमुख | बिकास महर्जन | 9851078388 | 010-520102","दूर सञ्‍चार कार्यालय धादिङ्ग, धादिङ्गवेसी, धादिङ्ग । | कार्यालय प्रमुख | बिकास महर्जन | 9851078388 | 010-520102",
https://www.ntc.net.np/about-us/contact,NT | Contact,Table,table,What is the information about 'Table' from NT | Contact?,दूर सञ्‍चार कार्यालय गोंगबु | कार्यालय प्रमुख | बिनोद कुमार यादव | 9854024551 | 01-4954500,दूर सञ्‍चार कार्यालय गोंगबु | कार्यालय प्रमुख | बिनोद कुमार यादव | 9854024551 | 01-4954500,
https://www.ntc.net.np/about-us/contact,NT | Contact,Table,table,What is the information about 'Table' from NT | Contact?,सूचना अधिकारी/गुनासो सुन्ने अधिकारी | सरीता महर्जन | 9851105253,सूचना अधिकारी/गुनासो सुन्ने अधिकारी | सरीता महर्जन | 9851105253,
https://www.ntc.net.np/about-us/contact,NT | Contact,Table,table,What is the information about 'Table' from NT | Contact?,दूर सञ्‍चार कार्यालय हात्तिगौडा | कार्यालय प्रमुख | सन्तोष शर्मा | 9851131854 | 01-4370333,दूर सञ्‍चार कार्यालय हात्तिगौडा | कार्यालय प्रमुख | सन्तोष शर्मा | 9851131854 | 01-4370333,
https://www.ntc.net.np/about-us/contact,NT | Contact,Table,table,What is the information about 'Table' from NT | Contact?,सूचना अधिकारी/गुनासो सुन्ने अधिकारी | रेणुका पौडयाल लोहनी | 9851019101,सूचना अधिकारी/गुनासो सुन्ने अधिकारी | रेणुका पौडयाल लोहनी | 9851019101,
https://www.ntc.net.np/about-us/contact,NT | Contact,Table,table,What is the information about 'Table' from NT | Contact?,"दूर सञ्‍चार कार्यालय त्रिसुली, विदुर न.पा, नुवाकोट । | कार्यालय प्रमुख | बिष्णु प्रसाद भण्डारी | 9851113266 | 010-560066","दूर सञ्‍चार कार्यालय त्रिसुली, विदुर न.पा, नुवाकोट । | कार्यालय प्रमुख | बिष्णु प्रसाद भण्डारी | 9851113266 | 010-560066",
https://www.ntc.net.np/about-us/contact,NT | Contact,Table,table,What is the information about 'Table' from NT | Contact?,"दूर सञ्‍चार कार्यालय धुन्चे, गोसाईकुण्ड गाउँपालिका, धुन्चे, रसुवा । | कार्यालय प्रमुख | नारायण राज श्रेष्ठ | 9851012321 | 010-540222","दूर सञ्‍चार कार्यालय धुन्चे, गोसाईकुण्ड गाउँपालिका, धुन्चे, रसुवा । | कार्यालय प्रमुख | नारायण राज श्रेष्ठ | 9851012321 | 010-540222",
https://www.ntc.net.np/about-us/contact,NT | Contact,Table,table,What is the information about 'Table' from NT | Contact?,"दूर सञ्‍चार कार्यालय ठिमी, गठ्ठाघर, भक्तपुर । | कार्यालय प्रमुख | बिनोद कुमार यादव | 9855021444 | 01-6633600","दूर सञ्‍चार कार्यालय ठिमी, गठ्ठाघर, भक्तपुर । | कार्यालय प्रमुख | बिनोद कुमार यादव | 9855021444 | 01-6633600",
https://www.ntc.net.np/about-us/contact,NT | Contact,Table,table,What is the information about 'Table' from NT | Contact?,सूचना अधिकारी/गुनासो सुन्ने अधिकारी | उपेन्द्र बिलास पन्त | 9855060000,सूचना अधिकारी/गुनासो सुन्ने अधिकारी | उपेन्द्र बिलास पन्त | 9855060000,
https://www.ntc.net.np/about-us/contact,NT | Contact,Table,table,What is the information about 'Table' from NT | Contact?,"दूर सञ्‍चार कार्यालय भक्तपुर, , भक्तपुर | कार्यालय प्रमुख | ज्ञान नाथ सापकोटा | 9852024888 | 01-6610000","दूर सञ्‍चार कार्यालय भक्तपुर, , भक्तपुर | कार्यालय प्रमुख | ज्ञान नाथ सापकोटा | 9852024888 | 01-6610000",
https://www.ntc.net.np/about-us/contact,NT | Contact,Table,table,What is the information about 'Table' from NT | Contact?,सूचना अधिकारी/गुनासो सुन्ने अधिकारी | राजाराम सुवाल | 9851110519 | 01-6611001,सूचना अधिकारी/गुनासो सुन्ने अधिकारी | राजाराम सुवाल | 9851110519 | 01-6611001,
https://www.ntc.net.np/about-us/contact,NT | Contact,Table,table,What is the information about 'Table' from NT | Contact?,"दूर सञ्‍चार कार्यालय बनेपा, काभ्रेपलाञ्‍चोक । | कार्यालय प्रमुख | दिलिप ज्ञवाली | 9851050860 | 011-661200","दूर सञ्‍चार कार्यालय बनेपा, काभ्रेपलाञ्‍चोक । | कार्यालय प्रमुख | दिलिप ज्ञवाली | 9851050860 | 011-661200",
https://www.ntc.net.np/about-us/contact,NT | Contact,Table,table,What is the information about 'Table' from NT | Contact?,सूचना अधिकारी/गुनासो सुन्ने अधिकारी | शंख बहादुर चाकतु | 9851225675,सूचना अधिकारी/गुनासो सुन्ने अधिकारी | शंख बहादुर चाकतु | 9851225675,
https://www.ntc.net.np/about-us/contact,NT | Contact,Table,table,What is the information about 'Table' from NT | Contact?,"दूर सञ्‍चार कार्यालय चरिकोट, दोलखा । | कार्यालय प्रमुख | ओमकार श्रेष्ठ | 9851195455 | 049-421301","दूर सञ्‍चार कार्यालय चरिकोट, दोलखा । | कार्यालय प्रमुख | ओमकार श्रेष्ठ | 9851195455 | 049-421301",
https://www.ntc.net.np/about-us/contact,NT | Contact,Table,table,What is the information about 'Table' from NT | Contact?,"दूर सञ्‍चार कार्यालय चौतारा, सिन्धुपाल्चोक । | कार्यालय प्रमुख | बाबुजी पण्डित | 9851066330 | 011-620011","दूर सञ्‍चार कार्यालय चौतारा, सिन्धुपाल्चोक । | कार्यालय प्रमुख | बाबुजी पण्डित | 9851066330 | 011-620011",
https://www.ntc.net.np/about-us/contact,NT | Contact,Table,table,What is the information about 'Table' from NT | Contact?,"दूर सञ्‍चार कार्यालय मन्थली, रामेछाप । | कार्यालय प्रमुख | कबिराम थापा | 9851093709 | 048-540005","दूर सञ्‍चार कार्यालय मन्थली, रामेछाप । | कार्यालय प्रमुख | कबिराम थापा | 9851093709 | 048-540005",
https://www.ntc.net.np/about-us/contact,NT | Contact,Table,table,What is the information about 'Table' from NT | Contact?,"दूर सञ्‍चार कार्यालय सिन्धुली, सिन्धुली । | कार्यालय प्रमुख | नर बहादुर खड्का | 9851189333 | 047-520222","दूर सञ्‍चार कार्यालय सिन्धुली, सिन्धुली । | कार्यालय प्रमुख | नर बहादुर खड्का | 9851189333 | 047-520222",
https://www.ntc.net.np/about-us/contact,NT | Contact,Table,table,What is the information about 'Table' from NT | Contact?,दूर सञ्‍चार कार्यालय हेटौडा | कार्यालय प्रमुख | रबि मानन्धर | 9851020004 | 057-520704,दूर सञ्‍चार कार्यालय हेटौडा | कार्यालय प्रमुख | रबि मानन्धर | 9851020004 | 057-520704,
https://www.ntc.net.np/about-us/contact,NT | Contact,Table,table,What is the information about 'Table' from NT | Contact?,सूचना अधिकारी/गुनासो सुन्ने अधिकारी | दिपक खड्का | 9855000001,सूचना अधिकारी/गुनासो सुन्ने अधिकारी | दिपक खड्का | 9855000001,
https://www.ntc.net.np/about-us/contact,NT | Contact,Table,table,What is the information about 'Table' from NT | Contact?,दूर सञ्‍चार कार्यालय भरतपुर | कार्यालय प्रमुख | राकेश चौधरी | 9855000234 | 056-510234,दूर सञ्‍चार कार्यालय भरतपुर | कार्यालय प्रमुख | राकेश चौधरी | 9855000234 | 056-510234,
https://www.ntc.net.np/about-us/contact,NT | Contact,Table,table,What is the information about 'Table' from NT | Contact?,सूचना अधिकारी/गुनासो सुन्ने अधिकारी | चन्दन कुमार झा | 9851084568,सूचना अधिकारी/गुनासो सुन्ने अधिकारी | चन्दन कुमार झा | 9851084568,
https://www.ntc.net.np/about-us/contact,NT | Contact,Table,table,What is the information about 'Table' from NT | Contact?,दूर सञ्‍चार कार्यालय टाँडी | कार्यालय प्रमुख | दुर्गा प्रसाद सापकोटा | 9851111950 | 056-561144,दूर सञ्‍चार कार्यालय टाँडी | कार्यालय प्रमुख | दुर्गा प्रसाद सापकोटा | 9851111950 | 056-561144,
https://www.ntc.net.np/about-us/contact,NT | Contact,Table,table,What is the information about 'Table' from NT | Contact?,दूर सञ्‍चार कार्यालय पर्साखैरेनी | कार्यालय प्रमुख | रामचन्द्र तिवारी | 9851105510 | ,दूर सञ्‍चार कार्यालय पर्साखैरेनी | कार्यालय प्रमुख | रामचन्द्र तिवारी | 9851105510 | ,
https://www.ntc.net.np/about-us/contact,NT | Contact,Table,table,What is the information about 'Table' from NT | Contact?,"प्रादेशिक निर्देशनालय पोखरा, गण्डकी प्रदेश, पोखरा । | निर्देशक | बसन्त लिङ्थेप | 9851200666 | 061-533444","प्रादेशिक निर्देशनालय पोखरा, गण्डकी प्रदेश, पोखरा । | निर्देशक | बसन्त लिङ्थेप | 9851200666 | 061-533444",
https://www.ntc.net.np/about-us/contact,NT | Contact,Table,table,What is the information about 'Table' from NT | Contact?,सूचना अधिकारी/गुनासो सुन्ने अधिकारी | बिकासराज तिमिल्सिना | 9851109303,सूचना अधिकारी/गुनासो सुन्ने अधिकारी | बिकासराज तिमिल्सिना | 9851109303,
https://www.ntc.net.np/about-us/contact,NT | Contact,Table,table,What is the information about 'Table' from NT | Contact?,दूर सञ्‍चार कार्यालय पोखरा | कार्यालय प्रमुख | प्रेम राज ढुङ्गाना | 9851356200 | 061-570444,दूर सञ्‍चार कार्यालय पोखरा | कार्यालय प्रमुख | प्रेम राज ढुङ्गाना | 9851356200 | 061-570444,
https://www.ntc.net.np/about-us/contact,NT | Contact,Table,table,What is the information about 'Table' from NT | Contact?,सूचना अधिकारी/गुनासो सुन्ने अधिकारी | बिदुर वाग्ले | 9855039538,सूचना अधिकारी/गुनासो सुन्ने अधिकारी | बिदुर वाग्ले | 9855039538,
https://www.ntc.net.np/about-us/contact,NT | Contact,Table,table,What is the information about 'Table' from NT | Contact?,दूर सञ्‍चार कार्यालय गोरखा | कार्यालय प्रमुख | कमलापति भण्डारी | 9851136578 | 064-420244,दूर सञ्‍चार कार्यालय गोरखा | कार्यालय प्रमुख | कमलापति भण्डारी | 9851136578 | 064-420244,
https://www.ntc.net.np/about-us/contact,NT | Contact,Table,table,What is the information about 'Table' from NT | Contact?,दूर सञ्‍चार कार्यालय लम्जुङ्ग | कार्यालय प्रमुख | नवराज रेग्मी | 9856054111 | 066-520244,दूर सञ्‍चार कार्यालय लम्जुङ्ग | कार्यालय प्रमुख | नवराज रेग्मी | 9856054111 | 066-520244,
https://www.ntc.net.np/about-us/contact,NT | Contact,Table,table,What is the information about 'Table' from NT | Contact?,दूर सञ्‍चार कार्यालय स्याङ्गजा | कार्यालय प्रमुख | भरत लामिछाने | 9851033056 | 063-420444,दूर सञ्‍चार कार्यालय स्याङ्गजा | कार्यालय प्रमुख | भरत लामिछाने | 9851033056 | 063-420444,
https://www.ntc.net.np/about-us/contact,NT | Contact,Table,table,What is the information about 'Table' from NT | Contact?,दूर सञ्‍चार कार्यालय दमौली | कार्यालय प्रमुख | भीमसेन बिश्वकर्मा | 9851356300 | 065-560444,दूर सञ्‍चार कार्यालय दमौली | कार्यालय प्रमुख | भीमसेन बिश्वकर्मा | 9851356300 | 065-560444,
https://www.ntc.net.np/about-us/contact,NT | Contact,Table,table,What is the information about 'Table' from NT | Contact?,दूर सञ्‍चार कार्यालय मनाङ्ग | कार्यालय प्रमुख | निग्मा नितु लामा | 9856049999 | 066-440111,दूर सञ्‍चार कार्यालय मनाङ्ग | कार्यालय प्रमुख | निग्मा नितु लामा | 9856049999 | 066-440111,
https://www.ntc.net.np/about-us/contact,NT | Contact,Table,table,What is the information about 'Table' from NT | Contact?,दूर सञ्‍चार कार्यालय बाग्लुङ्ग | कार्यालय प्रमुख | कृष्ण बहादुर थापा | 9857028882 | 068-520444,दूर सञ्‍चार कार्यालय बाग्लुङ्ग | कार्यालय प्रमुख | कृष्ण बहादुर थापा | 9857028882 | 068-520444,
https://www.ntc.net.np/about-us/contact,NT | Contact,Table,table,What is the information about 'Table' from NT | Contact?,सूचना अधिकारी/गुनासो सुन्ने अधिकारी | केशव प्रसाद सापकोटा | 9857632555 | ,सूचना अधिकारी/गुनासो सुन्ने अधिकारी | केशव प्रसाद सापकोटा | 9857632555 | ,
https://www.ntc.net.np/about-us/contact,NT | Contact,Table,table,What is the information about 'Table' from NT | Contact?,"दूर सञ्‍चार कार्यालय बेनी, म्याग्दी | कार्यालय प्रमुख | युव राज पौडेल | 9851047311 | 069-520444","दूर सञ्‍चार कार्यालय बेनी, म्याग्दी | कार्यालय प्रमुख | युव राज पौडेल | 9851047311 | 069-520444",
https://www.ntc.net.np/about-us/contact,NT | Contact,Table,table,What is the information about 'Table' from NT | Contact?,"दूर सञ्‍चार कार्यालय कुश्मा, पर्वत | कार्यालय प्रमुख | कुमुद कुमार महतो | 9856029509 | 067-420444","दूर सञ्‍चार कार्यालय कुश्मा, पर्वत | कार्यालय प्रमुख | कुमुद कुमार महतो | 9856029509 | 067-420444",
https://www.ntc.net.np/about-us/contact,NT | Contact,Table,table,What is the information about 'Table' from NT | Contact?,"दूर सञ्‍चार कार्यालय जोमसोम, मुस्ताङ्ग | कार्यालय प्रमुख | हुम बहादुर भुजेल | 9856033000 | 069-440444","दूर सञ्‍चार कार्यालय जोमसोम, मुस्ताङ्ग | कार्यालय प्रमुख | हुम बहादुर भुजेल | 9856033000 | 069-440444",
https://www.ntc.net.np/about-us/contact,NT | Contact,Table,table,What is the information about 'Table' from NT | Contact?,दूर सञ्‍चार कार्यालय कावासोती | कार्यालय प्रमुख | निरोज घिमिरे | 9851185626 | 078-540166,दूर सञ्‍चार कार्यालय कावासोती | कार्यालय प्रमुख | निरोज घिमिरे | 9851185626 | 078-540166,
https://www.ntc.net.np/about-us/contact,NT | Contact,Table,table,What is the information about 'Table' from NT | Contact?,सूचना अधिकारी/गुनासो सुन्ने अधिकारी | कुल प्रसाद भुषाल | 9857028811,सूचना अधिकारी/गुनासो सुन्ने अधिकारी | कुल प्रसाद भुषाल | 9857028811,
https://www.ntc.net.np/about-us/contact,NT | Contact,Table,table,What is the information about 'Table' from NT | Contact?,"प्रादेशिक निर्देशनालय भैरहवा, लुम्बिनी प्रदेश, भैरहवा । | निर्देशक | हरि ढकाल | 9851037103 | 071-500001","प्रादेशिक निर्देशनालय भैरहवा, लुम्बिनी प्रदेश, भैरहवा । | निर्देशक | हरि ढकाल | 9851037103 | 071-500001",
https://www.ntc.net.np/about-us/contact,NT | Contact,Table,table,What is the information about 'Table' from NT | Contact?,सूचना अधिकारी/गुनासो सुन्ने अधिकारी | मनिष मल्लिक | 9851359555 | 071-500000,सूचना अधिकारी/गुनासो सुन्ने अधिकारी | मनिष मल्लिक | 9851359555 | 071-500000,
https://www.ntc.net.np/about-us/contact,NT | Contact,Table,table,What is the information about 'Table' from NT | Contact?,दूर सञ्‍चार कार्यालय भैरहवा | कार्यालय प्रमुख | उज्ज्वल मान सिंह बनिया | 9851014994 | 071-520102,दूर सञ्‍चार कार्यालय भैरहवा | कार्यालय प्रमुख | उज्ज्वल मान सिंह बनिया | 9851014994 | 071-520102,
https://www.ntc.net.np/about-us/contact,NT | Contact,Table,table,What is the information about 'Table' from NT | Contact?,सूचना अधिकारी/गुनासो सुन्ने अधिकारी | महेन्द्र प्रसाद धोवी | 9857045999,सूचना अधिकारी/गुनासो सुन्ने अधिकारी | महेन्द्र प्रसाद धोवी | 9857045999,
https://www.ntc.net.np/about-us/contact,NT | Contact,Table,table,What is the information about 'Table' from NT | Contact?,दूर सञ्‍चार कार्यालय मंगलापुर | कार्यालय प्रमुख | शंकर बि.क. | 9857028505 | 071-562102,दूर सञ्‍चार कार्यालय मंगलापुर | कार्यालय प्रमुख | शंकर बि.क. | 9857028505 | 071-562102,
https://www.ntc.net.np/about-us/contact,NT | Contact,Table,table,What is the information about 'Table' from NT | Contact?,दूर सञ्‍चार कार्यालय कृष्णनगर | कार्यालय प्रमुख | सन्तोष कुमार गुप्ता | 9857023977 | 076-520104,दूर सञ्‍चार कार्यालय कृष्णनगर | कार्यालय प्रमुख | सन्तोष कुमार गुप्ता | 9857023977 | 076-520104,
https://www.ntc.net.np/about-us/contact,NT | Contact,Table,table,What is the information about 'Table' from NT | Contact?,"दूर सञ्‍चार कार्यालय परासी, | कार्यालय प्रमुख | बेद प्रसाद ज्ञवाली | 9857028550 | 078-520101","दूर सञ्‍चार कार्यालय परासी, | कार्यालय प्रमुख | बेद प्रसाद ज्ञवाली | 9857028550 | 078-520101",
https://www.ntc.net.np/about-us/contact,NT | Contact,Table,table,What is the information about 'Table' from NT | Contact?,"दूर सञ्‍चार कार्यालय बुटवल, हाटबजार, बुटवल | कार्यालय प्रमुख | सुरेन्द्र प्रसाद श्रेष्ठ | 9857023512 | 071-530104, 071-533599, 071-530002","दूर सञ्‍चार कार्यालय बुटवल, हाटबजार, बुटवल | कार्यालय प्रमुख | सुरेन्द्र प्रसाद श्रेष्ठ | 9857023512 | 071-530104, 071-533599, 071-530002",
https://www.ntc.net.np/about-us/contact,NT | Contact,Table,table,What is the information about 'Table' from NT | Contact?,सूचना अधिकारी/गुनासो सुन्ने अधिकारी | शुसिल अधिकारी | 9857010599,सूचना अधिकारी/गुनासो सुन्ने अधिकारी | शुसिल अधिकारी | 9857010599,
https://www.ntc.net.np/about-us/contact,NT | Contact,Table,table,What is the information about 'Table' from NT | Contact?,दूर सञ्‍चार कार्यालय पाल्पा | कार्यालय प्रमुख | हेमन्त कुमार लाल कर्ण | 9857018444 | 075-520101,दूर सञ्‍चार कार्यालय पाल्पा | कार्यालय प्रमुख | हेमन्त कुमार लाल कर्ण | 9857018444 | 075-520101,
https://www.ntc.net.np/about-us/contact,NT | Contact,Table,table,What is the information about 'Table' from NT | Contact?,सूचना अधिकारी/गुनासो सुन्ने अधिकारी | भुपती तिवारी | 9857060777,सूचना अधिकारी/गुनासो सुन्ने अधिकारी | भुपती तिवारी | 9857060777,
https://www.ntc.net.np/about-us/contact,NT | Contact,Table,table,What is the information about 'Table' from NT | Contact?,दूर सञ्‍चार कार्यालय तम्घास | कार्यालय प्रमुख | योगेन्द्र कुमार भुषाल | 9857023744 | 079-520101,दूर सञ्‍चार कार्यालय तम्घास | कार्यालय प्रमुख | योगेन्द्र कुमार भुषाल | 9857023744 | 079-520101,
https://www.ntc.net.np/about-us/contact,NT | Contact,Table,table,What is the information about 'Table' from NT | Contact?,सूचना अधिकारी/गुनासो सुन्ने अधिकारी | शंकर सुबेदी | 9857060595,सूचना अधिकारी/गुनासो सुन्ने अधिकारी | शंकर सुबेदी | 9857060595,
https://www.ntc.net.np/about-us/contact,NT | Contact,Table,table,What is the information about 'Table' from NT | Contact?,दूर सञ्‍चार कार्यालय सन्धिखर्क | कार्यालय प्रमुख | वृष्वध्वज कुमार उपाध्याय | 9857622222 | 077-420101,दूर सञ्‍चार कार्यालय सन्धिखर्क | कार्यालय प्रमुख | वृष्वध्वज कुमार उपाध्याय | 9857622222 | 077-420101,
https://www.ntc.net.np/about-us/contact,NT | Contact,Table,table,What is the information about 'Table' from NT | Contact?,"दूर सञ्‍चार कार्यालय तुलसीपुर, दाङ्ग | कार्यालय प्रमुख | प्रविण कुमार चौधरी | 9851160987 | 082-520888","दूर सञ्‍चार कार्यालय तुलसीपुर, दाङ्ग | कार्यालय प्रमुख | प्रविण कुमार चौधरी | 9851160987 | 082-520888",
https://www.ntc.net.np/about-us/contact,NT | Contact,Table,table,What is the information about 'Table' from NT | Contact?,सूचना अधिकारी/गुनासो सुन्ने अधिकारी | दिपक घर्ती | 9857821333 | ,सूचना अधिकारी/गुनासो सुन्ने अधिकारी | दिपक घर्ती | 9857821333 | ,
https://www.ntc.net.np/about-us/contact,NT | Contact,Table,table,What is the information about 'Table' from NT | Contact?,दूर सञ्‍चार कार्यालय प्युठान | कार्यालय प्रमुख | कृष्ण कुमार श्रेष्ठ | 9857836777 | 086-420044,दूर सञ्‍चार कार्यालय प्युठान | कार्यालय प्रमुख | कृष्ण कुमार श्रेष्ठ | 9857836777 | 086-420044,
https://www.ntc.net.np/about-us/contact,NT | Contact,Table,table,What is the information about 'Table' from NT | Contact?,दूर सञ्‍चार कार्यालय रोल्पा | कार्यालय प्रमुख | कैलाश आचार्य | 9858024567 | 086-440111,दूर सञ्‍चार कार्यालय रोल्पा | कार्यालय प्रमुख | कैलाश आचार्य | 9858024567 | 086-440111,
https://www.ntc.net.np/about-us/contact,NT | Contact,Table,table,What is the information about 'Table' from NT | Contact?,दूर सञ्‍चार कार्यालय पूर्व रुकुम (रुकुमकोट) | कार्यालय प्रमुख | झुपलाल वली | 9851344343 | 088-413000,दूर सञ्‍चार कार्यालय पूर्व रुकुम (रुकुमकोट) | कार्यालय प्रमुख | झुपलाल वली | 9851344343 | 088-413000,
https://www.ntc.net.np/about-us/contact,NT | Contact,Table,table,What is the information about 'Table' from NT | Contact?,"दूर सञ्‍चार कार्यालय नेपालगञ्‍ज, अस्पताल रोड, नेपालगञ्‍ज | कार्यालय प्रमुख | निरज राजबंशी | 9858003999 | 081-530333","दूर सञ्‍चार कार्यालय नेपालगञ्‍ज, अस्पताल रोड, नेपालगञ्‍ज | कार्यालय प्रमुख | निरज राजबंशी | 9858003999 | 081-530333",
https://www.ntc.net.np/about-us/contact,NT | Contact,Table,table,What is the information about 'Table' from NT | Contact?,सूचना अधिकारी/गुनासो सुन्ने अधिकारी | मुक्ती नाथ ज्ञवाली | 9858022999,सूचना अधिकारी/गुनासो सुन्ने अधिकारी | मुक्ती नाथ ज्ञवाली | 9858022999,
https://www.ntc.net.np/about-us/contact,NT | Contact,Table,table,What is the information about 'Table' from NT | Contact?,दूर सञ्‍चार कार्यालय गुलरिया | कार्यालय प्रमुख | जित राज श्रेष्ठ | 9858023699 | 084-420244,दूर सञ्‍चार कार्यालय गुलरिया | कार्यालय प्रमुख | जित राज श्रेष्ठ | 9858023699 | 084-420244,
https://www.ntc.net.np/about-us/contact,NT | Contact,Table,table,What is the information about 'Table' from NT | Contact?,"दूर सञ्‍चार कार्यालय, घोराही | कार्यालय प्रमुख | शुसिल चौधरी | 9857815444 | 082-560044","दूर सञ्‍चार कार्यालय, घोराही | कार्यालय प्रमुख | शुसिल चौधरी | 9857815444 | 082-560044",
https://www.ntc.net.np/about-us/contact,NT | Contact,Table,table,What is the information about 'Table' from NT | Contact?,सूचना अधिकारी/गुनासो सुन्ने अधिकारी | सुरेश कुमार शर्मा | 9857831566 | 082-560474,सूचना अधिकारी/गुनासो सुन्ने अधिकारी | सुरेश कुमार शर्मा | 9857831566 | 082-560474,
https://www.ntc.net.np/about-us/contact,NT | Contact,Table,table,What is the information about 'Table' from NT | Contact?,"प्रादेशिक निर्देशनालय सुर्खेत, कर्णाली प्रदेश, विरेन्द्रनगर न.पा., सुर्खेत । | निर्देशक | निरन जोशी | 9851032778 | 083-590501","प्रादेशिक निर्देशनालय सुर्खेत, कर्णाली प्रदेश, विरेन्द्रनगर न.पा., सुर्खेत । | निर्देशक | निरन जोशी | 9851032778 | 083-590501",
https://www.ntc.net.np/about-us/contact,NT | Contact,Table,table,What is the information about 'Table' from NT | Contact?,सूचना अधिकारी/गुनासो सुन्ने अधिकारी | जीवन न्यौपाने | 9858027100,सूचना अधिकारी/गुनासो सुन्ने अधिकारी | जीवन न्यौपाने | 9858027100,
https://www.ntc.net.np/about-us/contact,NT | Contact,Table,table,What is the information about 'Table' from NT | Contact?,दूर सञ्‍चार कार्यालय सुर्खेत | कार्यालय प्रमुख | सुष्मा गौतम | 9851254566 | 083-520444,दूर सञ्‍चार कार्यालय सुर्खेत | कार्यालय प्रमुख | सुष्मा गौतम | 9851254566 | 083-520444,
https://www.ntc.net.np/about-us/contact,NT | Contact,Table,table,What is the information about 'Table' from NT | Contact?,सूचना अधिकारी/गुनासो सुन्ने अधिकारी | प्रेम कुमार गिरी | 9767877000,सूचना अधिकारी/गुनासो सुन्ने अधिकारी | प्रेम कुमार गिरी | 9767877000,
https://www.ntc.net.np/about-us/contact,NT | Contact,Table,table,What is the information about 'Table' from NT | Contact?,दूर सञ्‍चार कार्यालय कालिकोट | कार्यालय प्रमुख | प्रेम सिंह बिष्ट | 9858051155 | 087-440044,दूर सञ्‍चार कार्यालय कालिकोट | कार्यालय प्रमुख | प्रेम सिंह बिष्ट | 9858051155 | 087-440044,
https://www.ntc.net.np/about-us/contact,NT | Contact,Table,table,What is the information about 'Table' from NT | Contact?,दूर सञ्‍चार कार्यालय जुम्ला | कार्यालय प्रमुख | पारस पुजारा | 9851408207 | ,दूर सञ्‍चार कार्यालय जुम्ला | कार्यालय प्रमुख | पारस पुजारा | 9851408207 | ,
https://www.ntc.net.np/about-us/contact,NT | Contact,Table,table,What is the information about 'Table' from NT | Contact?,दूर सञ्‍चार कार्यालय दैलेख | कार्यालय प्रमुख | शिव प्रसाद आचार्य | 9858053333 | 089-420444,दूर सञ्‍चार कार्यालय दैलेख | कार्यालय प्रमुख | शिव प्रसाद आचार्य | 9858053333 | 089-420444,
https://www.ntc.net.np/about-us/contact,NT | Contact,Table,table,What is the information about 'Table' from NT | Contact?,दूर सञ्‍चार कार्यालय जाजरकोट | कार्यालय प्रमुख | गोपाल जङ्ग साह | 9851072949 | 089-430044,दूर सञ्‍चार कार्यालय जाजरकोट | कार्यालय प्रमुख | गोपाल जङ्ग साह | 9851072949 | 089-430044,
https://www.ntc.net.np/about-us/contact,NT | Contact,Table,table,What is the information about 'Table' from NT | Contact?,दूर सञ्‍चार कार्यालय डोल्पा (दुनै) | कार्यालय प्रमुख | दया बिक्रम के.सी. | 9858023133 | 087-550001,दूर सञ्‍चार कार्यालय डोल्पा (दुनै) | कार्यालय प्रमुख | दया बिक्रम के.सी. | 9858023133 | 087-550001,
https://www.ntc.net.np/about-us/contact,NT | Contact,Table,table,What is the information about 'Table' from NT | Contact?,दूर सञ्‍चार कार्यालय मुगु (गमगढी) | कार्यालय प्रमुख | उमेश चौधरी | 9851358975 | 087-460022,दूर सञ्‍चार कार्यालय मुगु (गमगढी) | कार्यालय प्रमुख | उमेश चौधरी | 9851358975 | 087-460022,
https://www.ntc.net.np/about-us/contact,NT | Contact,Table,table,What is the information about 'Table' from NT | Contact?,दूर सञ्‍चार कार्यालय हुम्ला (सिमिकोट) | कार्यालय प्रमुख | रिन्जी आन्मु लामा | 9851044164 | 087-680044,दूर सञ्‍चार कार्यालय हुम्ला (सिमिकोट) | कार्यालय प्रमुख | रिन्जी आन्मु लामा | 9851044164 | 087-680044,
https://www.ntc.net.np/about-us/contact,NT | Contact,Table,table,What is the information about 'Table' from NT | Contact?,दूर सञ्‍चार कार्यालय सल्यान (खलङ्गा) | कार्यालय प्रमुख | कृष्ण बहादुर महतो | 9855022477 | 088-520100,दूर सञ्‍चार कार्यालय सल्यान (खलङ्गा) | कार्यालय प्रमुख | कृष्ण बहादुर महतो | 9855022477 | 088-520100,
https://www.ntc.net.np/about-us/contact,NT | Contact,Table,table,What is the information about 'Table' from NT | Contact?,दूर सञ्‍चार कार्यालय पश्चिम रुकुम (मुसीकोट) | कार्यालय प्रमुख | कृष्ण प्रसाद शर्मा | 9857821166 | 088-530111,दूर सञ्‍चार कार्यालय पश्चिम रुकुम (मुसीकोट) | कार्यालय प्रमुख | कृष्ण प्रसाद शर्मा | 9857821166 | 088-530111,
https://www.ntc.net.np/about-us/contact,NT | Contact,Table,table,What is the information about 'Table' from NT | Contact?,"प्रादेशिक निर्देशनालय अत्तरिया, सुदूर पश्चिम प्रदेश, धनगढी । | निर्देशक | द्रर्वेन्द्र कुमार चौधरी | 9851068333 | 091-550667","प्रादेशिक निर्देशनालय अत्तरिया, सुदूर पश्चिम प्रदेश, धनगढी । | निर्देशक | द्रर्वेन्द्र कुमार चौधरी | 9851068333 | 091-550667",
https://www.ntc.net.np/about-us/contact,NT | Contact,Table,table,What is the information about 'Table' from NT | Contact?,सूचना अधिकारी/गुनासो सुन्ने अधिकारी | आशिस बाटाजु | 9851132400,सूचना अधिकारी/गुनासो सुन्ने अधिकारी | आशिस बाटाजु | 9851132400,
https://www.ntc.net.np/about-us/contact,NT | Contact,Table,table,What is the information about 'Table' from NT | Contact?,दूर सञ्‍चार कार्यालय धनगढी | कार्यालय प्रमुख | सुरत बहादुर मल्ल | 9858477171 | 091-521107,दूर सञ्‍चार कार्यालय धनगढी | कार्यालय प्रमुख | सुरत बहादुर मल्ल | 9858477171 | 091-521107,
https://www.ntc.net.np/about-us/contact,NT | Contact,Table,table,What is the information about 'Table' from NT | Contact?,दूर सञ्‍चार कार्यालय महेन्द्रनगर | कार्यालय प्रमुख | प्रकाश राज भट्ट | 9858422004 | 099-523888,दूर सञ्‍चार कार्यालय महेन्द्रनगर | कार्यालय प्रमुख | प्रकाश राज भट्ट | 9858422004 | 099-523888,
https://www.ntc.net.np/about-us/contact,NT | Contact,Table,table,What is the information about 'Table' from NT | Contact?,सूचना अधिकारी/गुनासो सुन्ने अधिकारी | कविन्द्र बहादुर चन्द | 9858750655,सूचना अधिकारी/गुनासो सुन्ने अधिकारी | कविन्द्र बहादुर चन्द | 9858750655,
https://www.ntc.net.np/about-us/contact,NT | Contact,Table,table,What is the information about 'Table' from NT | Contact?,दूर सञ्‍चार कार्यालय डडेल्धुरा | कार्यालय प्रमुख | बिष्णु राज भण्डारी | 9851104840 | 096-420108,दूर सञ्‍चार कार्यालय डडेल्धुरा | कार्यालय प्रमुख | बिष्णु राज भण्डारी | 9851104840 | 096-420108,
https://www.ntc.net.np/about-us/contact,NT | Contact,Table,table,What is the information about 'Table' from NT | Contact?,सूचना अधिकारी/गुनासो सुन्ने अधिकारी | बिरेन्द्र सिंह थापा | 9858426229 | 096-420936,सूचना अधिकारी/गुनासो सुन्ने अधिकारी | बिरेन्द्र सिंह थापा | 9858426229 | 096-420936,
https://www.ntc.net.np/about-us/contact,NT | Contact,Table,table,What is the information about 'Table' from NT | Contact?,दूर सञ्‍चार कार्यालय अछाम (मंगलसेन) | कार्यालय प्रमुख | कमल बहादुर बि.क | 9858487948 | 097-620108,दूर सञ्‍चार कार्यालय अछाम (मंगलसेन) | कार्यालय प्रमुख | कमल बहादुर बि.क | 9858487948 | 097-620108,
https://www.ntc.net.np/about-us/contact,NT | Contact,Table,table,What is the information about 'Table' from NT | Contact?,दूर सञ्‍चार कार्यालय वैतडी | कार्यालय प्रमुख | नारायण दत्त भट्ट | 9858423545 | 095-520107,दूर सञ्‍चार कार्यालय वैतडी | कार्यालय प्रमुख | नारायण दत्त भट्ट | 9858423545 | 095-520107,
https://www.ntc.net.np/about-us/contact,NT | Contact,Table,table,What is the information about 'Table' from NT | Contact?,दूर सञ्‍चार कार्यालय बझाङ्ग | कार्यालय प्रमुख | बम बहादुर सिंह | 9858488520 | 092-421001,दूर सञ्‍चार कार्यालय बझाङ्ग | कार्यालय प्रमुख | बम बहादुर सिंह | 9858488520 | 092-421001,
https://www.ntc.net.np/about-us/contact,NT | Contact,Table,table,What is the information about 'Table' from NT | Contact?,दूर सञ्‍चार कार्यालय बाजुरा | कार्यालय प्रमुख | इश्वर बहादुर सिंह | 9851408198 | 097-541108,दूर सञ्‍चार कार्यालय बाजुरा | कार्यालय प्रमुख | इश्वर बहादुर सिंह | 9851408198 | 097-541108,
https://www.ntc.net.np/about-us/contact,NT | Contact,Table,table,What is the information about 'Table' from NT | Contact?,दूर सञ्‍चार कार्यालय दार्चुला | कार्यालय प्रमुख | कृष्ण बहादुर गरुङ्ग | 9858422246 | 093-420108,दूर सञ्‍चार कार्यालय दार्चुला | कार्यालय प्रमुख | कृष्ण बहादुर गरुङ्ग | 9858422246 | 093-420108,
https://www.ntc.net.np/about-us/contact,NT | Contact,Table,table,What is the information about 'Table' from NT | Contact?,"दूर सञ्‍चार कार्यालय दिपायल, डोटी | कार्यालय प्रमुख | महेश रावल | 9858753717 | 094-440333","दूर सञ्‍चार कार्यालय दिपायल, डोटी | कार्यालय प्रमुख | महेश रावल | 9858753717 | 094-440333",
https://www.ntc.net.np/about-us/contact,NT | Contact,Table,table,What is the information about 'Table' from NT | Contact?,"दूर सञ्‍चार कार्यालय सिलगढी , डोटी | कार्यालय प्रमुख |  |  | 094-420333","दूर सञ्‍चार कार्यालय सिलगढी , डोटी | कार्यालय प्रमुख |  |  | 094-420333",
https://www.ntc.net.np/about-us/contact,NT | Contact,Table,table,What is the information about 'Table' from NT | Contact?,Provincial Directorate Biratnagar | 021-514444 | 021-574444,Provincial Directorate Biratnagar | 021-514444 | 021-574444,
https://www.ntc.net.np/about-us/contact,NT | Contact,Table,table,What is the information about 'Table' from NT | Contact?,Provincial Directorate Birgunj | 051-533244 | ,Provincial Directorate Birgunj | 051-533244 | ,
https://www.ntc.net.np/about-us/contact,NT | Contact,Table,table,What is the information about 'Table' from NT | Contact?,Provincial Directorate Kathmandu | 01-4229114 | 01-4246992,Provincial Directorate Kathmandu | 01-4229114 | 01-4246992,
https://www.ntc.net.np/about-us/contact,NT | Contact,Table,table,What is the information about 'Table' from NT | Contact?,Provincial Directorate Gandaki | 061-533444 | 061-533999,Provincial Directorate Gandaki | 061-533444 | 061-533999,
https://www.ntc.net.np/about-us/contact,NT | Contact,Table,table,What is the information about 'Table' from NT | Contact?,Provincial Directorate Bhairahawa | 071-500030 | 071-500027,Provincial Directorate Bhairahawa | 071-500030 | 071-500027,
https://www.ntc.net.np/about-us/contact,NT | Contact,Table,table,What is the information about 'Table' from NT | Contact?,Provincial Directorate Surkhet | 083-590501 | ,Provincial Directorate Surkhet | 083-590501 | ,
https://www.ntc.net.np/about-us/contact,NT | Contact,Table,table,What is the information about 'Table' from NT | Contact?,Provincial Directorate Attariya | 091-550222 | 091-551033,Provincial Directorate Attariya | 091-550222 | 091-551033,
https://www.ntc.net.np/about-us/contact,NT | Contact,Table,table,What is the information about 'Table' from NT | Contact?,Pokhara Office | 061-570000 | 061-573000,Pokhara Office | 061-570000 | 061-573000,
https://www.ntc.net.np/about-us/contact,NT | Contact,Table,table,What is the information about 'Table' from NT | Contact?,Hetauda Office | 057-520704 | 057-520000,Hetauda Office | 057-520704 | 057-520000,
https://www.ntc.net.np/about-us/contact,NT | Contact,Table,table,What is the information about 'Table' from NT | Contact?,"Bharatpur Office | 056-596303, 056-596325, | 056-520511","Bharatpur Office | 056-596303, 056-596325, | 056-520511",
https://www.ntc.net.np/about-us/contact,NT | Contact,Table,table,What is the information about 'Table' from NT | Contact?,"Tandi, Parsa, Sauraha | 056-560122 | ","Tandi, Parsa, Sauraha | 056-560122 | ",
https://www.ntc.net.np/about-us/contact,NT | Contact,Table,table,What is the information about 'Table' from NT | Contact?,Birtamod Office | 023-540444 | 023-542444,Birtamod Office | 023-540444 | 023-542444,
https://www.ntc.net.np/about-us/contact,NT | Contact,Table,table,What is the information about 'Table' from NT | Contact?,Butwal Office | 071-540104 | 071-540600,Butwal Office | 071-540104 | 071-540600,
https://www.ntc.net.np/about-us/contact,NT | Contact,Table,table,What is the information about 'Table' from NT | Contact?,Dhangadhi | 091-521107 | 091-522222,Dhangadhi | 091-521107 | 091-522222,
https://www.ntc.net.np/about-us/contact,NT | Contact,Table,table,What is the information about 'Table' from NT | Contact?,Surkhet | 083-520444 | 083-522444,Surkhet | 083-520444 | 083-522444,
https://www.ntc.net.np/about-us/contact,NT | Contact,Table,table,What is the information about 'Table' from NT | Contact?,Banepa | 011-661200 | 011661222,Banepa | 011-661200 | 011661222,
https://www.ntc.net.np/about-us/contact,NT | Contact,Table,table,What is the information about 'Table' from NT | Contact?,Palpa | 075-520101 | 075-520555,Palpa | 075-520101 | 075-520555,
https://www.ntc.net.np/about-us/contact,NT | Contact,Table,table,What is the information about 'Table' from NT | Contact?,NT Shisuwa (Pokhara) | 061-560333 | ,NT Shisuwa (Pokhara) | 061-560333 | ,
https://www.ntc.net.np/about-us/contact,NT | Contact,Table,table,What is the information about 'Table' from NT | Contact?,"Itahari, Sunsari | 025-476444 | ","Itahari, Sunsari | 025-476444 | ",
https://www.ntc.net.np/about-us/contact,NT | Contact,Table,table,What is the information about 'Table' from NT | Contact?,"Hariwon, Sarlahi | 046-530666 | ","Hariwon, Sarlahi | 046-530666 | ",
https://www.ntc.net.np/about-us/contact,NT | Contact,Table,table,What is the information about 'Table' from NT | Contact?,"Janakpur, Dhanusha | 041-520009 | ","Janakpur, Dhanusha | 041-520009 | ",
https://www.ntc.net.np/about-us/contact,NT | Contact,Table,table,What is the information about 'Table' from NT | Contact?,"Hetauda, Makwanpur | 057-527000 | ","Hetauda, Makwanpur | 057-527000 | ",
https://www.ntc.net.np/about-us/contact,NT | Contact,Table,table,What is the information about 'Table' from NT | Contact?,"Bharatpur, Chitwan | 056-520104 | ","Bharatpur, Chitwan | 056-520104 | ",
https://www.ntc.net.np/about-us/contact,NT | Contact,Table,table,What is the information about 'Table' from NT | Contact?,"Butwal, Rupandehi | 071-550902 | ","Butwal, Rupandehi | 071-550902 | ",
https://www.ntc.net.np/about-us/contact,NT | Contact,Table,table,What is the information about 'Table' from NT | Contact?,"Nepalganj, Banke | 081-551688 | ","Nepalganj, Banke | 081-551688 | ",
https://www.ntc.net.np/about-us/contact,NT | Contact,Table,table,What is the information about 'Table' from NT | Contact?,"Surkhet, Surkhet | 083-523101 | ","Surkhet, Surkhet | 083-523101 | ",
https://www.ntc.net.np/about-us/contact,NT | Contact,Table,table,What is the information about 'Table' from NT | Contact?,"Dhangadhi, Kailali | 091-522003 | ","Dhangadhi, Kailali | 091-522003 | ",
https://www.ntc.net.np/about-us/contact,NT | Contact,General,paragraph,What information is available on NT | Contact?,"EN English नेपाली Self Care Register Login Change Password Change Password Organization Structure Board of Directors Vision, Mission & Goal Nepal Telecom in Brief Annual General Meeting Telecom Smarika Financial Statements Prabandha Patra Karmachari Biniyamawali","EN English नेपाली Self Care Register Login Change Password Change Password Organization Structure Board of Directors Vision, Mission & Goal Nepal Telecom in Brief Annual General Meeting Telecom Smarika Financial Statements Prabandha Patra Karmachari Biniyamawali",eSIM: https://esim.ntc.net.np | Career: https://www.ntc.net.np/post/new-career | Offers: https://www.ntc.net.np/post/summer-package | Offers: https://offer.ntc.net.np/ | Email: https://webmail.ntc.net.np/
https://www.ntc.net.np/about-us/contact,NT | Contact,Service-Related Query and Complaints,paragraph,What is the information about 'Service-Related Query and Complaints' from NT | Contact?,"A) Available via Customer Care 1) Dial 1498: GSM Service related query and complaint registration 2) Dial 197: PSTN Number Inquiry B) Available via IVR 1) Dial 198: PSTN, ADSL & FTTH Service related query and complaint registration 2) Dial 188: VOIP Call Complain 3) Dial 1606: PSTN Bill Inquiry 4) Dial 1607: GSM PUK Inquiry","A) Available via Customer Care 1) Dial 1498: GSM Service related query and complaint registration 2) Dial 197: PSTN Number Inquiry B) Available via IVR 1) Dial 198: PSTN, ADSL & FTTH Service related query and complaint registration 2) Dial 188: VOIP Call Complain 3) Dial 1606: PSTN Bill Inquiry 4) Dial 1607: GSM PUK Inquiry",eSIM: https://esim.ntc.net.np | Career: https://www.ntc.net.np/post/new-career | Offers: https://www.ntc.net.np/post/summer-package | Offers: https://offer.ntc.net.np/ | Email: https://webmail.ntc.net.np/
https://www.ntc.net.np/about-us/contact,NT | Contact,Office of Chief Commercial Officer (CCO),paragraph,What is the information about 'Office of Chief Commercial Officer (CCO)' from NT | Contact?,"Central Office, Doorsanchar Bhawan Bhadrakali Plaza, Kathmandu, Nepal. Phone: 977-1-4210106 Fax: 977-1-4258233 Email: ntc.cco@ntc.net.np","Central Office, Doorsanchar Bhawan Bhadrakali Plaza, Kathmandu, Nepal. Phone: 977-1-4210106 Fax: 977-1-4258233 Email: ntc.cco@ntc.net.np",eSIM: https://esim.ntc.net.np | Career: https://www.ntc.net.np/post/new-career | Offers: https://www.ntc.net.np/post/summer-package | Offers: https://offer.ntc.net.np/ | Email: https://webmail.ntc.net.np/
https://www.ntc.net.np/about-us/contact,NT | Contact,Office of Chief Operations Officer (COO),paragraph,What is the information about 'Office of Chief Operations Officer (COO)' from NT | Contact?,"Central Office, Doorsanchar Bhawan Bhadrakali Plaza, Kathmandu, Nepal. Tel: 977-1-4210203 Email: coo@ntc.net.np","Central Office, Doorsanchar Bhawan Bhadrakali Plaza, Kathmandu, Nepal. Tel: 977-1-4210203 Email: coo@ntc.net.np",eSIM: https://esim.ntc.net.np | Career: https://www.ntc.net.np/post/new-career | Offers: https://www.ntc.net.np/post/summer-package | Offers: https://offer.ntc.net.np/ | Email: https://webmail.ntc.net.np/
https://www.ntc.net.np/about-us/contact,NT | Contact,Office of Chief Technical Officer (CTO),paragraph,What is the information about 'Office of Chief Technical Officer (CTO)' from NT | Contact?,"Central Office, Doorsanchar Bhawan Bhadrakali Plaza, Kathmandu, Nepal. Tel: 977-1-4210105 Fax: 977-1-4210119 Email: cto.nsq@ntc.net.np","Central Office, Doorsanchar Bhawan Bhadrakali Plaza, Kathmandu, Nepal. Tel: 977-1-4210105 Fax: 977-1-4210119 Email: cto.nsq@ntc.net.np",eSIM: https://esim.ntc.net.np | Career: https://www.ntc.net.np/post/new-career | Offers: https://www.ntc.net.np/post/summer-package | Offers: https://offer.ntc.net.np/ | Email: https://webmail.ntc.net.np/
https://www.ntc.net.np/about-us/contact,NT | Contact,Office of Chief Human Resource Officer (CHRO),paragraph,What is the information about 'Office of Chief Human Resource Officer (CHRO)' from NT | Contact?,"Central Office, Doorsanchar Bhawan Bhadrakali Plaza, Kathmandu, Nepal. Tel: 977-1-4210107","Central Office, Doorsanchar Bhawan Bhadrakali Plaza, Kathmandu, Nepal. Tel: 977-1-4210107",eSIM: https://esim.ntc.net.np | Career: https://www.ntc.net.np/post/new-career | Offers: https://www.ntc.net.np/post/summer-package | Offers: https://offer.ntc.net.np/ | Email: https://webmail.ntc.net.np/
https://www.ntc.net.np/about-us/contact,NT | Contact,Office of Chief Financial Officer (CFO),paragraph,What is the information about 'Office of Chief Financial Officer (CFO)' from NT | Contact?,"Central Office, Doorsanchar Bhawan Bhadrakali Plaza, Kathmandu, Nepal. Tel: 977-1-4210104","Central Office, Doorsanchar Bhawan Bhadrakali Plaza, Kathmandu, Nepal. Tel: 977-1-4210104",eSIM: https://esim.ntc.net.np | Career: https://www.ntc.net.np/post/new-career | Offers: https://www.ntc.net.np/post/summer-package | Offers: https://offer.ntc.net.np/ | Email: https://webmail.ntc.net.np/
https://www.ntc.net.np/about-us/contact,NT | Contact,Information Technology Directorate (ITD),paragraph,What is the information about 'Information Technology Directorate (ITD)' from NT | Contact?,"International Telephone Exchange Building Jawalakhel , Lalitpur, Nepal. Tel: 977-1-5446996 (Director's Office)","International Telephone Exchange Building Jawalakhel , Lalitpur, Nepal. Tel: 977-1-5446996 (Director's Office)",eSIM: https://esim.ntc.net.np | Career: https://www.ntc.net.np/post/new-career | Offers: https://www.ntc.net.np/post/summer-package | Offers: https://offer.ntc.net.np/ | Email: https://webmail.ntc.net.np/
https://www.ntc.net.np/about-us/contact,NT | Contact,International Service Department (ISD),paragraph,What is the information about 'International Service Department (ISD)' from NT | Contact?,"Central Office, Doorsanchar Bhawan Bhadrakali Plaza, Kathmandu, Nepal. Tel: 977-1-4210352 Fax:977-1-4227260 Email: nt.isd@ntc.net.np","Central Office, Doorsanchar Bhawan Bhadrakali Plaza, Kathmandu, Nepal. Tel: 977-1-4210352 Fax:977-1-4227260 Email: nt.isd@ntc.net.np",eSIM: https://esim.ntc.net.np | Career: https://www.ntc.net.np/post/new-career | Offers: https://www.ntc.net.np/post/summer-package | Offers: https://offer.ntc.net.np/ | Email: https://webmail.ntc.net.np/
https://www.ntc.net.np/about-us/contact,NT | Contact,Civil Department,paragraph,What is the information about 'Civil Department' from NT | Contact?,"Central Office, Doorsanchar Bhawan Bhadrakali Plaza, Kathmandu, Nepal. Nepal Doorsanchar Company Limited Central Office, Bhadrakali Plaza, Kathmandu Nepal Information Officer/ Nodal Officer Deputy Manager Phone: 01-4210283 Mobile : 9851314981 Email: info.nt@ntc.net.np","Central Office, Doorsanchar Bhawan Bhadrakali Plaza, Kathmandu, Nepal. Nepal Doorsanchar Company Limited Central Office, Bhadrakali Plaza, Kathmandu Nepal Information Officer/ Nodal Officer Deputy Manager Phone: 01-4210283 Mobile : 9851314981 Email: info.nt@ntc.net.np",eSIM: https://esim.ntc.net.np | Career: https://www.ntc.net.np/post/new-career | Offers: https://www.ntc.net.np/post/summer-package | Offers: https://offer.ntc.net.np/ | Email: https://webmail.ntc.net.np/
https://www.ntc.net.np/about-us/contact,NT | Contact,Prakash Chandra Sigdel,paragraph,What is the information about 'Prakash Chandra Sigdel' from NT | Contact?,Asst. Information Officer/ Asst. Nodal Officer Senior Business Officer Phone: 01-4210108 Mobile : 9851314982 Email : gunaso.nt@ntc.net.np,Asst. Information Officer/ Asst. Nodal Officer Senior Business Officer Phone: 01-4210108 Mobile : 9851314982 Email : gunaso.nt@ntc.net.np,eSIM: https://esim.ntc.net.np | Career: https://www.ntc.net.np/post/new-career | Offers: https://www.ntc.net.np/post/summer-package | Offers: https://offer.ntc.net.np/ | Email: https://webmail.ntc.net.np/
https://www.ntc.net.np/about-us/contact,NT | Contact,Rabindra Manandhar,paragraph,What is the information about 'Rabindra Manandhar' from NT | Contact?,Spokesperson (for media inquiry) (Manager) Phone: 01-4210204 Mobile: 98513 71415,Spokesperson (for media inquiry) (Manager) Phone: 01-4210204 Mobile: 98513 71415,eSIM: https://esim.ntc.net.np | Career: https://www.ntc.net.np/post/new-career | Offers: https://www.ntc.net.np/post/summer-package | Offers: https://offer.ntc.net.np/ | Email: https://webmail.ntc.net.np/
https://www.ntc.net.np/about-us/contact,NT | Contact,Prakshet Thapa Chhetri,paragraph,What is the information about 'Prakshet Thapa Chhetri' from NT | Contact?,Joint Spokesperson (for media inquiry) (Deputy Manager) Phone: 01-4210296 Mobile: 98513 81415 Email: nt.spokesperson@ntc.net.np,Joint Spokesperson (for media inquiry) (Deputy Manager) Phone: 01-4210296 Mobile: 98513 81415 Email: nt.spokesperson@ntc.net.np,eSIM: https://esim.ntc.net.np | Career: https://www.ntc.net.np/post/new-career | Offers: https://www.ntc.net.np/post/summer-package | Offers: https://offer.ntc.net.np/ | Email: https://webmail.ntc.net.np/
https://www.ntc.net.np/about-us/contact,NT | Contact,Join our Newsletters,paragraph,What is the information about 'Join our Newsletters' from NT | Contact?,Receive the latest news and exclusive offers © 2026 Nepal Telecom. All Rights Reserved. 4G/LTE Band Check,Receive the latest news and exclusive offers © 2026 Nepal Telecom. All Rights Reserved. 4G/LTE Band Check,eSIM: https://esim.ntc.net.np | Career: https://www.ntc.net.np/post/new-career | Offers: https://www.ntc.net.np/post/summer-package | Offers: https://offer.ntc.net.np/ | Email: https://webmail.ntc.net.np/
https://www.ntc.net.np/about-us/milestones,NT | Milestones,General,paragraph,What information is available on NT | Milestones?,"EN English नेपाली Self Care Register Login Change Password Change Password Organization Structure Board of Directors Vision, Mission & Goal Nepal Telecom in Brief Annual General Meeting Telecom Smarika Financial Statements Prabandha Patra Karmachari Biniyamawali VoWiFi launched","EN English नेपाली Self Care Register Login Change Password Change Password Organization Structure Board of Directors Vision, Mission & Goal Nepal Telecom in Brief Annual General Meeting Telecom Smarika Financial Statements Prabandha Patra Karmachari Biniyamawali VoWiFi launched",eSIM: https://esim.ntc.net.np | Career: https://www.ntc.net.np/post/new-career | Offers: https://www.ntc.net.np/post/summer-package | Offers: https://offer.ntc.net.np/ | Email: https://webmail.ntc.net.np/
https://www.ntc.net.np/about-us/milestones,NT | Milestones,VoWiFi launched,paragraph,What is the information about 'VoWiFi launched' from NT | Milestones?,Wireless Broadband (Namaste Wi-Fi) launched,Wireless Broadband (Namaste Wi-Fi) launched,eSIM: https://esim.ntc.net.np | Career: https://www.ntc.net.np/post/new-career | Offers: https://www.ntc.net.np/post/summer-package | Offers: https://offer.ntc.net.np/ | Email: https://webmail.ntc.net.np/
https://www.ntc.net.np/about-us/milestones,NT | Milestones,Wireless Broadband (Namaste Wi-Fi) launched,paragraph,What is the information about 'Wireless Broadband (Namaste Wi-Fi) launched' from NT | Milestones?,eSIM launched 2022 VoLTE launched 2020 Nepal China connected through Optical Network at Kerung,eSIM launched 2022 VoLTE launched 2020 Nepal China connected through Optical Network at Kerung,eSIM: https://esim.ntc.net.np | Career: https://www.ntc.net.np/post/new-career | Offers: https://www.ntc.net.np/post/summer-package | Offers: https://offer.ntc.net.np/ | Email: https://webmail.ntc.net.np/
https://www.ntc.net.np/about-us/milestones,NT | Milestones,NT Pro service launched,paragraph,What is the information about 'NT Pro service launched' from NT | Milestones?,"Social Site ""Meet"" launched 2015","Social Site ""Meet"" launched 2015",eSIM: https://esim.ntc.net.np | Career: https://www.ntc.net.np/post/new-career | Offers: https://www.ntc.net.np/post/summer-package | Offers: https://offer.ntc.net.np/ | Email: https://webmail.ntc.net.np/
https://www.ntc.net.np/about-us/milestones,NT | Milestones,FTTH service launched,paragraph,What is the information about 'FTTH service launched' from NT | Milestones?,"Wi-Fi Hotspot, NT Official Mobile App 2014","Wi-Fi Hotspot, NT Official Mobile App 2014",eSIM: https://esim.ntc.net.np | Career: https://www.ntc.net.np/post/new-career | Offers: https://www.ntc.net.np/post/summer-package | Offers: https://offer.ntc.net.np/ | Email: https://webmail.ntc.net.np/
https://www.ntc.net.np/about-us/milestones,NT | Milestones,"Wi-Fi Hotspot, NT Official Mobile App",paragraph,"What is the information about 'Wi-Fi Hotspot, NT Official Mobile App' from NT | Milestones?",IP-Based Wireline Network (NGN) service launched 2013,IP-Based Wireline Network (NGN) service launched 2013,eSIM: https://esim.ntc.net.np | Career: https://www.ntc.net.np/post/new-career | Offers: https://www.ntc.net.np/post/summer-package | Offers: https://offer.ntc.net.np/ | Email: https://webmail.ntc.net.np/
https://www.ntc.net.np/about-us/milestones,NT | Milestones,IP-Based Wireline Network (NGN) service launched,paragraph,What is the information about 'IP-Based Wireline Network (NGN) service launched' from NT | Milestones?,Convergent Real Time Billing and Customer Support system launched 2012,Convergent Real Time Billing and Customer Support system launched 2012,eSIM: https://esim.ntc.net.np | Career: https://www.ntc.net.np/post/new-career | Offers: https://www.ntc.net.np/post/summer-package | Offers: https://offer.ntc.net.np/ | Email: https://webmail.ntc.net.np/
https://www.ntc.net.np/about-us/milestones,NT | Milestones,Convergent Real Time Billing and Customer Support system launched,paragraph,What is the information about 'Convergent Real Time Billing and Customer Support system launched' from NT | Milestones?,IP-CDMA system commissioned 2012,IP-CDMA system commissioned 2012,eSIM: https://esim.ntc.net.np | Career: https://www.ntc.net.np/post/new-career | Offers: https://www.ntc.net.np/post/summer-package | Offers: https://offer.ntc.net.np/ | Email: https://webmail.ntc.net.np/
https://www.ntc.net.np/about-us/milestones,NT | Milestones,WiMAX 4G service launched,paragraph,What is the information about 'WiMAX 4G service launched' from NT | Milestones?,GSM 3G Data Card service introduced 2011,GSM 3G Data Card service introduced 2011,eSIM: https://esim.ntc.net.np | Career: https://www.ntc.net.np/post/new-career | Offers: https://www.ntc.net.np/post/summer-package | Offers: https://offer.ntc.net.np/ | Email: https://webmail.ntc.net.np/
https://www.ntc.net.np/about-us/milestones,NT | Milestones,GSM 3G Data Card service introduced,paragraph,What is the information about 'GSM 3G Data Card service introduced' from NT | Milestones?,First International Carrier Partner’s Meet organized by NT 2011,First International Carrier Partner’s Meet organized by NT 2011,eSIM: https://esim.ntc.net.np | Career: https://www.ntc.net.np/post/new-career | Offers: https://www.ntc.net.np/post/summer-package | Offers: https://offer.ntc.net.np/ | Email: https://webmail.ntc.net.np/
https://www.ntc.net.np/about-us/milestones,NT | Milestones,First International Carrier Partner’s Meet organized by NT,paragraph,What is the information about 'First International Carrier Partner’s Meet organized by NT' from NT | Milestones?,Launching of GSM 3G Data Only Service 2011,Launching of GSM 3G Data Only Service 2011,eSIM: https://esim.ntc.net.np | Career: https://www.ntc.net.np/post/new-career | Offers: https://www.ntc.net.np/post/summer-package | Offers: https://offer.ntc.net.np/ | Email: https://webmail.ntc.net.np/
https://www.ntc.net.np/about-us/milestones,NT | Milestones,Launching of GSM 3G Data Only Service,paragraph,What is the information about 'Launching of GSM 3G Data Only Service' from NT | Milestones?,Launching of EasyPhone SIP PPP Service 2011,Launching of EasyPhone SIP PPP Service 2011,eSIM: https://esim.ntc.net.np | Career: https://www.ntc.net.np/post/new-career | Offers: https://www.ntc.net.np/post/summer-package | Offers: https://offer.ntc.net.np/ | Email: https://webmail.ntc.net.np/
https://www.ntc.net.np/about-us/milestones,NT | Milestones,Launching of EasyPhone SIP PPP Service,paragraph,What is the information about 'Launching of EasyPhone SIP PPP Service' from NT | Milestones?,NT service available in all VDC of Nepal,NT service available in all VDC of Nepal,eSIM: https://esim.ntc.net.np | Career: https://www.ntc.net.np/post/new-career | Offers: https://www.ntc.net.np/post/summer-package | Offers: https://offer.ntc.net.np/ | Email: https://webmail.ntc.net.np/
https://www.ntc.net.np/about-us/milestones,NT | Milestones,NT service available in all VDC of Nepal,paragraph,What is the information about 'NT service available in all VDC of Nepal' from NT | Milestones?,Launching of EasyPhone SIP EasyCall Service 2010,Launching of EasyPhone SIP EasyCall Service 2010,eSIM: https://esim.ntc.net.np | Career: https://www.ntc.net.np/post/new-career | Offers: https://www.ntc.net.np/post/summer-package | Offers: https://offer.ntc.net.np/ | Email: https://webmail.ntc.net.np/
https://www.ntc.net.np/about-us/milestones,NT | Milestones,EVDO Service started,paragraph,What is the information about 'EVDO Service started' from NT | Milestones?,Postpaid CDMA Mobile Service started 2009,Postpaid CDMA Mobile Service started 2009,eSIM: https://esim.ntc.net.np | Career: https://www.ntc.net.np/post/new-career | Offers: https://www.ntc.net.np/post/summer-package | Offers: https://offer.ntc.net.np/ | Email: https://webmail.ntc.net.np/
https://www.ntc.net.np/about-us/milestones,NT | Milestones,Postpaid CDMA Mobile Service started,paragraph,What is the information about 'Postpaid CDMA Mobile Service started' from NT | Milestones?,SMS Service from GSM to CDMA mobile started 2009,SMS Service from GSM to CDMA mobile started 2009,eSIM: https://esim.ntc.net.np | Career: https://www.ntc.net.np/post/new-career | Offers: https://www.ntc.net.np/post/summer-package | Offers: https://offer.ntc.net.np/ | Email: https://webmail.ntc.net.np/
https://www.ntc.net.np/about-us/milestones,NT | Milestones,SMS Service from GSM to CDMA mobile started,paragraph,What is the information about 'SMS Service from GSM to CDMA mobile started' from NT | Milestones?,IVR 1606 Service extended outside Kathmandu Valley 2009,IVR 1606 Service extended outside Kathmandu Valley 2009,eSIM: https://esim.ntc.net.np | Career: https://www.ntc.net.np/post/new-career | Offers: https://www.ntc.net.np/post/summer-package | Offers: https://offer.ntc.net.np/ | Email: https://webmail.ntc.net.np/
https://www.ntc.net.np/about-us/milestones,NT | Milestones,IVR 1606 Service extended outside Kathmandu Valley,paragraph,What is the information about 'IVR 1606 Service extended outside Kathmandu Valley' from NT | Milestones?,IVR 198 Service extended outside KTM valley 2009,IVR 198 Service extended outside KTM valley 2009,eSIM: https://esim.ntc.net.np | Career: https://www.ntc.net.np/post/new-career | Offers: https://www.ntc.net.np/post/summer-package | Offers: https://offer.ntc.net.np/ | Email: https://webmail.ntc.net.np/
https://www.ntc.net.np/about-us/milestones,NT | Milestones,IVR 198 Service extended outside KTM valley,paragraph,What is the information about 'IVR 198 Service extended outside KTM valley' from NT | Milestones?,PSTN VMS - Notice Board Service Launched 2008,PSTN VMS - Notice Board Service Launched 2008,eSIM: https://esim.ntc.net.np | Career: https://www.ntc.net.np/post/new-career | Offers: https://www.ntc.net.np/post/summer-package | Offers: https://offer.ntc.net.np/ | Email: https://webmail.ntc.net.np/
https://www.ntc.net.np/about-us/milestones,NT | Milestones,PSTN VMS - Notice Board Service Launched,paragraph,What is the information about 'PSTN VMS - Notice Board Service Launched' from NT | Milestones?,IVR 198 service extended for ADSL Fault Complaint Registration 2008,IVR 198 service extended for ADSL Fault Complaint Registration 2008,eSIM: https://esim.ntc.net.np | Career: https://www.ntc.net.np/post/new-career | Offers: https://www.ntc.net.np/post/summer-package | Offers: https://offer.ntc.net.np/ | Email: https://webmail.ntc.net.np/
https://www.ntc.net.np/about-us/milestones,NT | Milestones,IVR 198 service extended for ADSL Fault Complaint Registration,paragraph,What is the information about 'IVR 198 service extended for ADSL Fault Complaint Registration' from NT | Milestones?,IVR Service 1607 started for GSM and CDMA PUK Enquiry 2008,IVR Service 1607 started for GSM and CDMA PUK Enquiry 2008,eSIM: https://esim.ntc.net.np | Career: https://www.ntc.net.np/post/new-career | Offers: https://www.ntc.net.np/post/summer-package | Offers: https://offer.ntc.net.np/ | Email: https://webmail.ntc.net.np/
https://www.ntc.net.np/about-us/milestones,NT | Milestones,IVR Service 1607 started for GSM and CDMA PUK Enquiry,paragraph,What is the information about 'IVR Service 1607 started for GSM and CDMA PUK Enquiry' from NT | Milestones?,Broadband ADSL Service launched 2008,Broadband ADSL Service launched 2008,eSIM: https://esim.ntc.net.np | Career: https://www.ntc.net.np/post/new-career | Offers: https://www.ntc.net.np/post/summer-package | Offers: https://offer.ntc.net.np/ | Email: https://webmail.ntc.net.np/
https://www.ntc.net.np/about-us/milestones,NT | Milestones,Broadband ADSL Service launched,paragraph,What is the information about 'Broadband ADSL Service launched' from NT | Milestones?,"GPRS, 3G and CRBT Services introduced in GSM Mobile 2007","GPRS, 3G and CRBT Services introduced in GSM Mobile 2007",eSIM: https://esim.ntc.net.np | Career: https://www.ntc.net.np/post/new-career | Offers: https://www.ntc.net.np/post/summer-package | Offers: https://offer.ntc.net.np/ | Email: https://webmail.ntc.net.np/
https://www.ntc.net.np/about-us/milestones,NT | Milestones,"GPRS, 3G and CRBT Services introduced in GSM Mobile",paragraph,"What is the information about 'GPRS, 3G and CRBT Services introduced in GSM Mobile' from NT | Milestones?",VOIP Call Complaint Registration started via 188 IVR Service 2007,VOIP Call Complaint Registration started via 188 IVR Service 2007,eSIM: https://esim.ntc.net.np | Career: https://www.ntc.net.np/post/new-career | Offers: https://www.ntc.net.np/post/summer-package | Offers: https://offer.ntc.net.np/ | Email: https://webmail.ntc.net.np/
https://www.ntc.net.np/about-us/milestones,NT | Milestones,VOIP Call Complaint Registration started via 188 IVR Service,paragraph,What is the information about 'VOIP Call Complaint Registration started via 188 IVR Service' from NT | Milestones?,PSTN Bill Enquiry Service started via 1606 IVR Service 2007,PSTN Bill Enquiry Service started via 1606 IVR Service 2007,eSIM: https://esim.ntc.net.np | Career: https://www.ntc.net.np/post/new-career | Offers: https://www.ntc.net.np/post/summer-package | Offers: https://offer.ntc.net.np/ | Email: https://webmail.ntc.net.np/
https://www.ntc.net.np/about-us/milestones,NT | Milestones,PSTN Bill Enquiry Service started via 1606 IVR Service,paragraph,What is the information about 'PSTN Bill Enquiry Service started via 1606 IVR Service' from NT | Milestones?,National Roaming for CDMA Mobile (Sky Phone) started 2007,National Roaming for CDMA Mobile (Sky Phone) started 2007,eSIM: https://esim.ntc.net.np | Career: https://www.ntc.net.np/post/new-career | Offers: https://www.ntc.net.np/post/summer-package | Offers: https://offer.ntc.net.np/ | Email: https://webmail.ntc.net.np/
https://www.ntc.net.np/about-us/milestones,NT | Milestones,+2 result from IVR 1601,paragraph,What is the information about '+2 result from IVR 1601' from NT | Milestones?,Voice Mail Service through PSTN CDMA services in Kathmandu Valley 2006,Voice Mail Service through PSTN CDMA services in Kathmandu Valley 2006,eSIM: https://esim.ntc.net.np | Career: https://www.ntc.net.np/post/new-career | Offers: https://www.ntc.net.np/post/summer-package | Offers: https://offer.ntc.net.np/ | Email: https://webmail.ntc.net.np/
https://www.ntc.net.np/about-us/milestones,NT | Milestones,CDMA services in Kathmandu Valley,paragraph,What is the information about 'CDMA services in Kathmandu Valley' from NT | Milestones?,MCC (198) Complaint Registration via IVR in Kathmandu Valley 2006,MCC (198) Complaint Registration via IVR in Kathmandu Valley 2006,eSIM: https://esim.ntc.net.np | Career: https://www.ntc.net.np/post/new-career | Offers: https://www.ntc.net.np/post/summer-package | Offers: https://offer.ntc.net.np/ | Email: https://webmail.ntc.net.np/
https://www.ntc.net.np/about-us/milestones,NT | Milestones,MCC (198) Complaint Registration via IVR in Kathmandu Valley,paragraph,What is the information about 'MCC (198) Complaint Registration via IVR in Kathmandu Valley' from NT | Milestones?,Home Country Direct Service - Nepal Direct (IN) 2006,Home Country Direct Service - Nepal Direct (IN) 2006,eSIM: https://esim.ntc.net.np | Career: https://www.ntc.net.np/post/new-career | Offers: https://www.ntc.net.np/post/summer-package | Offers: https://offer.ntc.net.np/ | Email: https://webmail.ntc.net.np/
https://www.ntc.net.np/about-us/milestones,NT | Milestones,Home Country Direct Service - Nepal Direct (IN),paragraph,What is the information about 'Home Country Direct Service - Nepal Direct (IN)' from NT | Milestones?,PSTN Credit Limit Service - PCL (IN) 2006,PSTN Credit Limit Service - PCL (IN) 2006,eSIM: https://esim.ntc.net.np | Career: https://www.ntc.net.np/post/new-career | Offers: https://www.ntc.net.np/post/summer-package | Offers: https://offer.ntc.net.np/ | Email: https://webmail.ntc.net.np/
https://www.ntc.net.np/about-us/milestones,NT | Milestones,Advanced Toll Free Service,paragraph,What is the information about 'Advanced Toll Free Service' from NT | Milestones?,Outsourcing of Enquiry Service (197) 2005,Outsourcing of Enquiry Service (197) 2005,eSIM: https://esim.ntc.net.np | Career: https://www.ntc.net.np/post/new-career | Offers: https://www.ntc.net.np/post/summer-package | Offers: https://offer.ntc.net.np/ | Email: https://webmail.ntc.net.np/
https://www.ntc.net.np/about-us/milestones,NT | Milestones,Soft launch of CDMA,paragraph,What is the information about 'Soft launch of CDMA' from NT | Milestones?,Launching of SLC Result via IVR system (1600) 2004,Launching of SLC Result via IVR system (1600) 2004,eSIM: https://esim.ntc.net.np | Career: https://www.ntc.net.np/post/new-career | Offers: https://www.ntc.net.np/post/summer-package | Offers: https://offer.ntc.net.np/ | Email: https://webmail.ntc.net.np/
https://www.ntc.net.np/about-us/milestones,NT | Milestones,Launching of SLC Result via IVR system (1600),paragraph,What is the information about 'Launching of SLC Result via IVR system (1600)' from NT | Milestones?,Pre-paid Calling Card Service (IN Services) 2004,Pre-paid Calling Card Service (IN Services) 2004,eSIM: https://esim.ntc.net.np | Career: https://www.ntc.net.np/post/new-career | Offers: https://www.ntc.net.np/post/summer-package | Offers: https://offer.ntc.net.np/ | Email: https://webmail.ntc.net.np/
https://www.ntc.net.np/about-us/milestones,NT | Milestones,Pre-paid Calling Card Service (IN Services),paragraph,What is the information about 'Pre-paid Calling Card Service (IN Services)' from NT | Milestones?,NEPAL TELECOM (Transformation from Corporation to Nepal Doorsanchar Company Limited) 2004,NEPAL TELECOM (Transformation from Corporation to Nepal Doorsanchar Company Limited) 2004,eSIM: https://esim.ntc.net.np | Career: https://www.ntc.net.np/post/new-career | Offers: https://www.ntc.net.np/post/summer-package | Offers: https://offer.ntc.net.np/ | Email: https://webmail.ntc.net.np/
https://www.ntc.net.np/about-us/milestones,NT | Milestones,GSM Prepaid Service,paragraph,What is the information about 'GSM Prepaid Service' from NT | Milestones?,East West Highway Optical Fiber Project 2002,East West Highway Optical Fiber Project 2002,eSIM: https://esim.ntc.net.np | Career: https://www.ntc.net.np/post/new-career | Offers: https://www.ntc.net.np/post/summer-package | Offers: https://offer.ntc.net.np/ | Email: https://webmail.ntc.net.np/
https://www.ntc.net.np/about-us/milestones,NT | Milestones,East West Highway Optical Fiber Project,paragraph,What is the information about 'East West Highway Optical Fiber Project' from NT | Milestones?,Launching of International Roaming in GSM mobile service 2001,Launching of International Roaming in GSM mobile service 2001,eSIM: https://esim.ntc.net.np | Career: https://www.ntc.net.np/post/new-career | Offers: https://www.ntc.net.np/post/summer-package | Offers: https://offer.ntc.net.np/ | Email: https://webmail.ntc.net.np/
https://www.ntc.net.np/about-us/milestones,NT | Milestones,Launching of International Roaming in GSM mobile service,paragraph,What is the information about 'Launching of International Roaming in GSM mobile service' from NT | Milestones?,Launching of Payphone Service 2001,Launching of Payphone Service 2001,eSIM: https://esim.ntc.net.np | Career: https://www.ntc.net.np/post/new-career | Offers: https://www.ntc.net.np/post/summer-package | Offers: https://offer.ntc.net.np/ | Email: https://webmail.ntc.net.np/
https://www.ntc.net.np/about-us/milestones,NT | Milestones,Launching of Payphone Service,paragraph,What is the information about 'Launching of Payphone Service' from NT | Milestones?,Launching of Internet Service 2000,Launching of Internet Service 2000,eSIM: https://esim.ntc.net.np | Career: https://www.ntc.net.np/post/new-career | Offers: https://www.ntc.net.np/post/summer-package | Offers: https://offer.ntc.net.np/ | Email: https://webmail.ntc.net.np/
https://www.ntc.net.np/about-us/milestones,NT | Milestones,Launching of Internet Service,paragraph,What is the information about 'Launching of Internet Service' from NT | Milestones?,Implementation of SDH Microwave Radio 2000,Implementation of SDH Microwave Radio 2000,eSIM: https://esim.ntc.net.np | Career: https://www.ntc.net.np/post/new-career | Offers: https://www.ntc.net.np/post/summer-package | Offers: https://offer.ntc.net.np/ | Email: https://webmail.ntc.net.np/
https://www.ntc.net.np/about-us/milestones,NT | Milestones,Implementation of SDH Microwave Radio,paragraph,What is the information about 'Implementation of SDH Microwave Radio' from NT | Milestones?,Launching of GSM Mobile service 1999,Launching of GSM Mobile service 1999,eSIM: https://esim.ntc.net.np | Career: https://www.ntc.net.np/post/new-career | Offers: https://www.ntc.net.np/post/summer-package | Offers: https://offer.ntc.net.np/ | Email: https://webmail.ntc.net.np/
https://www.ntc.net.np/about-us/milestones,NT | Milestones,Launching of GSM Mobile service,paragraph,What is the information about 'Launching of GSM Mobile service' from NT | Milestones?,Direct Link with Bangladesh 1998,Direct Link with Bangladesh 1998,eSIM: https://esim.ntc.net.np | Career: https://www.ntc.net.np/post/new-career | Offers: https://www.ntc.net.np/post/summer-package | Offers: https://offer.ntc.net.np/ | Email: https://webmail.ntc.net.np/
https://www.ntc.net.np/about-us/milestones,NT | Milestones,Direct Link with Bangladesh,paragraph,What is the information about 'Direct Link with Bangladesh' from NT | Milestones?,Digital Link with D.O.T. India through Optical Fiber in Birgunj - Raxual 1997,Digital Link with D.O.T. India through Optical Fiber in Birgunj - Raxual 1997,eSIM: https://esim.ntc.net.np | Career: https://www.ntc.net.np/post/new-career | Offers: https://www.ntc.net.np/post/summer-package | Offers: https://offer.ntc.net.np/ | Email: https://webmail.ntc.net.np/
https://www.ntc.net.np/about-us/milestones,NT | Milestones,Digital Link with D.O.T. India through Optical Fiber in Birgunj - Raxual,paragraph,What is the information about 'Digital Link with D.O.T. India through Optical Fiber in Birgunj - Raxual' from NT | Milestones?,Independent International Gateway Exchange established 1996,Independent International Gateway Exchange established 1996,eSIM: https://esim.ntc.net.np | Career: https://www.ntc.net.np/post/new-career | Offers: https://www.ntc.net.np/post/summer-package | Offers: https://offer.ntc.net.np/ | Email: https://webmail.ntc.net.np/
https://www.ntc.net.np/about-us/milestones,NT | Milestones,Independent International Gateway Exchange established,paragraph,What is the information about 'Independent International Gateway Exchange established' from NT | Milestones?,Automation of the entire Telephone Network 1996,Automation of the entire Telephone Network 1996,eSIM: https://esim.ntc.net.np | Career: https://www.ntc.net.np/post/new-career | Offers: https://www.ntc.net.np/post/summer-package | Offers: https://offer.ntc.net.np/ | Email: https://webmail.ntc.net.np/
https://www.ntc.net.np/about-us/milestones,NT | Milestones,Automation of the entire Telephone Network,paragraph,What is the information about 'Automation of the entire Telephone Network' from NT | Milestones?,Introduction of VSAT services 1996,Introduction of VSAT services 1996,eSIM: https://esim.ntc.net.np | Career: https://www.ntc.net.np/post/new-career | Offers: https://www.ntc.net.np/post/summer-package | Offers: https://offer.ntc.net.np/ | Email: https://webmail.ntc.net.np/
https://www.ntc.net.np/about-us/milestones,NT | Milestones,Introduction of VSAT services,paragraph,What is the information about 'Introduction of VSAT services' from NT | Milestones?,Conversion of all transmission link to Digital Transmission Link 1996,Conversion of all transmission link to Digital Transmission Link 1996,eSIM: https://esim.ntc.net.np | Career: https://www.ntc.net.np/post/new-career | Offers: https://www.ntc.net.np/post/summer-package | Offers: https://offer.ntc.net.np/ | Email: https://webmail.ntc.net.np/
https://www.ntc.net.np/about-us/milestones,NT | Milestones,Conversion of all transmission link to Digital Transmission Link,paragraph,What is the information about 'Conversion of all transmission link to Digital Transmission Link' from NT | Milestones?,Installation of Optical Fiber Network 1995,Installation of Optical Fiber Network 1995,eSIM: https://esim.ntc.net.np | Career: https://www.ntc.net.np/post/new-career | Offers: https://www.ntc.net.np/post/summer-package | Offers: https://offer.ntc.net.np/ | Email: https://webmail.ntc.net.np/
https://www.ntc.net.np/about-us/milestones,NT | Milestones,Installation of Optical Fiber Network,paragraph,What is the information about 'Installation of Optical Fiber Network' from NT | Milestones?,Commencement of ISD service 1987,Commencement of ISD service 1987,eSIM: https://esim.ntc.net.np | Career: https://www.ntc.net.np/post/new-career | Offers: https://www.ntc.net.np/post/summer-package | Offers: https://offer.ntc.net.np/ | Email: https://webmail.ntc.net.np/
https://www.ntc.net.np/about-us/milestones,NT | Milestones,Commencement of ISD service,paragraph,What is the information about 'Commencement of ISD service' from NT | Milestones?,Reliable Rural Telecom Service (JICA system) 1984,Reliable Rural Telecom Service (JICA system) 1984,eSIM: https://esim.ntc.net.np | Career: https://www.ntc.net.np/post/new-career | Offers: https://www.ntc.net.np/post/summer-package | Offers: https://offer.ntc.net.np/ | Email: https://webmail.ntc.net.np/
https://www.ntc.net.np/about-us/milestones,NT | Milestones,Reliable Rural Telecom Service (JICA system),paragraph,What is the information about 'Reliable Rural Telecom Service (JICA system)' from NT | Milestones?,Commencement of STD service 1984,Commencement of STD service 1984,eSIM: https://esim.ntc.net.np | Career: https://www.ntc.net.np/post/new-career | Offers: https://www.ntc.net.np/post/summer-package | Offers: https://offer.ntc.net.np/ | Email: https://webmail.ntc.net.np/
https://www.ntc.net.np/about-us/milestones,NT | Milestones,Commencement of STD service,paragraph,What is the information about 'Commencement of STD service' from NT | Milestones?,Establishment of Digital Telephone Exchange 1983,Establishment of Digital Telephone Exchange 1983,eSIM: https://esim.ntc.net.np | Career: https://www.ntc.net.np/post/new-career | Offers: https://www.ntc.net.np/post/summer-package | Offers: https://offer.ntc.net.np/ | Email: https://webmail.ntc.net.np/
https://www.ntc.net.np/about-us/milestones,NT | Milestones,Establishment of Digital Telephone Exchange,paragraph,What is the information about 'Establishment of Digital Telephone Exchange' from NT | Milestones?,Establishment of SPC telex exchange 1982,Establishment of SPC telex exchange 1982,eSIM: https://esim.ntc.net.np | Career: https://www.ntc.net.np/post/new-career | Offers: https://www.ntc.net.np/post/summer-package | Offers: https://offer.ntc.net.np/ | Email: https://webmail.ntc.net.np/
https://www.ntc.net.np/about-us/milestones,NT | Milestones,Establishment of SPC telex exchange,paragraph,What is the information about 'Establishment of SPC telex exchange' from NT | Milestones?,"Establishment of Standard ""B"" Type Earth Station for international circuits 1982","Establishment of Standard ""B"" Type Earth Station for international circuits 1982",eSIM: https://esim.ntc.net.np | Career: https://www.ntc.net.np/post/new-career | Offers: https://www.ntc.net.np/post/summer-package | Offers: https://offer.ntc.net.np/ | Email: https://webmail.ntc.net.np/
https://www.ntc.net.np/about-us/milestones,NT | Milestones,"Establishment of Standard ""B"" Type Earth Station for international circuits",paragraph,"What is the information about 'Establishment of Standard ""B"" Type Earth Station for international circuits' from NT | Milestones?",Microwave transmission links establishment for international trunk 1974,Microwave transmission links establishment for international trunk 1974,eSIM: https://esim.ntc.net.np | Career: https://www.ntc.net.np/post/new-career | Offers: https://www.ntc.net.np/post/summer-package | Offers: https://offer.ntc.net.np/ | Email: https://webmail.ntc.net.np/
https://www.ntc.net.np/about-us/milestones,NT | Milestones,Microwave transmission links establishment for international trunk,paragraph,What is the information about 'Microwave transmission links establishment for international trunk' from NT | Milestones?,Introduction of Telex Services 1971,Introduction of Telex Services 1971,eSIM: https://esim.ntc.net.np | Career: https://www.ntc.net.np/post/new-career | Offers: https://www.ntc.net.np/post/summer-package | Offers: https://offer.ntc.net.np/ | Email: https://webmail.ntc.net.np/
https://www.ntc.net.np/about-us/milestones,NT | Milestones,Introduction of Telex Services,paragraph,What is the information about 'Introduction of Telex Services' from NT | Milestones?,Beginning of International Telecommunications Service using HF Radio to India and Pakistan 1964,Beginning of International Telecommunications Service using HF Radio to India and Pakistan 1964,eSIM: https://esim.ntc.net.np | Career: https://www.ntc.net.np/post/new-career | Offers: https://www.ntc.net.np/post/summer-package | Offers: https://offer.ntc.net.np/ | Email: https://webmail.ntc.net.np/
https://www.ntc.net.np/about-us/milestones,NT | Milestones,Beginning of International Telecommunications Service using HF Radio to India an,paragraph,What is the information about 'Beginning of International Telecommunications Service using HF Radio to India an' from NT | Milestones?,Establishment of first 1000 lines Automatic Exchange in Kathmandu 1963,Establishment of first 1000 lines Automatic Exchange in Kathmandu 1963,eSIM: https://esim.ntc.net.np | Career: https://www.ntc.net.np/post/new-career | Offers: https://www.ntc.net.np/post/summer-package | Offers: https://offer.ntc.net.np/ | Email: https://webmail.ntc.net.np/
https://www.ntc.net.np/about-us/milestones,NT | Milestones,Establishment of first 1000 lines Automatic Exchange in Kathmandu,paragraph,What is the information about 'Establishment of first 1000 lines Automatic Exchange in Kathmandu' from NT | Milestones?,Distribution of telephone line to general public in Kathmandu (300 lines Cross Bar Exchange) 1955,Distribution of telephone line to general public in Kathmandu (300 lines Cross Bar Exchange) 1955,eSIM: https://esim.ntc.net.np | Career: https://www.ntc.net.np/post/new-career | Offers: https://www.ntc.net.np/post/summer-package | Offers: https://offer.ntc.net.np/ | Email: https://webmail.ntc.net.np/
https://www.ntc.net.np/about-us/milestones,NT | Milestones,Distribution of telephone line to general public in Kathmandu (300 lines Cross B,paragraph,What is the information about 'Distribution of telephone line to general public in Kathmandu (300 lines Cross B' from NT | Milestones?,Installation of Open Wire Trunk line from Kathmandu to Palpa 1951,Installation of Open Wire Trunk line from Kathmandu to Palpa 1951,eSIM: https://esim.ntc.net.np | Career: https://www.ntc.net.np/post/new-career | Offers: https://www.ntc.net.np/post/summer-package | Offers: https://offer.ntc.net.np/ | Email: https://webmail.ntc.net.np/
https://www.ntc.net.np/about-us/milestones,NT | Milestones,Installation of Open Wire Trunk line from Kathmandu to Palpa,paragraph,What is the information about 'Installation of Open Wire Trunk line from Kathmandu to Palpa' from NT | Milestones?,Establishment of CB telephone exchange (100 lines) in Kathmandu 1950,Establishment of CB telephone exchange (100 lines) in Kathmandu 1950,eSIM: https://esim.ntc.net.np | Career: https://www.ntc.net.np/post/new-career | Offers: https://www.ntc.net.np/post/summer-package | Offers: https://offer.ntc.net.np/ | Email: https://webmail.ntc.net.np/
https://www.ntc.net.np/about-us/milestones,NT | Milestones,Establishment of CB telephone exchange (100 lines) in Kathmandu,paragraph,What is the information about 'Establishment of CB telephone exchange (100 lines) in Kathmandu' from NT | Milestones?,Introduction to High frequency Radio System (AM) 1950,Introduction to High frequency Radio System (AM) 1950,eSIM: https://esim.ntc.net.np | Career: https://www.ntc.net.np/post/new-career | Offers: https://www.ntc.net.np/post/summer-package | Offers: https://offer.ntc.net.np/ | Email: https://webmail.ntc.net.np/
https://www.ntc.net.np/about-us/milestones,NT | Milestones,Introduction to High frequency Radio System (AM),paragraph,What is the information about 'Introduction to High frequency Radio System (AM)' from NT | Milestones?,Establishment of Telegram Service 1950,Establishment of Telegram Service 1950,eSIM: https://esim.ntc.net.np | Career: https://www.ntc.net.np/post/new-career | Offers: https://www.ntc.net.np/post/summer-package | Offers: https://offer.ntc.net.np/ | Email: https://webmail.ntc.net.np/
https://www.ntc.net.np/about-us/milestones,NT | Milestones,Establishment of Telegram Service,paragraph,What is the information about 'Establishment of Telegram Service' from NT | Milestones?,Installation of Open Wire Trunk line from Kathmandu to Dhankuta 1936,Installation of Open Wire Trunk line from Kathmandu to Dhankuta 1936,eSIM: https://esim.ntc.net.np | Career: https://www.ntc.net.np/post/new-career | Offers: https://www.ntc.net.np/post/summer-package | Offers: https://offer.ntc.net.np/ | Email: https://webmail.ntc.net.np/
https://www.ntc.net.np/about-us/milestones,NT | Milestones,Installation of Open Wire Trunk line from Kathmandu to Dhankuta,paragraph,What is the information about 'Installation of Open Wire Trunk line from Kathmandu to Dhankuta' from NT | Milestones?,Installation of 25 lines automatic exchange in Royal Palace 1935,Installation of 25 lines automatic exchange in Royal Palace 1935,eSIM: https://esim.ntc.net.np | Career: https://www.ntc.net.np/post/new-career | Offers: https://www.ntc.net.np/post/summer-package | Offers: https://offer.ntc.net.np/ | Email: https://webmail.ntc.net.np/
https://www.ntc.net.np/about-us/milestones,NT | Milestones,Installation of 25 lines automatic exchange in Royal Palace,paragraph,What is the information about 'Installation of 25 lines automatic exchange in Royal Palace' from NT | Milestones?,Establishment of Open wire Trunk Link from Kathmandu to Raxaul (India) 1916,Establishment of Open wire Trunk Link from Kathmandu to Raxaul (India) 1916,eSIM: https://esim.ntc.net.np | Career: https://www.ntc.net.np/post/new-career | Offers: https://www.ntc.net.np/post/summer-package | Offers: https://offer.ntc.net.np/ | Email: https://webmail.ntc.net.np/
https://www.ntc.net.np/about-us/milestones,NT | Milestones,Establishment of Open wire Trunk Link from Kathmandu to Raxaul (India),paragraph,What is the information about 'Establishment of Open wire Trunk Link from Kathmandu to Raxaul (India)' from NT | Milestones?,Establishment of first telephone lines in Kathmandu 1916,Establishment of first telephone lines in Kathmandu 1916,eSIM: https://esim.ntc.net.np | Career: https://www.ntc.net.np/post/new-career | Offers: https://www.ntc.net.np/post/summer-package | Offers: https://offer.ntc.net.np/ | Email: https://webmail.ntc.net.np/
https://www.ntc.net.np/about-us/milestones,NT | Milestones,Join our Newsletters,paragraph,What is the information about 'Join our Newsletters' from NT | Milestones?,Receive the latest news and exclusive offers © 2026 Nepal Telecom. All Rights Reserved. 4G/LTE Band Check,Receive the latest news and exclusive offers © 2026 Nepal Telecom. All Rights Reserved. 4G/LTE Band Check,eSIM: https://esim.ntc.net.np | Career: https://www.ntc.net.np/post/new-career | Offers: https://www.ntc.net.np/post/summer-package | Offers: https://offer.ntc.net.np/ | Email: https://webmail.ntc.net.np/
https://www.ntc.net.np/about-us/departments,NT | Departments,General,paragraph,What information is available on NT | Departments?,"EN English नेपाली Self Care Register Login Change Password Change Password Organization Structure Board of Directors Vision, Mission & Goal Nepal Telecom in Brief Annual General Meeting Telecom Smarika Financial Statements Prabandha Patra Karmachari Biniyamawali 1. Office of Managing Director 2. Office of Chief Technical Officer (CTO) Power Department Civil Department 3. Office of Chief Commercial Officer (CCO) ISD - International Services Department 4. Office of Chief Financial Officer (CFO) 5. Office of Chief Operating Officer (COO) Provincial Directorates Special Project Department 6. Office of Chief Human Resource Officer (CHRO) Telecom Training & Research Center 7. Company Secretariat 8. Wireline & Customer Service Directorate (WCSD) Landline related Services 9. Wireless Service Directorate (WSD) 10. Backbone Transmission Directorate (BTD) 11. Information Technology Directorate (ITD)","EN English नेपाली Self Care Register Login Change Password Change Password Organization Structure Board of Directors Vision, Mission & Goal Nepal Telecom in Brief Annual General Meeting Telecom Smarika Financial Statements Prabandha Patra Karmachari Biniyamawali 1. Office of Managing Director 2. Office of Chief Technical Officer (CTO) Power Department Civil Department 3. Office of Chief Commercial Officer (CCO) ISD - International Services Department 4. Office of Chief Financial Officer (CFO) 5. Office of Chief Operating Officer (COO) Provincial Directorates Special Project Department 6. Office of Chief Human Resource Officer (CHRO) Telecom Training & Research Center 7. Company Secretariat 8. Wireline & Customer Service Directorate (WCSD) Landline related Services 9. Wireless Service Directorate (WSD) 10. Backbone Transmission Directorate (BTD) 11. Information Technology Directorate (ITD)",eSIM: https://esim.ntc.net.np | Career: https://www.ntc.net.np/post/new-career | Offers: https://www.ntc.net.np/post/summer-package | Offers: https://offer.ntc.net.np/ | Email: https://webmail.ntc.net.np/ | Telecom Training & Research Center: https://ttrc.ntc.net.np/
https://www.ntc.net.np/about-us/departments,NT | Departments,Join our Newsletters,paragraph,What is the information about 'Join our Newsletters' from NT | Departments?,Receive the latest news and exclusive offers © 2026 Nepal Telecom. All Rights Reserved. 4G/LTE Band Check,Receive the latest news and exclusive offers © 2026 Nepal Telecom. All Rights Reserved. 4G/LTE Band Check,eSIM: https://esim.ntc.net.np | Career: https://www.ntc.net.np/post/new-career | Offers: https://www.ntc.net.np/post/summer-package | Offers: https://offer.ntc.net.np/ | Email: https://webmail.ntc.net.np/ | Telecom Training & Research Center: https://ttrc.ntc.net.np/
https://www.ntc.net.np/about-us/board-of-directors,NT | Board of Directors,Table,table,What is the information about 'Table' from NT | Board of Directors?, | Chairman Mrs. Laxmi Kumari Basnet Secretary Ministry of Communication and Information Technology | , | Chairman Mrs. Laxmi Kumari Basnet Secretary Ministry of Communication and Information Technology | ,
https://www.ntc.net.np/about-us/board-of-directors,NT | Board of Directors,Table,table,What is the information about 'Table' from NT | Board of Directors?,Member Mrs. Reena Dangol Acting Managing Director Nepal Telecom | Member Mr. Tanka Prasad Pandey Joint Secretary Ministry of Finance | Member Mr. Subash Chandra Shiwakoti Joint Secretary Ministry of Communication and Information Technology,Member Mrs. Reena Dangol Acting Managing Director Nepal Telecom | Member Mr. Tanka Prasad Pandey Joint Secretary Ministry of Finance | Member Mr. Subash Chandra Shiwakoti Joint Secretary Ministry of Communication and Information Technology,
https://www.ntc.net.np/about-us/board-of-directors,NT | Board of Directors,Table,table,What is the information about 'Table' from NT | Board of Directors?,"Member Mrs. Aruna Joshi Joint Secretary Ministry of Law, Justice & Parliamentary Affairs | Member Mr. Lok Bahadur Katuwal Employee Representative | Member Mr. Manish Jung Joshi Public Shareholder Representative","Member Mrs. Aruna Joshi Joint Secretary Ministry of Law, Justice & Parliamentary Affairs | Member Mr. Lok Bahadur Katuwal Employee Representative | Member Mr. Manish Jung Joshi Public Shareholder Representative",
https://www.ntc.net.np/about-us/board-of-directors,NT | Board of Directors,Table,table,What is the information about 'Table' from NT | Board of Directors?, | Company Secretary Mr. Dwarika Prasad Poudel Nepal Telecom | , | Company Secretary Mr. Dwarika Prasad Poudel Nepal Telecom | ,
https://www.ntc.net.np/about-us/board-of-directors,NT | Board of Directors,General,paragraph,What information is available on NT | Board of Directors?,"EN English नेपाली Self Care Register Login Change Password Change Password Organization Structure Board of Directors Vision, Mission & Goal Nepal Telecom in Brief Annual General Meeting Telecom Smarika Financial Statements Prabandha Patra Karmachari Biniyamawali","EN English नेपाली Self Care Register Login Change Password Change Password Organization Structure Board of Directors Vision, Mission & Goal Nepal Telecom in Brief Annual General Meeting Telecom Smarika Financial Statements Prabandha Patra Karmachari Biniyamawali",eSIM: https://esim.ntc.net.np | Career: https://www.ntc.net.np/post/new-career | Offers: https://www.ntc.net.np/post/summer-package | Offers: https://offer.ntc.net.np/ | Email: https://webmail.ntc.net.np/
https://www.ntc.net.np/about-us/board-of-directors,NT | Board of Directors,Board of Directors,paragraph,What is the information about 'Board of Directors' from NT | Board of Directors?,"Mrs. Laxmi Kumari Basnet Secretary Ministry of Communication and Information Technology Mrs. Reena Dangol Acting Managing Director Mr. Tanka Prasad Pandey Joint Secretary Ministry of Finance Mr. Subash Chandra Shiwakoti Joint Secretary Ministry of Communication and Information Technology Mrs. Aruna Joshi Joint Secretary Ministry of Law, Justice & Parliamentary Affairs","Mrs. Laxmi Kumari Basnet Secretary Ministry of Communication and Information Technology Mrs. Reena Dangol Acting Managing Director Mr. Tanka Prasad Pandey Joint Secretary Ministry of Finance Mr. Subash Chandra Shiwakoti Joint Secretary Ministry of Communication and Information Technology Mrs. Aruna Joshi Joint Secretary Ministry of Law, Justice & Parliamentary Affairs",eSIM: https://esim.ntc.net.np | Career: https://www.ntc.net.np/post/new-career | Offers: https://www.ntc.net.np/post/summer-package | Offers: https://offer.ntc.net.np/ | Email: https://webmail.ntc.net.np/
https://www.ntc.net.np/about-us/board-of-directors,NT | Board of Directors,Join our Newsletters,paragraph,What is the information about 'Join our Newsletters' from NT | Board of Directors?,Receive the latest news and exclusive offers © 2026 Nepal Telecom. All Rights Reserved. 4G/LTE Band Check,Receive the latest news and exclusive offers © 2026 Nepal Telecom. All Rights Reserved. 4G/LTE Band Check,eSIM: https://esim.ntc.net.np | Career: https://www.ntc.net.np/post/new-career | Offers: https://www.ntc.net.np/post/summer-package | Offers: https://offer.ntc.net.np/ | Email: https://webmail.ntc.net.np/
https://www.ntc.net.np/about-us/vision-mission-goal,"NT | Vision, Mission & Goal",General,paragraph,"What information is available on NT | Vision, Mission & Goal?","EN English नेपाली Self Care Register Login Change Password Change Password Organization Structure Board of Directors Vision, Mission & Goal Nepal Telecom in Brief Annual General Meeting Telecom Smarika Financial Statements Prabandha Patra Karmachari Biniyamawali","EN English नेपाली Self Care Register Login Change Password Change Password Organization Structure Board of Directors Vision, Mission & Goal Nepal Telecom in Brief Annual General Meeting Telecom Smarika Financial Statements Prabandha Patra Karmachari Biniyamawali",eSIM: https://esim.ntc.net.np | Career: https://www.ntc.net.np/post/new-career | Offers: https://www.ntc.net.np/post/summer-package | Offers: https://offer.ntc.net.np/ | Email: https://webmail.ntc.net.np/
https://www.ntc.net.np/about-us/vision-mission-goal,"NT | Vision, Mission & Goal","Vision, Mission & Goal",paragraph,"What is the information about 'Vision, Mission & Goal' from NT | Vision, Mission & Goal?","Vision of Nepal Telecom is to remain a dominant player in telecommunication sector in the country while also extending reliable and cost-effective services to all. Nepal Telecom, as a progressive, customer-spirited and consumer-responsive entity, is committed to provide nationwide reliable telecommunication service to serve as an impetus to the social, political and economic development of the country.","Vision of Nepal Telecom is to remain a dominant player in telecommunication sector in the country while also extending reliable and cost-effective services to all. Nepal Telecom, as a progressive, customer-spirited and consumer-responsive entity, is committed to provide nationwide reliable telecommunication service to serve as an impetus to the social, political and economic development of the country.",eSIM: https://esim.ntc.net.np | Career: https://www.ntc.net.np/post/new-career | Offers: https://www.ntc.net.np/post/summer-package | Offers: https://offer.ntc.net.np/ | Email: https://webmail.ntc.net.np/
https://www.ntc.net.np/about-us/vision-mission-goal,"NT | Vision, Mission & Goal",Join our Newsletters,paragraph,"What is the information about 'Join our Newsletters' from NT | Vision, Mission & Goal?",Receive the latest news and exclusive offers © 2026 Nepal Telecom. All Rights Reserved. 4G/LTE Band Check,Receive the latest news and exclusive offers © 2026 Nepal Telecom. All Rights Reserved. 4G/LTE Band Check,eSIM: https://esim.ntc.net.np | Career: https://www.ntc.net.np/post/new-career | Offers: https://www.ntc.net.np/post/summer-package | Offers: https://offer.ntc.net.np/ | Email: https://webmail.ntc.net.np/
https://www.ntc.net.np/category/gsm,NT | GSM,General,paragraph,What information is available on NT | GSM?,EN English नेपाली Self Care Register Login Change Password Change Password Check your monthly GSM bill online FAQ (FNF Service) SIM/RUIM Record Update Request Form Agreement Form (कबुलनामा) NTC Mobile Registration Form (Prepaid & Postpaid) GSM Postpaid Ownership Transfer Form International Roaming Tariff : GSM Prepaid GSM Prepaid Service Tariff Discounted Tariff Postpaid-Roaming Standard Tariff Postpaid-Roaming GSM Postpaid Service Tariff CUG - CORPORATE USER GROUP Missed Call Alert (MCA) Service International Services Data Package (Summer) Unlimited Hourly Data Pack Unlimited Fb/Youtube Pack Sajilo Prepaid Pack Postpaid Rental Included Packages Unlimited Night Packs Unlimited TikTok Packs Recurring Postpaid Sajilo Offers Friends and Family Call Service (FNF) GSM Prepaid Service GSM Postpaid Service International Roaming International Call Tariff Country Access code 1424 1425 1445 00 Nrs per/mi... Read More,EN English नेपाली Self Care Register Login Change Password Change Password Check your monthly GSM bill online FAQ (FNF Service) SIM/RUIM Record Update Request Form Agreement Form (कबुलनामा) NTC Mobile Registration Form (Prepaid & Postpaid) GSM Postpaid Ownership Transfer Form International Roaming Tariff : GSM Prepaid GSM Prepaid Service Tariff Discounted Tariff Postpaid-Roaming Standard Tariff Postpaid-Roaming GSM Postpaid Service Tariff CUG - CORPORATE USER GROUP Missed Call Alert (MCA) Service International Services Data Package (Summer) Unlimited Hourly Data Pack Unlimited Fb/Youtube Pack Sajilo Prepaid Pack Postpaid Rental Included Packages Unlimited Night Packs Unlimited TikTok Packs Recurring Postpaid Sajilo Offers Friends and Family Call Service (FNF) GSM Prepaid Service GSM Postpaid Service International Roaming International Call Tariff Country Access code 1424 1425 1445 00 Nrs per/mi... Read More,eSIM: https://esim.ntc.net.np | Career: https://www.ntc.net.np/post/new-career | Offers: https://www.ntc.net.np/post/summer-package | Offers: https://offer.ntc.net.np/ | Email: https://webmail.ntc.net.np/ | Check your monthly GSM bill online: https://gsmbl.ntc.net.np/ | FAQ (FNF Service): https://cms.ntc.net.np/storage/media/8xCusWq0ANCQwaQXGzQaXEKYceVmRfXNA3e6T30E.pdf | SIM/RUIM Record Update Request Form: https://cms.ntc.net.np/storage/media/uaxTrlHZszyAEzhr5NVAeFiCZwtIVhDJTlNxIqEh.pdf | Agreement Form (कबुलनामा): https://cms.ntc.net.np/storage/media/2a6KcAIIdm6CeSrMoVuqwiLPiMeTJwCixnY8MoQX.pdf | CUG Form: https://cms.ntc.net.np/storage/media/UowtlQCDG48HLzQntGYyE7bpcrYUL0qw2CyMkRMp.pdf | NTC Mobile Registration Form (Prepaid & Postpaid): https://cms.ntc.net.np/storage/media/7opMoxGVABKIbtw3wNQyAwclopVIDdxSfjLjK0D2.pdf | GSM Postpaid Ownership Transfer Form: https://cms.ntc.net.np/storage/media/70f8fFyNousbg2WczQPIf1Vg94LOy9iNK6vZHjg9.pdf
https://www.ntc.net.np/category/gsm,NT | GSM,International Call Tariff,paragraph,What is the information about 'International Call Tariff' from NT | GSM?,"Country Access code 1424 1425 1445 00 Nrs per/mi... Read More Happy 22nd Anniversary to Nepal Telecom On the auspicious occasion of the 22nd anniversary of Nepal Doorsanchar Company Limited, Nepal Telec... Read More","Country Access code 1424 1425 1445 00 Nrs per/mi... Read More Happy 22nd Anniversary to Nepal Telecom On the auspicious occasion of the 22nd anniversary of Nepal Doorsanchar Company Limited, Nepal Telec... Read More",eSIM: https://esim.ntc.net.np | Career: https://www.ntc.net.np/post/new-career | Offers: https://www.ntc.net.np/post/summer-package | Offers: https://offer.ntc.net.np/ | Email: https://webmail.ntc.net.np/ | Check your monthly GSM bill online: https://gsmbl.ntc.net.np/ | FAQ (FNF Service): https://cms.ntc.net.np/storage/media/8xCusWq0ANCQwaQXGzQaXEKYceVmRfXNA3e6T30E.pdf | SIM/RUIM Record Update Request Form: https://cms.ntc.net.np/storage/media/uaxTrlHZszyAEzhr5NVAeFiCZwtIVhDJTlNxIqEh.pdf | Agreement Form (कबुलनामा): https://cms.ntc.net.np/storage/media/2a6KcAIIdm6CeSrMoVuqwiLPiMeTJwCixnY8MoQX.pdf | CUG Form: https://cms.ntc.net.np/storage/media/UowtlQCDG48HLzQntGYyE7bpcrYUL0qw2CyMkRMp.pdf | NTC Mobile Registration Form (Prepaid & Postpaid): https://cms.ntc.net.np/storage/media/7opMoxGVABKIbtw3wNQyAwclopVIDdxSfjLjK0D2.pdf | GSM Postpaid Ownership Transfer Form: https://cms.ntc.net.np/storage/media/70f8fFyNousbg2WczQPIf1Vg94LOy9iNK6vZHjg9.pdf
https://www.ntc.net.np/category/gsm,NT | GSM,Happy 22nd Anniversary to Nepal Telecom,paragraph,What is the information about 'Happy 22nd Anniversary to Nepal Telecom' from NT | GSM?,"On the auspicious occasion of the 22nd anniversary of Nepal Doorsanchar Company Limited, Nepal Telec... Read More Telecom Tariff Click on these links to know Tariffs. Landline Tariff Toll Free Tariff International Call Tarif... Read More Click on these links to know Tariffs. Landline Tariff Toll Free Tariff International Call Tarif... Read More Namaste Wifi Namaste Wi-Fi 1. Namaste Wifi Form 2. Namaste Wifi Tariff Read More Namaste Wi-Fi 1. Namaste Wifi Form 2. Namaste Wifi Tariff Read More TikTok Pack Nepal Telecom Provides TikTok Pack for its users. There are two packs available, Daily Pack and Week... Read More Nepal Telecom Provides TikTok Pack for its users. There are two packs available, Daily Pack and Week... Read More Namaste Wi-Fi Tariff The Namaste WiFi Package with bundled CPE device cost (included SIM), is mentioned below. DOWNLOAD ... Read More","On the auspicious occasion of the 22nd anniversary of Nepal Doorsanchar Company Limited, Nepal Telec... Read More Telecom Tariff Click on these links to know Tariffs. Landline Tariff Toll Free Tariff International Call Tarif... Read More Click on these links to know Tariffs. Landline Tariff Toll Free Tariff International Call Tarif... Read More Namaste Wifi Namaste Wi-Fi 1. Namaste Wifi Form 2. Namaste Wifi Tariff Read More Namaste Wi-Fi 1. Namaste Wifi Form 2. Namaste Wifi Tariff Read More TikTok Pack Nepal Telecom Provides TikTok Pack for its users. There are two packs available, Daily Pack and Week... Read More Nepal Telecom Provides TikTok Pack for its users. There are two packs available, Daily Pack and Week... Read More Namaste Wi-Fi Tariff The Namaste WiFi Package with bundled CPE device cost (included SIM), is mentioned below. DOWNLOAD ... Read More",eSIM: https://esim.ntc.net.np | Career: https://www.ntc.net.np/post/new-career | Offers: https://www.ntc.net.np/post/summer-package | Offers: https://offer.ntc.net.np/ | Email: https://webmail.ntc.net.np/ | Check your monthly GSM bill online: https://gsmbl.ntc.net.np/ | FAQ (FNF Service): https://cms.ntc.net.np/storage/media/8xCusWq0ANCQwaQXGzQaXEKYceVmRfXNA3e6T30E.pdf | SIM/RUIM Record Update Request Form: https://cms.ntc.net.np/storage/media/uaxTrlHZszyAEzhr5NVAeFiCZwtIVhDJTlNxIqEh.pdf | Agreement Form (कबुलनामा): https://cms.ntc.net.np/storage/media/2a6KcAIIdm6CeSrMoVuqwiLPiMeTJwCixnY8MoQX.pdf | CUG Form: https://cms.ntc.net.np/storage/media/UowtlQCDG48HLzQntGYyE7bpcrYUL0qw2CyMkRMp.pdf | NTC Mobile Registration Form (Prepaid & Postpaid): https://cms.ntc.net.np/storage/media/7opMoxGVABKIbtw3wNQyAwclopVIDdxSfjLjK0D2.pdf | GSM Postpaid Ownership Transfer Form: https://cms.ntc.net.np/storage/media/70f8fFyNousbg2WczQPIf1Vg94LOy9iNK6vZHjg9.pdf
https://www.ntc.net.np/category/gsm,NT | GSM,Namaste Wi-Fi Tariff,paragraph,What is the information about 'Namaste Wi-Fi Tariff' from NT | GSM?,"The Namaste WiFi Package with bundled CPE device cost (included SIM), is mentioned below. DOWNLOAD ... Read More Recurring Postpaid Package नेपाल टेलिकमको Recurring Offer भनेको के हो? Recurring Offer भनेको स्वतः नवीकरण हुने अफर हो । यसमा... Read More","The Namaste WiFi Package with bundled CPE device cost (included SIM), is mentioned below. DOWNLOAD ... Read More Recurring Postpaid Package नेपाल टेलिकमको Recurring Offer भनेको के हो? Recurring Offer भनेको स्वतः नवीकरण हुने अफर हो । यसमा... Read More",eSIM: https://esim.ntc.net.np | Career: https://www.ntc.net.np/post/new-career | Offers: https://www.ntc.net.np/post/summer-package | Offers: https://offer.ntc.net.np/ | Email: https://webmail.ntc.net.np/ | Check your monthly GSM bill online: https://gsmbl.ntc.net.np/ | FAQ (FNF Service): https://cms.ntc.net.np/storage/media/8xCusWq0ANCQwaQXGzQaXEKYceVmRfXNA3e6T30E.pdf | SIM/RUIM Record Update Request Form: https://cms.ntc.net.np/storage/media/uaxTrlHZszyAEzhr5NVAeFiCZwtIVhDJTlNxIqEh.pdf | Agreement Form (कबुलनामा): https://cms.ntc.net.np/storage/media/2a6KcAIIdm6CeSrMoVuqwiLPiMeTJwCixnY8MoQX.pdf | CUG Form: https://cms.ntc.net.np/storage/media/UowtlQCDG48HLzQntGYyE7bpcrYUL0qw2CyMkRMp.pdf | NTC Mobile Registration Form (Prepaid & Postpaid): https://cms.ntc.net.np/storage/media/7opMoxGVABKIbtw3wNQyAwclopVIDdxSfjLjK0D2.pdf | GSM Postpaid Ownership Transfer Form: https://cms.ntc.net.np/storage/media/70f8fFyNousbg2WczQPIf1Vg94LOy9iNK6vZHjg9.pdf
https://www.ntc.net.np/category/gsm,NT | GSM,Recurring Postpaid Package,paragraph,What is the information about 'Recurring Postpaid Package' from NT | GSM?,नेपाल टेलिकमको Recurring Offer भनेको के हो? Recurring Offer भनेको स्वतः नवीकरण हुने अफर हो । यसमा... Read More VoWiFi What is VoWiFi? VoWiFi (Voice over Wi-Fi) is a modern communication technology that allows users ... Read More What is VoWiFi? VoWiFi (Voice over Wi-Fi) is a modern communication technology that allows users ... Read More International Roaming Data Package Tariff for International Roaming DataPack for Postpaid and Prepaid Customers For India: ... Read More,नेपाल टेलिकमको Recurring Offer भनेको के हो? Recurring Offer भनेको स्वतः नवीकरण हुने अफर हो । यसमा... Read More VoWiFi What is VoWiFi? VoWiFi (Voice over Wi-Fi) is a modern communication technology that allows users ... Read More What is VoWiFi? VoWiFi (Voice over Wi-Fi) is a modern communication technology that allows users ... Read More International Roaming Data Package Tariff for International Roaming DataPack for Postpaid and Prepaid Customers For India: ... Read More,eSIM: https://esim.ntc.net.np | Career: https://www.ntc.net.np/post/new-career | Offers: https://www.ntc.net.np/post/summer-package | Offers: https://offer.ntc.net.np/ | Email: https://webmail.ntc.net.np/ | Check your monthly GSM bill online: https://gsmbl.ntc.net.np/ | FAQ (FNF Service): https://cms.ntc.net.np/storage/media/8xCusWq0ANCQwaQXGzQaXEKYceVmRfXNA3e6T30E.pdf | SIM/RUIM Record Update Request Form: https://cms.ntc.net.np/storage/media/uaxTrlHZszyAEzhr5NVAeFiCZwtIVhDJTlNxIqEh.pdf | Agreement Form (कबुलनामा): https://cms.ntc.net.np/storage/media/2a6KcAIIdm6CeSrMoVuqwiLPiMeTJwCixnY8MoQX.pdf | CUG Form: https://cms.ntc.net.np/storage/media/UowtlQCDG48HLzQntGYyE7bpcrYUL0qw2CyMkRMp.pdf | NTC Mobile Registration Form (Prepaid & Postpaid): https://cms.ntc.net.np/storage/media/7opMoxGVABKIbtw3wNQyAwclopVIDdxSfjLjK0D2.pdf | GSM Postpaid Ownership Transfer Form: https://cms.ntc.net.np/storage/media/70f8fFyNousbg2WczQPIf1Vg94LOy9iNK6vZHjg9.pdf
https://www.ntc.net.np/category/gsm,NT | GSM,International Roaming Data Package,paragraph,What is the information about 'International Roaming Data Package' from NT | GSM?,"Tariff for International Roaming DataPack for Postpaid and Prepaid Customers For India: ... Read More International Outgoing SMS As per the decision of of 2081/09/25 of Nepal Telecommunications Authority, abiding by the Telecomm... Read More","Tariff for International Roaming DataPack for Postpaid and Prepaid Customers For India: ... Read More International Outgoing SMS As per the decision of of 2081/09/25 of Nepal Telecommunications Authority, abiding by the Telecomm... Read More",eSIM: https://esim.ntc.net.np | Career: https://www.ntc.net.np/post/new-career | Offers: https://www.ntc.net.np/post/summer-package | Offers: https://offer.ntc.net.np/ | Email: https://webmail.ntc.net.np/ | Check your monthly GSM bill online: https://gsmbl.ntc.net.np/ | FAQ (FNF Service): https://cms.ntc.net.np/storage/media/8xCusWq0ANCQwaQXGzQaXEKYceVmRfXNA3e6T30E.pdf | SIM/RUIM Record Update Request Form: https://cms.ntc.net.np/storage/media/uaxTrlHZszyAEzhr5NVAeFiCZwtIVhDJTlNxIqEh.pdf | Agreement Form (कबुलनामा): https://cms.ntc.net.np/storage/media/2a6KcAIIdm6CeSrMoVuqwiLPiMeTJwCixnY8MoQX.pdf | CUG Form: https://cms.ntc.net.np/storage/media/UowtlQCDG48HLzQntGYyE7bpcrYUL0qw2CyMkRMp.pdf | NTC Mobile Registration Form (Prepaid & Postpaid): https://cms.ntc.net.np/storage/media/7opMoxGVABKIbtw3wNQyAwclopVIDdxSfjLjK0D2.pdf | GSM Postpaid Ownership Transfer Form: https://cms.ntc.net.np/storage/media/70f8fFyNousbg2WczQPIf1Vg94LOy9iNK6vZHjg9.pdf
https://www.ntc.net.np/category/gsm,NT | GSM,International Outgoing SMS,paragraph,What is the information about 'International Outgoing SMS' from NT | GSM?,"As per the decision of of 2081/09/25 of Nepal Telecommunications Authority, abiding by the Telecomm... Read More VoLTE VoLTE (Voice over LTE) is an advanced technology that delivers high-qualitylife-like sound over voic... Read More VoLTE (Voice over LTE) is an advanced technology that delivers high-qualitylife-like sound over voic... Read More Useful Short Codes 1. Mobile Service Service Purpose Code Method Packages ... Read More","As per the decision of of 2081/09/25 of Nepal Telecommunications Authority, abiding by the Telecomm... Read More VoLTE VoLTE (Voice over LTE) is an advanced technology that delivers high-qualitylife-like sound over voic... Read More VoLTE (Voice over LTE) is an advanced technology that delivers high-qualitylife-like sound over voic... Read More Useful Short Codes 1. Mobile Service Service Purpose Code Method Packages ... Read More",eSIM: https://esim.ntc.net.np | Career: https://www.ntc.net.np/post/new-career | Offers: https://www.ntc.net.np/post/summer-package | Offers: https://offer.ntc.net.np/ | Email: https://webmail.ntc.net.np/ | Check your monthly GSM bill online: https://gsmbl.ntc.net.np/ | FAQ (FNF Service): https://cms.ntc.net.np/storage/media/8xCusWq0ANCQwaQXGzQaXEKYceVmRfXNA3e6T30E.pdf | SIM/RUIM Record Update Request Form: https://cms.ntc.net.np/storage/media/uaxTrlHZszyAEzhr5NVAeFiCZwtIVhDJTlNxIqEh.pdf | Agreement Form (कबुलनामा): https://cms.ntc.net.np/storage/media/2a6KcAIIdm6CeSrMoVuqwiLPiMeTJwCixnY8MoQX.pdf | CUG Form: https://cms.ntc.net.np/storage/media/UowtlQCDG48HLzQntGYyE7bpcrYUL0qw2CyMkRMp.pdf | NTC Mobile Registration Form (Prepaid & Postpaid): https://cms.ntc.net.np/storage/media/7opMoxGVABKIbtw3wNQyAwclopVIDdxSfjLjK0D2.pdf | GSM Postpaid Ownership Transfer Form: https://cms.ntc.net.np/storage/media/70f8fFyNousbg2WczQPIf1Vg94LOy9iNK6vZHjg9.pdf
https://www.ntc.net.np/category/gsm,NT | GSM,Useful Short Codes,paragraph,What is the information about 'Useful Short Codes' from NT | GSM?,"1. Mobile Service Service Purpose Code Method Packages ... Read More Mobile APP Install “Nepal Telecom” APP from Playstore or iOS App store. To enjoy various features from the APP,... Read More Install “Nepal Telecom” APP from Playstore or iOS App store. To enjoy various features from the APP,... Read More MPoS Pinless Top-Up MPoS (Pinless Top-Up) Recharge Service is available for GSM Namaste prepaid subscribers. Customers c... Read More","1. Mobile Service Service Purpose Code Method Packages ... Read More Mobile APP Install “Nepal Telecom” APP from Playstore or iOS App store. To enjoy various features from the APP,... Read More Install “Nepal Telecom” APP from Playstore or iOS App store. To enjoy various features from the APP,... Read More MPoS Pinless Top-Up MPoS (Pinless Top-Up) Recharge Service is available for GSM Namaste prepaid subscribers. Customers c... Read More",eSIM: https://esim.ntc.net.np | Career: https://www.ntc.net.np/post/new-career | Offers: https://www.ntc.net.np/post/summer-package | Offers: https://offer.ntc.net.np/ | Email: https://webmail.ntc.net.np/ | Check your monthly GSM bill online: https://gsmbl.ntc.net.np/ | FAQ (FNF Service): https://cms.ntc.net.np/storage/media/8xCusWq0ANCQwaQXGzQaXEKYceVmRfXNA3e6T30E.pdf | SIM/RUIM Record Update Request Form: https://cms.ntc.net.np/storage/media/uaxTrlHZszyAEzhr5NVAeFiCZwtIVhDJTlNxIqEh.pdf | Agreement Form (कबुलनामा): https://cms.ntc.net.np/storage/media/2a6KcAIIdm6CeSrMoVuqwiLPiMeTJwCixnY8MoQX.pdf | CUG Form: https://cms.ntc.net.np/storage/media/UowtlQCDG48HLzQntGYyE7bpcrYUL0qw2CyMkRMp.pdf | NTC Mobile Registration Form (Prepaid & Postpaid): https://cms.ntc.net.np/storage/media/7opMoxGVABKIbtw3wNQyAwclopVIDdxSfjLjK0D2.pdf | GSM Postpaid Ownership Transfer Form: https://cms.ntc.net.np/storage/media/70f8fFyNousbg2WczQPIf1Vg94LOy9iNK6vZHjg9.pdf
https://www.ntc.net.np/category/gsm,NT | GSM,MPoS Pinless Top-Up,paragraph,What is the information about 'MPoS Pinless Top-Up' from NT | GSM?,MPoS (Pinless Top-Up) Recharge Service is available for GSM Namaste prepaid subscribers. Customers c... Read More GSM Supplementary Service Call Forwarding: This service facilitates the mobile users to forward the incoming call to any ot... Read More,MPoS (Pinless Top-Up) Recharge Service is available for GSM Namaste prepaid subscribers. Customers c... Read More GSM Supplementary Service Call Forwarding: This service facilitates the mobile users to forward the incoming call to any ot... Read More,eSIM: https://esim.ntc.net.np | Career: https://www.ntc.net.np/post/new-career | Offers: https://www.ntc.net.np/post/summer-package | Offers: https://offer.ntc.net.np/ | Email: https://webmail.ntc.net.np/ | Check your monthly GSM bill online: https://gsmbl.ntc.net.np/ | FAQ (FNF Service): https://cms.ntc.net.np/storage/media/8xCusWq0ANCQwaQXGzQaXEKYceVmRfXNA3e6T30E.pdf | SIM/RUIM Record Update Request Form: https://cms.ntc.net.np/storage/media/uaxTrlHZszyAEzhr5NVAeFiCZwtIVhDJTlNxIqEh.pdf | Agreement Form (कबुलनामा): https://cms.ntc.net.np/storage/media/2a6KcAIIdm6CeSrMoVuqwiLPiMeTJwCixnY8MoQX.pdf | CUG Form: https://cms.ntc.net.np/storage/media/UowtlQCDG48HLzQntGYyE7bpcrYUL0qw2CyMkRMp.pdf | NTC Mobile Registration Form (Prepaid & Postpaid): https://cms.ntc.net.np/storage/media/7opMoxGVABKIbtw3wNQyAwclopVIDdxSfjLjK0D2.pdf | GSM Postpaid Ownership Transfer Form: https://cms.ntc.net.np/storage/media/70f8fFyNousbg2WczQPIf1Vg94LOy9iNK6vZHjg9.pdf
https://www.ntc.net.np/category/gsm,NT | GSM,GSM Supplementary Service,paragraph,What is the information about 'GSM Supplementary Service' from NT | GSM?,"Call Forwarding: This service facilitates the mobile users to forward the incoming call to any ot... Read More NT Caller Tune Tariff for CRBT Service Monthly Charge Weekly Charge Caller Tune ... Read More Tariff for CRBT Service Monthly Charge Weekly Charge Caller Tune ... Read More Call waiting feature informs customer about incoming call even if the customer is busy talking with another customer. Option to activate deactivate call wait feature is normally present inside ""Call Setting"" menu of the phone. Or you can activate dialing *43# .Deactivate Using #43#. Check Call waiting status using code *#43#. No need to pay. It is free for Nepal Telecom subscriber. Call hold feature allows customer to place an active call on hold and initiate another call or answer an incoming call. Nepal Telecom have already provisioned this feature for all its valued customer. No need to pay. It is free for all Nepal Telecom subscriber. Call forwarding allows you to forward your incoming calls to another phone number. a. Unconditional Call Forwarding ( dial **21*Number# to activate ) Forwards all of your incoming call to another phone number. b. Call Forwarding when busy (Dial **67* Number# to activat","Call Forwarding: This service facilitates the mobile users to forward the incoming call to any ot... Read More NT Caller Tune Tariff for CRBT Service Monthly Charge Weekly Charge Caller Tune ... Read More Tariff for CRBT Service Monthly Charge Weekly Charge Caller Tune ... Read More Call waiting feature informs customer about incoming call even if the customer is busy talking with another customer. Option to activate deactivate call wait feature is normally present inside ""Call Setting"" menu of the phone. Or you can activate dialing *43# .Deactivate Using #43#. Check Call waiting status using code *#43#. No need to pay. It is free for Nepal Telecom subscriber. Call hold feature allows customer to place an active call on hold and initiate another call or answer an incoming call. Nepal Telecom have already provisioned this feature for all its valued customer. No need to pay. It is free for all Nepal Telecom subscriber. Call forwarding allows you to forward your incoming calls to another phone number. a. Unconditional Call Forwarding ( dial **21*Number# to activate ) Forwards all of your incoming call to another phone number. b. Call Forwarding when busy (Dial **67* Number# to activat",eSIM: https://esim.ntc.net.np | Career: https://www.ntc.net.np/post/new-career | Offers: https://www.ntc.net.np/post/summer-package | Offers: https://offer.ntc.net.np/ | Email: https://webmail.ntc.net.np/ | Check your monthly GSM bill online: https://gsmbl.ntc.net.np/ | FAQ (FNF Service): https://cms.ntc.net.np/storage/media/8xCusWq0ANCQwaQXGzQaXEKYceVmRfXNA3e6T30E.pdf | SIM/RUIM Record Update Request Form: https://cms.ntc.net.np/storage/media/uaxTrlHZszyAEzhr5NVAeFiCZwtIVhDJTlNxIqEh.pdf | Agreement Form (कबुलनामा): https://cms.ntc.net.np/storage/media/2a6KcAIIdm6CeSrMoVuqwiLPiMeTJwCixnY8MoQX.pdf | CUG Form: https://cms.ntc.net.np/storage/media/UowtlQCDG48HLzQntGYyE7bpcrYUL0qw2CyMkRMp.pdf | NTC Mobile Registration Form (Prepaid & Postpaid): https://cms.ntc.net.np/storage/media/7opMoxGVABKIbtw3wNQyAwclopVIDdxSfjLjK0D2.pdf | GSM Postpaid Ownership Transfer Form: https://cms.ntc.net.np/storage/media/70f8fFyNousbg2WczQPIf1Vg94LOy9iNK6vZHjg9.pdf
https://www.ntc.net.np/category/gsm,NT | GSM,Join our Newsletters,paragraph,What is the information about 'Join our Newsletters' from NT | GSM?,Receive the latest news and exclusive offers © 2026 Nepal Telecom. All Rights Reserved. 4G/LTE Band Check,Receive the latest news and exclusive offers © 2026 Nepal Telecom. All Rights Reserved. 4G/LTE Band Check,eSIM: https://esim.ntc.net.np | Career: https://www.ntc.net.np/post/new-career | Offers: https://www.ntc.net.np/post/summer-package | Offers: https://offer.ntc.net.np/ | Email: https://webmail.ntc.net.np/ | Check your monthly GSM bill online: https://gsmbl.ntc.net.np/ | FAQ (FNF Service): https://cms.ntc.net.np/storage/media/8xCusWq0ANCQwaQXGzQaXEKYceVmRfXNA3e6T30E.pdf | SIM/RUIM Record Update Request Form: https://cms.ntc.net.np/storage/media/uaxTrlHZszyAEzhr5NVAeFiCZwtIVhDJTlNxIqEh.pdf | Agreement Form (कबुलनामा): https://cms.ntc.net.np/storage/media/2a6KcAIIdm6CeSrMoVuqwiLPiMeTJwCixnY8MoQX.pdf | CUG Form: https://cms.ntc.net.np/storage/media/UowtlQCDG48HLzQntGYyE7bpcrYUL0qw2CyMkRMp.pdf | NTC Mobile Registration Form (Prepaid & Postpaid): https://cms.ntc.net.np/storage/media/7opMoxGVABKIbtw3wNQyAwclopVIDdxSfjLjK0D2.pdf | GSM Postpaid Ownership Transfer Form: https://cms.ntc.net.np/storage/media/70f8fFyNousbg2WczQPIf1Vg94LOy9iNK6vZHjg9.pdf
https://www.ntc.net.np/category/internet,NT | Internet,General,paragraph,What information is available on NT | Internet?,"EN English नेपाली Self Care Register Login Change Password Change Password DATA/Internet/ Intranet Form Contract Document for DATA/Internet/Intranet Lease Connectivity Form ADSL Registration Form Fiber To The Home - FTTH Dedicated Lease Connectivity Wi-Fi 6 The as follows: A. Wifi-6 Individual Package 1. Internet and Telephone Package ... Read More The as follows: A. Wifi-6 Individual Package 1. Internet and Telephone Package ... Read More Telecom Tariff Click on these links to know Tariffs. Landline Tariff Toll Free Tariff International Call Tarif... Read More Click on these links to know Tariffs. Landline Tariff Toll Free Tariff International Call Tarif... Read More Namaste Wifi Namaste Wi-Fi 1. Namaste Wifi Form 2. Namaste Wifi Tariff Read More Namaste Wi-Fi 1. Namaste Wifi Form 2. Namaste Wifi Tariff Read More Namaste Wi-Fi Tariff The Namaste WiFi Package with bundled CPE device cost (included SIM), is mentioned below. DOWNLOAD ... Read More","EN English नेपाली Self Care Register Login Change Password Change Password DATA/Internet/ Intranet Form Contract Document for DATA/Internet/Intranet Lease Connectivity Form ADSL Registration Form Fiber To The Home - FTTH Dedicated Lease Connectivity Wi-Fi 6 The as follows: A. Wifi-6 Individual Package 1. Internet and Telephone Package ... Read More The as follows: A. Wifi-6 Individual Package 1. Internet and Telephone Package ... Read More Telecom Tariff Click on these links to know Tariffs. Landline Tariff Toll Free Tariff International Call Tarif... Read More Click on these links to know Tariffs. Landline Tariff Toll Free Tariff International Call Tarif... Read More Namaste Wifi Namaste Wi-Fi 1. Namaste Wifi Form 2. Namaste Wifi Tariff Read More Namaste Wi-Fi 1. Namaste Wifi Form 2. Namaste Wifi Tariff Read More Namaste Wi-Fi Tariff The Namaste WiFi Package with bundled CPE device cost (included SIM), is mentioned below. DOWNLOAD ... Read More",eSIM: https://esim.ntc.net.np | Career: https://www.ntc.net.np/post/new-career | Offers: https://www.ntc.net.np/post/summer-package | Offers: https://offer.ntc.net.np/ | Email: https://webmail.ntc.net.np/ | DATA/Internet/ Intranet Form: https://cms.ntc.net.np/storage/media/a95RaGOxlhwhgPFjLZOgETg0EwZ0SBMngCx7lLd7.pdf | Contract Document for DATA/Internet/Intranet: https://cms.ntc.net.np/storage/media/UFaCtEpspyNCqOrk8yTBiOtkXmIodkgaeNBmQZ7A.pdf | FTTH Form: https://cms.ntc.net.np/storage/media/JL2Hed1esiTBTqC756an8zpGGIjLcbG4njBlbgGO.pdf | NTTV - FAQ: https://cms.ntc.net.np/storage/media/167PnKLbj2Ao6dRWadUuoh1TfOoXimPsmEXIPcqh.pdf | NT TV Form: https://cms.ntc.net.np/storage/media/CxzcNcI0qMbuGlPYxeH5OmS3yosZURZMi2fQx4VE.pdf | Lease Connectivity Form: https://cms.ntc.net.np/storage/media/1C4V1HHJTsLcrtjO349WakD0svBT4JhruYOBVCky.pdf | ADSL Registration Form: https://cms.ntc.net.np/storage/media/R1nNGqoOyYN8fboazk326e3ecIcL07WDDnIE2zYG.pdf
https://www.ntc.net.np/category/internet,NT | Internet,Namaste Wi-Fi Tariff,paragraph,What is the information about 'Namaste Wi-Fi Tariff' from NT | Internet?,"The Namaste WiFi Package with bundled CPE device cost (included SIM), is mentioned below. DOWNLOAD ... Read More NTTV Premium Package Channel List S.N. Category Channel Name Channel SD Channel HD 1 ... Read More","The Namaste WiFi Package with bundled CPE device cost (included SIM), is mentioned below. DOWNLOAD ... Read More NTTV Premium Package Channel List S.N. Category Channel Name Channel SD Channel HD 1 ... Read More",eSIM: https://esim.ntc.net.np | Career: https://www.ntc.net.np/post/new-career | Offers: https://www.ntc.net.np/post/summer-package | Offers: https://offer.ntc.net.np/ | Email: https://webmail.ntc.net.np/ | DATA/Internet/ Intranet Form: https://cms.ntc.net.np/storage/media/a95RaGOxlhwhgPFjLZOgETg0EwZ0SBMngCx7lLd7.pdf | Contract Document for DATA/Internet/Intranet: https://cms.ntc.net.np/storage/media/UFaCtEpspyNCqOrk8yTBiOtkXmIodkgaeNBmQZ7A.pdf | FTTH Form: https://cms.ntc.net.np/storage/media/JL2Hed1esiTBTqC756an8zpGGIjLcbG4njBlbgGO.pdf | NTTV - FAQ: https://cms.ntc.net.np/storage/media/167PnKLbj2Ao6dRWadUuoh1TfOoXimPsmEXIPcqh.pdf | NT TV Form: https://cms.ntc.net.np/storage/media/CxzcNcI0qMbuGlPYxeH5OmS3yosZURZMi2fQx4VE.pdf | Lease Connectivity Form: https://cms.ntc.net.np/storage/media/1C4V1HHJTsLcrtjO349WakD0svBT4JhruYOBVCky.pdf | ADSL Registration Form: https://cms.ntc.net.np/storage/media/R1nNGqoOyYN8fboazk326e3ecIcL07WDDnIE2zYG.pdf
https://www.ntc.net.np/category/internet,NT | Internet,NTTV Premium Package Channel List,paragraph,What is the information about 'NTTV Premium Package Channel List' from NT | Internet?,S.N. Category Channel Name Channel SD Channel HD 1 ... Read More NTTV Basic Package Channel List S.N. Category Channel Name Channel SD Channel HD 1 ... Read More,S.N. Category Channel Name Channel SD Channel HD 1 ... Read More NTTV Basic Package Channel List S.N. Category Channel Name Channel SD Channel HD 1 ... Read More,eSIM: https://esim.ntc.net.np | Career: https://www.ntc.net.np/post/new-career | Offers: https://www.ntc.net.np/post/summer-package | Offers: https://offer.ntc.net.np/ | Email: https://webmail.ntc.net.np/ | DATA/Internet/ Intranet Form: https://cms.ntc.net.np/storage/media/a95RaGOxlhwhgPFjLZOgETg0EwZ0SBMngCx7lLd7.pdf | Contract Document for DATA/Internet/Intranet: https://cms.ntc.net.np/storage/media/UFaCtEpspyNCqOrk8yTBiOtkXmIodkgaeNBmQZ7A.pdf | FTTH Form: https://cms.ntc.net.np/storage/media/JL2Hed1esiTBTqC756an8zpGGIjLcbG4njBlbgGO.pdf | NTTV - FAQ: https://cms.ntc.net.np/storage/media/167PnKLbj2Ao6dRWadUuoh1TfOoXimPsmEXIPcqh.pdf | NT TV Form: https://cms.ntc.net.np/storage/media/CxzcNcI0qMbuGlPYxeH5OmS3yosZURZMi2fQx4VE.pdf | Lease Connectivity Form: https://cms.ntc.net.np/storage/media/1C4V1HHJTsLcrtjO349WakD0svBT4JhruYOBVCky.pdf | ADSL Registration Form: https://cms.ntc.net.np/storage/media/R1nNGqoOyYN8fboazk326e3ecIcL07WDDnIE2zYG.pdf
https://www.ntc.net.np/category/internet,NT | Internet,NTTV Basic Package Channel List,paragraph,What is the information about 'NTTV Basic Package Channel List' from NT | Internet?,S.N. Category Channel Name Channel SD Channel HD 1 ... Read More NTTV - FAQ NTTV बारेमा बारम्बार सोधिने प्रश्न र तिनका उत्तरहरु: NTTV भनेको के हो ? नेपाल टेलिकमले ग्राहकह... Read More NTTV बारेमा बारम्बार सोधिने प्रश्न र तिनका उत्तरहरु: NTTV भनेको के हो ? नेपाल टेलिकमले ग्राहकह... Read More 4G Coverage Province District Local Bodies 1 BHOJPUR Bhojpur Nagarpalika... Read More Province District Local Bodies 1 BHOJPUR Bhojpur Nagarpalika... Read More How to Subscribe ADSL ? You need to have PSTN line from Nepal Telecom. Submit the ADSL form mentioning the desired spee... Read More,S.N. Category Channel Name Channel SD Channel HD 1 ... Read More NTTV - FAQ NTTV बारेमा बारम्बार सोधिने प्रश्न र तिनका उत्तरहरु: NTTV भनेको के हो ? नेपाल टेलिकमले ग्राहकह... Read More NTTV बारेमा बारम्बार सोधिने प्रश्न र तिनका उत्तरहरु: NTTV भनेको के हो ? नेपाल टेलिकमले ग्राहकह... Read More 4G Coverage Province District Local Bodies 1 BHOJPUR Bhojpur Nagarpalika... Read More Province District Local Bodies 1 BHOJPUR Bhojpur Nagarpalika... Read More How to Subscribe ADSL ? You need to have PSTN line from Nepal Telecom. Submit the ADSL form mentioning the desired spee... Read More,eSIM: https://esim.ntc.net.np | Career: https://www.ntc.net.np/post/new-career | Offers: https://www.ntc.net.np/post/summer-package | Offers: https://offer.ntc.net.np/ | Email: https://webmail.ntc.net.np/ | DATA/Internet/ Intranet Form: https://cms.ntc.net.np/storage/media/a95RaGOxlhwhgPFjLZOgETg0EwZ0SBMngCx7lLd7.pdf | Contract Document for DATA/Internet/Intranet: https://cms.ntc.net.np/storage/media/UFaCtEpspyNCqOrk8yTBiOtkXmIodkgaeNBmQZ7A.pdf | FTTH Form: https://cms.ntc.net.np/storage/media/JL2Hed1esiTBTqC756an8zpGGIjLcbG4njBlbgGO.pdf | NTTV - FAQ: https://cms.ntc.net.np/storage/media/167PnKLbj2Ao6dRWadUuoh1TfOoXimPsmEXIPcqh.pdf | NT TV Form: https://cms.ntc.net.np/storage/media/CxzcNcI0qMbuGlPYxeH5OmS3yosZURZMi2fQx4VE.pdf | Lease Connectivity Form: https://cms.ntc.net.np/storage/media/1C4V1HHJTsLcrtjO349WakD0svBT4JhruYOBVCky.pdf | ADSL Registration Form: https://cms.ntc.net.np/storage/media/R1nNGqoOyYN8fboazk326e3ecIcL07WDDnIE2zYG.pdf
https://www.ntc.net.np/category/internet,NT | Internet,How to Subscribe ADSL ?,paragraph,What is the information about 'How to Subscribe ADSL ?' from NT | Internet?,"You need to have PSTN line from Nepal Telecom. Submit the ADSL form mentioning the desired spee... Read More ADSL Modem (CPE) Configuration After Purchasing CPE (ADSL 2+ modem), Client are requested go through its manual thoroughly. ... Read More","You need to have PSTN line from Nepal Telecom. Submit the ADSL form mentioning the desired spee... Read More ADSL Modem (CPE) Configuration After Purchasing CPE (ADSL 2+ modem), Client are requested go through its manual thoroughly. ... Read More",eSIM: https://esim.ntc.net.np | Career: https://www.ntc.net.np/post/new-career | Offers: https://www.ntc.net.np/post/summer-package | Offers: https://offer.ntc.net.np/ | Email: https://webmail.ntc.net.np/ | DATA/Internet/ Intranet Form: https://cms.ntc.net.np/storage/media/a95RaGOxlhwhgPFjLZOgETg0EwZ0SBMngCx7lLd7.pdf | Contract Document for DATA/Internet/Intranet: https://cms.ntc.net.np/storage/media/UFaCtEpspyNCqOrk8yTBiOtkXmIodkgaeNBmQZ7A.pdf | FTTH Form: https://cms.ntc.net.np/storage/media/JL2Hed1esiTBTqC756an8zpGGIjLcbG4njBlbgGO.pdf | NTTV - FAQ: https://cms.ntc.net.np/storage/media/167PnKLbj2Ao6dRWadUuoh1TfOoXimPsmEXIPcqh.pdf | NT TV Form: https://cms.ntc.net.np/storage/media/CxzcNcI0qMbuGlPYxeH5OmS3yosZURZMi2fQx4VE.pdf | Lease Connectivity Form: https://cms.ntc.net.np/storage/media/1C4V1HHJTsLcrtjO349WakD0svBT4JhruYOBVCky.pdf | ADSL Registration Form: https://cms.ntc.net.np/storage/media/R1nNGqoOyYN8fboazk326e3ecIcL07WDDnIE2zYG.pdf
https://www.ntc.net.np/category/internet,NT | Internet,ADSL Modem (CPE) Configuration,paragraph,What is the information about 'ADSL Modem (CPE) Configuration' from NT | Internet?,"After Purchasing CPE (ADSL 2+ modem), Client are requested go through its manual thoroughly. ... Read More 4G LTE Network The world of technology is changing at a rapid pace and telecommunications technology is not an exce... Read More The world of technology is changing at a rapid pace and telecommunications technology is not an exce... Read More","After Purchasing CPE (ADSL 2+ modem), Client are requested go through its manual thoroughly. ... Read More 4G LTE Network The world of technology is changing at a rapid pace and telecommunications technology is not an exce... Read More The world of technology is changing at a rapid pace and telecommunications technology is not an exce... Read More",eSIM: https://esim.ntc.net.np | Career: https://www.ntc.net.np/post/new-career | Offers: https://www.ntc.net.np/post/summer-package | Offers: https://offer.ntc.net.np/ | Email: https://webmail.ntc.net.np/ | DATA/Internet/ Intranet Form: https://cms.ntc.net.np/storage/media/a95RaGOxlhwhgPFjLZOgETg0EwZ0SBMngCx7lLd7.pdf | Contract Document for DATA/Internet/Intranet: https://cms.ntc.net.np/storage/media/UFaCtEpspyNCqOrk8yTBiOtkXmIodkgaeNBmQZ7A.pdf | FTTH Form: https://cms.ntc.net.np/storage/media/JL2Hed1esiTBTqC756an8zpGGIjLcbG4njBlbgGO.pdf | NTTV - FAQ: https://cms.ntc.net.np/storage/media/167PnKLbj2Ao6dRWadUuoh1TfOoXimPsmEXIPcqh.pdf | NT TV Form: https://cms.ntc.net.np/storage/media/CxzcNcI0qMbuGlPYxeH5OmS3yosZURZMi2fQx4VE.pdf | Lease Connectivity Form: https://cms.ntc.net.np/storage/media/1C4V1HHJTsLcrtjO349WakD0svBT4JhruYOBVCky.pdf | ADSL Registration Form: https://cms.ntc.net.np/storage/media/R1nNGqoOyYN8fboazk326e3ecIcL07WDDnIE2zYG.pdf
https://www.ntc.net.np/category/internet,NT | Internet,Join our Newsletters,paragraph,What is the information about 'Join our Newsletters' from NT | Internet?,Receive the latest news and exclusive offers © 2026 Nepal Telecom. All Rights Reserved. 4G/LTE Band Check,Receive the latest news and exclusive offers © 2026 Nepal Telecom. All Rights Reserved. 4G/LTE Band Check,eSIM: https://esim.ntc.net.np | Career: https://www.ntc.net.np/post/new-career | Offers: https://www.ntc.net.np/post/summer-package | Offers: https://offer.ntc.net.np/ | Email: https://webmail.ntc.net.np/ | DATA/Internet/ Intranet Form: https://cms.ntc.net.np/storage/media/a95RaGOxlhwhgPFjLZOgETg0EwZ0SBMngCx7lLd7.pdf | Contract Document for DATA/Internet/Intranet: https://cms.ntc.net.np/storage/media/UFaCtEpspyNCqOrk8yTBiOtkXmIodkgaeNBmQZ7A.pdf | FTTH Form: https://cms.ntc.net.np/storage/media/JL2Hed1esiTBTqC756an8zpGGIjLcbG4njBlbgGO.pdf | NTTV - FAQ: https://cms.ntc.net.np/storage/media/167PnKLbj2Ao6dRWadUuoh1TfOoXimPsmEXIPcqh.pdf | NT TV Form: https://cms.ntc.net.np/storage/media/CxzcNcI0qMbuGlPYxeH5OmS3yosZURZMi2fQx4VE.pdf | Lease Connectivity Form: https://cms.ntc.net.np/storage/media/1C4V1HHJTsLcrtjO349WakD0svBT4JhruYOBVCky.pdf | ADSL Registration Form: https://cms.ntc.net.np/storage/media/R1nNGqoOyYN8fboazk326e3ecIcL07WDDnIE2zYG.pdf
https://www.ntc.net.np/category/fixed-line,NT | Fixed Line,General,paragraph,What information is available on NT | Fixed Line?,EN English नेपाली Self Care Register Login Change Password Change Password Check your monthly Fixed Line bill online Toll Free Number Form New PSTN Connection Form PSTN Ownership Change PSTN Place Transfer Form PSTN Telephone Charges International Call Tariff Toll Free Tariff Toll-Free Phone SIP PBX Service International Call Tariff Country Access code 1424 1425 1445 00 Nrs per/mi... Read More,EN English नेपाली Self Care Register Login Change Password Change Password Check your monthly Fixed Line bill online Toll Free Number Form New PSTN Connection Form PSTN Ownership Change PSTN Place Transfer Form PSTN Telephone Charges International Call Tariff Toll Free Tariff Toll-Free Phone SIP PBX Service International Call Tariff Country Access code 1424 1425 1445 00 Nrs per/mi... Read More,eSIM: https://esim.ntc.net.np | Career: https://www.ntc.net.np/post/new-career | Offers: https://www.ntc.net.np/post/summer-package | Offers: https://offer.ntc.net.np/ | Email: https://webmail.ntc.net.np/ | Check your monthly Fixed Line bill online: https://gsmbl.ntc.net.np/ | Toll Free Number Form: https://cms.ntc.net.np/storage/media/z5LZId9vKNktXcn5BZhoMDO7nJWS0CFG2H6qsTVe.pdf | New PSTN Connection Form: https://cms.ntc.net.np/storage/media/Bb4iOXy68WhFyKdBLRgJphh9IPbDsMz14jfzn9a6.pdf | PSTN Ownership Change: https://cms.ntc.net.np/storage/media/OsfAFMUqZAliH5nHaXzNlTuDDmT8FxZKNFOPAB9V.jpeg | PSTN Place Transfer Form: https://cms.ntc.net.np/storage/media/eWFUzJZPlsU9FwoT6uyTCLnvk5lFgZnQQWibF5rH.pdf
https://www.ntc.net.np/category/fixed-line,NT | Fixed Line,International Call Tariff,paragraph,What is the information about 'International Call Tariff' from NT | Fixed Line?,Country Access code 1424 1425 1445 00 Nrs per/mi... Read More Telecom Tariff Click on these links to know Tariffs. Landline Tariff Toll Free Tariff International Call Tarif... Read More Click on these links to know Tariffs. Landline Tariff Toll Free Tariff International Call Tarif... Read More FTTH Vidhyarthi Offer NT Fiber विद्यार्थी Data Only Offer S.N. Package Name ... Read More,Country Access code 1424 1425 1445 00 Nrs per/mi... Read More Telecom Tariff Click on these links to know Tariffs. Landline Tariff Toll Free Tariff International Call Tarif... Read More Click on these links to know Tariffs. Landline Tariff Toll Free Tariff International Call Tarif... Read More FTTH Vidhyarthi Offer NT Fiber विद्यार्थी Data Only Offer S.N. Package Name ... Read More,eSIM: https://esim.ntc.net.np | Career: https://www.ntc.net.np/post/new-career | Offers: https://www.ntc.net.np/post/summer-package | Offers: https://offer.ntc.net.np/ | Email: https://webmail.ntc.net.np/ | Check your monthly Fixed Line bill online: https://gsmbl.ntc.net.np/ | Toll Free Number Form: https://cms.ntc.net.np/storage/media/z5LZId9vKNktXcn5BZhoMDO7nJWS0CFG2H6qsTVe.pdf | New PSTN Connection Form: https://cms.ntc.net.np/storage/media/Bb4iOXy68WhFyKdBLRgJphh9IPbDsMz14jfzn9a6.pdf | PSTN Ownership Change: https://cms.ntc.net.np/storage/media/OsfAFMUqZAliH5nHaXzNlTuDDmT8FxZKNFOPAB9V.jpeg | PSTN Place Transfer Form: https://cms.ntc.net.np/storage/media/eWFUzJZPlsU9FwoT6uyTCLnvk5lFgZnQQWibF5rH.pdf
https://www.ntc.net.np/category/fixed-line,NT | Fixed Line,FTTH Vidhyarthi Offer,paragraph,What is the information about 'FTTH Vidhyarthi Offer' from NT | Fixed Line?,NT Fiber विद्यार्थी Data Only Offer S.N. Package Name ... Read More Audio Notice Board Service Audio Notice Board Service is a Value-Added service provided by Nepal Telecom. The subscriber can re... Read More,NT Fiber विद्यार्थी Data Only Offer S.N. Package Name ... Read More Audio Notice Board Service Audio Notice Board Service is a Value-Added service provided by Nepal Telecom. The subscriber can re... Read More,eSIM: https://esim.ntc.net.np | Career: https://www.ntc.net.np/post/new-career | Offers: https://www.ntc.net.np/post/summer-package | Offers: https://offer.ntc.net.np/ | Email: https://webmail.ntc.net.np/ | Check your monthly Fixed Line bill online: https://gsmbl.ntc.net.np/ | Toll Free Number Form: https://cms.ntc.net.np/storage/media/z5LZId9vKNktXcn5BZhoMDO7nJWS0CFG2H6qsTVe.pdf | New PSTN Connection Form: https://cms.ntc.net.np/storage/media/Bb4iOXy68WhFyKdBLRgJphh9IPbDsMz14jfzn9a6.pdf | PSTN Ownership Change: https://cms.ntc.net.np/storage/media/OsfAFMUqZAliH5nHaXzNlTuDDmT8FxZKNFOPAB9V.jpeg | PSTN Place Transfer Form: https://cms.ntc.net.np/storage/media/eWFUzJZPlsU9FwoT6uyTCLnvk5lFgZnQQWibF5rH.pdf
https://www.ntc.net.np/category/fixed-line,NT | Fixed Line,Audio Notice Board Service,paragraph,What is the information about 'Audio Notice Board Service' from NT | Fixed Line?,Audio Notice Board Service is a Value-Added service provided by Nepal Telecom. The subscriber can re... Read More NTTV Premium Package Channel List S.N. Category Channel Name Channel SD Channel HD 1 ... Read More,Audio Notice Board Service is a Value-Added service provided by Nepal Telecom. The subscriber can re... Read More NTTV Premium Package Channel List S.N. Category Channel Name Channel SD Channel HD 1 ... Read More,eSIM: https://esim.ntc.net.np | Career: https://www.ntc.net.np/post/new-career | Offers: https://www.ntc.net.np/post/summer-package | Offers: https://offer.ntc.net.np/ | Email: https://webmail.ntc.net.np/ | Check your monthly Fixed Line bill online: https://gsmbl.ntc.net.np/ | Toll Free Number Form: https://cms.ntc.net.np/storage/media/z5LZId9vKNktXcn5BZhoMDO7nJWS0CFG2H6qsTVe.pdf | New PSTN Connection Form: https://cms.ntc.net.np/storage/media/Bb4iOXy68WhFyKdBLRgJphh9IPbDsMz14jfzn9a6.pdf | PSTN Ownership Change: https://cms.ntc.net.np/storage/media/OsfAFMUqZAliH5nHaXzNlTuDDmT8FxZKNFOPAB9V.jpeg | PSTN Place Transfer Form: https://cms.ntc.net.np/storage/media/eWFUzJZPlsU9FwoT6uyTCLnvk5lFgZnQQWibF5rH.pdf
https://www.ntc.net.np/category/fixed-line,NT | Fixed Line,NTTV Premium Package Channel List,paragraph,What is the information about 'NTTV Premium Package Channel List' from NT | Fixed Line?,S.N. Category Channel Name Channel SD Channel HD 1 ... Read More NTTV Basic Package Channel List S.N. Category Channel Name Channel SD Channel HD 1 ... Read More,S.N. Category Channel Name Channel SD Channel HD 1 ... Read More NTTV Basic Package Channel List S.N. Category Channel Name Channel SD Channel HD 1 ... Read More,eSIM: https://esim.ntc.net.np | Career: https://www.ntc.net.np/post/new-career | Offers: https://www.ntc.net.np/post/summer-package | Offers: https://offer.ntc.net.np/ | Email: https://webmail.ntc.net.np/ | Check your monthly Fixed Line bill online: https://gsmbl.ntc.net.np/ | Toll Free Number Form: https://cms.ntc.net.np/storage/media/z5LZId9vKNktXcn5BZhoMDO7nJWS0CFG2H6qsTVe.pdf | New PSTN Connection Form: https://cms.ntc.net.np/storage/media/Bb4iOXy68WhFyKdBLRgJphh9IPbDsMz14jfzn9a6.pdf | PSTN Ownership Change: https://cms.ntc.net.np/storage/media/OsfAFMUqZAliH5nHaXzNlTuDDmT8FxZKNFOPAB9V.jpeg | PSTN Place Transfer Form: https://cms.ntc.net.np/storage/media/eWFUzJZPlsU9FwoT6uyTCLnvk5lFgZnQQWibF5rH.pdf
https://www.ntc.net.np/category/fixed-line,NT | Fixed Line,NTTV Basic Package Channel List,paragraph,What is the information about 'NTTV Basic Package Channel List' from NT | Fixed Line?,S.N. Category Channel Name Channel SD Channel HD 1 ... Read More Useful PSTN Services Services ISD Service: International Service Dialing Abbreviated Dialing:Save frequently dial... Read More,S.N. Category Channel Name Channel SD Channel HD 1 ... Read More Useful PSTN Services Services ISD Service: International Service Dialing Abbreviated Dialing:Save frequently dial... Read More,eSIM: https://esim.ntc.net.np | Career: https://www.ntc.net.np/post/new-career | Offers: https://www.ntc.net.np/post/summer-package | Offers: https://offer.ntc.net.np/ | Email: https://webmail.ntc.net.np/ | Check your monthly Fixed Line bill online: https://gsmbl.ntc.net.np/ | Toll Free Number Form: https://cms.ntc.net.np/storage/media/z5LZId9vKNktXcn5BZhoMDO7nJWS0CFG2H6qsTVe.pdf | New PSTN Connection Form: https://cms.ntc.net.np/storage/media/Bb4iOXy68WhFyKdBLRgJphh9IPbDsMz14jfzn9a6.pdf | PSTN Ownership Change: https://cms.ntc.net.np/storage/media/OsfAFMUqZAliH5nHaXzNlTuDDmT8FxZKNFOPAB9V.jpeg | PSTN Place Transfer Form: https://cms.ntc.net.np/storage/media/eWFUzJZPlsU9FwoT6uyTCLnvk5lFgZnQQWibF5rH.pdf
https://www.ntc.net.np/category/fixed-line,NT | Fixed Line,Useful PSTN Services,paragraph,What is the information about 'Useful PSTN Services' from NT | Fixed Line?,Services ISD Service: International Service Dialing Abbreviated Dialing:Save frequently dial... Read More Useful Short Codes 1. Mobile Service Service Purpose Code Method Packages ... Read More,Services ISD Service: International Service Dialing Abbreviated Dialing:Save frequently dial... Read More Useful Short Codes 1. Mobile Service Service Purpose Code Method Packages ... Read More,eSIM: https://esim.ntc.net.np | Career: https://www.ntc.net.np/post/new-career | Offers: https://www.ntc.net.np/post/summer-package | Offers: https://offer.ntc.net.np/ | Email: https://webmail.ntc.net.np/ | Check your monthly Fixed Line bill online: https://gsmbl.ntc.net.np/ | Toll Free Number Form: https://cms.ntc.net.np/storage/media/z5LZId9vKNktXcn5BZhoMDO7nJWS0CFG2H6qsTVe.pdf | New PSTN Connection Form: https://cms.ntc.net.np/storage/media/Bb4iOXy68WhFyKdBLRgJphh9IPbDsMz14jfzn9a6.pdf | PSTN Ownership Change: https://cms.ntc.net.np/storage/media/OsfAFMUqZAliH5nHaXzNlTuDDmT8FxZKNFOPAB9V.jpeg | PSTN Place Transfer Form: https://cms.ntc.net.np/storage/media/eWFUzJZPlsU9FwoT6uyTCLnvk5lFgZnQQWibF5rH.pdf
https://www.ntc.net.np/category/fixed-line,NT | Fixed Line,Useful Short Codes,paragraph,What is the information about 'Useful Short Codes' from NT | Fixed Line?,1. Mobile Service Service Purpose Code Method Packages ... Read More,1. Mobile Service Service Purpose Code Method Packages ... Read More,eSIM: https://esim.ntc.net.np | Career: https://www.ntc.net.np/post/new-career | Offers: https://www.ntc.net.np/post/summer-package | Offers: https://offer.ntc.net.np/ | Email: https://webmail.ntc.net.np/ | Check your monthly Fixed Line bill online: https://gsmbl.ntc.net.np/ | Toll Free Number Form: https://cms.ntc.net.np/storage/media/z5LZId9vKNktXcn5BZhoMDO7nJWS0CFG2H6qsTVe.pdf | New PSTN Connection Form: https://cms.ntc.net.np/storage/media/Bb4iOXy68WhFyKdBLRgJphh9IPbDsMz14jfzn9a6.pdf | PSTN Ownership Change: https://cms.ntc.net.np/storage/media/OsfAFMUqZAliH5nHaXzNlTuDDmT8FxZKNFOPAB9V.jpeg | PSTN Place Transfer Form: https://cms.ntc.net.np/storage/media/eWFUzJZPlsU9FwoT6uyTCLnvk5lFgZnQQWibF5rH.pdf
https://www.ntc.net.np/category/fixed-line,NT | Fixed Line,Join our Newsletters,paragraph,What is the information about 'Join our Newsletters' from NT | Fixed Line?,Receive the latest news and exclusive offers © 2026 Nepal Telecom. All Rights Reserved. 4G/LTE Band Check,Receive the latest news and exclusive offers © 2026 Nepal Telecom. All Rights Reserved. 4G/LTE Band Check,eSIM: https://esim.ntc.net.np | Career: https://www.ntc.net.np/post/new-career | Offers: https://www.ntc.net.np/post/summer-package | Offers: https://offer.ntc.net.np/ | Email: https://webmail.ntc.net.np/ | Check your monthly Fixed Line bill online: https://gsmbl.ntc.net.np/ | Toll Free Number Form: https://cms.ntc.net.np/storage/media/z5LZId9vKNktXcn5BZhoMDO7nJWS0CFG2H6qsTVe.pdf | New PSTN Connection Form: https://cms.ntc.net.np/storage/media/Bb4iOXy68WhFyKdBLRgJphh9IPbDsMz14jfzn9a6.pdf | PSTN Ownership Change: https://cms.ntc.net.np/storage/media/OsfAFMUqZAliH5nHaXzNlTuDDmT8FxZKNFOPAB9V.jpeg | PSTN Place Transfer Form: https://cms.ntc.net.np/storage/media/eWFUzJZPlsU9FwoT6uyTCLnvk5lFgZnQQWibF5rH.pdf
https://www.ntc.net.np/category/vas,NT | VAS,General,paragraph,What information is available on NT | VAS?,EN English नेपाली Self Care Register Login Change Password Change Password NT Caller Tune Tariff SMS Based VAS Services CRBT(Caller Ring Back Tone) Missed Call Alert (MCA) Service Audio Notice Board Service Audio Notice Board Service is a Value-Added service provided by Nepal Telecom. The subscriber can re... Read More,EN English नेपाली Self Care Register Login Change Password Change Password NT Caller Tune Tariff SMS Based VAS Services CRBT(Caller Ring Back Tone) Missed Call Alert (MCA) Service Audio Notice Board Service Audio Notice Board Service is a Value-Added service provided by Nepal Telecom. The subscriber can re... Read More,eSIM: https://esim.ntc.net.np | Career: https://www.ntc.net.np/post/new-career | Offers: https://www.ntc.net.np/post/summer-package | Offers: https://offer.ntc.net.np/ | Email: https://webmail.ntc.net.np/
https://www.ntc.net.np/category/vas,NT | VAS,Audio Notice Board Service,paragraph,What is the information about 'Audio Notice Board Service' from NT | VAS?,Audio Notice Board Service is a Value-Added service provided by Nepal Telecom. The subscriber can re... Read More VAS Value Added Services MCA MCA informs customers about all the calls that are missed while bei... Read More Value Added Services MCA MCA informs customers about all the calls that are missed while bei... Read More Easy Phone Service Nepal Telecom introduced SIP phone (Session Initial Protocol) with its brand name NT EasyPhone. Usin... Read More,Audio Notice Board Service is a Value-Added service provided by Nepal Telecom. The subscriber can re... Read More VAS Value Added Services MCA MCA informs customers about all the calls that are missed while bei... Read More Value Added Services MCA MCA informs customers about all the calls that are missed while bei... Read More Easy Phone Service Nepal Telecom introduced SIP phone (Session Initial Protocol) with its brand name NT EasyPhone. Usin... Read More,eSIM: https://esim.ntc.net.np | Career: https://www.ntc.net.np/post/new-career | Offers: https://www.ntc.net.np/post/summer-package | Offers: https://offer.ntc.net.np/ | Email: https://webmail.ntc.net.np/
https://www.ntc.net.np/category/vas,NT | VAS,Easy Phone Service,paragraph,What is the information about 'Easy Phone Service' from NT | VAS?,Nepal Telecom introduced SIP phone (Session Initial Protocol) with its brand name NT EasyPhone. Usin... Read More,Nepal Telecom introduced SIP phone (Session Initial Protocol) with its brand name NT EasyPhone. Usin... Read More,eSIM: https://esim.ntc.net.np | Career: https://www.ntc.net.np/post/new-career | Offers: https://www.ntc.net.np/post/summer-package | Offers: https://offer.ntc.net.np/ | Email: https://webmail.ntc.net.np/
https://www.ntc.net.np/category/vas,NT | VAS,Join our Newsletters,paragraph,What is the information about 'Join our Newsletters' from NT | VAS?,Receive the latest news and exclusive offers © 2026 Nepal Telecom. All Rights Reserved. 4G/LTE Band Check,Receive the latest news and exclusive offers © 2026 Nepal Telecom. All Rights Reserved. 4G/LTE Band Check,eSIM: https://esim.ntc.net.np | Career: https://www.ntc.net.np/post/new-career | Offers: https://www.ntc.net.np/post/summer-package | Offers: https://offer.ntc.net.np/ | Email: https://webmail.ntc.net.np/
https://www.ntc.net.np/services,NT | Services,General,paragraph,What information is available on NT | Services?,EN English नेपाली Self Care Register Login Change Password Change Password,EN English नेपाली Self Care Register Login Change Password Change Password,eSIM: https://esim.ntc.net.np | Career: https://www.ntc.net.np/post/new-career | Offers: https://www.ntc.net.np/post/summer-package | Offers: https://offer.ntc.net.np/ | Email: https://webmail.ntc.net.np/
https://www.ntc.net.np/services,NT | Services,All Services > All Businesses,paragraph,What is the information about 'All Services > All Businesses' from NT | Services?,International Roaming SMS Based VAS Services Fiber To The Home - FTTH GSM Prepaid Service GSM Postpaid Service Friends and Family Call Service (FNF) Missed Call Alert (MCA) Service SIP PBX Service Toll-Free Phone CRBT(Caller Ring Back Tone) Dedicated Lease Connectivity,International Roaming SMS Based VAS Services Fiber To The Home - FTTH GSM Prepaid Service GSM Postpaid Service Friends and Family Call Service (FNF) Missed Call Alert (MCA) Service SIP PBX Service Toll-Free Phone CRBT(Caller Ring Back Tone) Dedicated Lease Connectivity,eSIM: https://esim.ntc.net.np | Career: https://www.ntc.net.np/post/new-career | Offers: https://www.ntc.net.np/post/summer-package | Offers: https://offer.ntc.net.np/ | Email: https://webmail.ntc.net.np/
https://www.ntc.net.np/services,NT | Services,Join our Newsletters,paragraph,What is the information about 'Join our Newsletters' from NT | Services?,Receive the latest news and exclusive offers © 2026 Nepal Telecom. All Rights Reserved. 4G/LTE Band Check,Receive the latest news and exclusive offers © 2026 Nepal Telecom. All Rights Reserved. 4G/LTE Band Check,eSIM: https://esim.ntc.net.np | Career: https://www.ntc.net.np/post/new-career | Offers: https://www.ntc.net.np/post/summer-package | Offers: https://offer.ntc.net.np/ | Email: https://webmail.ntc.net.np/
https://www.ntc.net.np/services/fiber-to-the-home-ftth,NT | Fiber To The Home - FTTH,S.No,table,What is the information about 'S.No' from NT | Fiber To The Home - FTTH?,S.No: 1 | District: Baglung | Contact Office: Baglung | Contact Number: 068-520111,S.No: 1 | District: Baglung | Contact Office: Baglung | Contact Number: 068-520111,
https://www.ntc.net.np/services/fiber-to-the-home-ftth,NT | Fiber To The Home - FTTH,S.No,table,What is the information about 'S.No' from NT | Fiber To The Home - FTTH?,S.No: 2 | District: Banke | Contact Office: Nepalgunj | Contact Number: 081-528333,S.No: 2 | District: Banke | Contact Office: Nepalgunj | Contact Number: 081-528333,
https://www.ntc.net.np/services/fiber-to-the-home-ftth,NT | Fiber To The Home - FTTH,S.No,table,What is the information about 'S.No' from NT | Fiber To The Home - FTTH?,S.No: 3 | District: Banke | Contact Office: Karkando | Contact Number: 081-528333,S.No: 3 | District: Banke | Contact Office: Karkando | Contact Number: 081-528333,
https://www.ntc.net.np/services/fiber-to-the-home-ftth,NT | Fiber To The Home - FTTH,S.No,table,What is the information about 'S.No' from NT | Fiber To The Home - FTTH?,S.No: 4 | District: Banke | Contact Office: Kohalpur | Contact Number: 081-540006,S.No: 4 | District: Banke | Contact Office: Kohalpur | Contact Number: 081-540006,
https://www.ntc.net.np/services/fiber-to-the-home-ftth,NT | Fiber To The Home - FTTH,S.No,table,What is the information about 'S.No' from NT | Fiber To The Home - FTTH?,"S.No: 5 | District: Bhaktapur | Contact Office: Bhaktapur | Contact Number: 016620066, 016618852","S.No: 5 | District: Bhaktapur | Contact Office: Bhaktapur | Contact Number: 016620066, 016618852",
https://www.ntc.net.np/services/fiber-to-the-home-ftth,NT | Fiber To The Home - FTTH,S.No,table,What is the information about 'S.No' from NT | Fiber To The Home - FTTH?,"S.No: 6 | District: Bhaktapur | Contact Office: Thimi | Contact Number: 016632600, 016632700","S.No: 6 | District: Bhaktapur | Contact Office: Thimi | Contact Number: 016632600, 016632700",
https://www.ntc.net.np/services/fiber-to-the-home-ftth,NT | Fiber To The Home - FTTH,S.No,table,What is the information about 'S.No' from NT | Fiber To The Home - FTTH?,S.No: 7 | District: Chitwan | Contact Office: Parsa | Contact Number: 056-582111,S.No: 7 | District: Chitwan | Contact Office: Parsa | Contact Number: 056-582111,
https://www.ntc.net.np/services/fiber-to-the-home-ftth,NT | Fiber To The Home - FTTH,S.No,table,What is the information about 'S.No' from NT | Fiber To The Home - FTTH?,S.No: 8 | District: Chitwan | Contact Office: Sauraha | Contact Number: 056-561177,S.No: 8 | District: Chitwan | Contact Office: Sauraha | Contact Number: 056-561177,
https://www.ntc.net.np/services/fiber-to-the-home-ftth,NT | Fiber To The Home - FTTH,S.No,table,What is the information about 'S.No' from NT | Fiber To The Home - FTTH?,S.No: 9 | District: Chitwan | Contact Office: Tandi | Contact Number: 056-561177,S.No: 9 | District: Chitwan | Contact Office: Tandi | Contact Number: 056-561177,
https://www.ntc.net.np/services/fiber-to-the-home-ftth,NT | Fiber To The Home - FTTH,S.No,table,What is the information about 'S.No' from NT | Fiber To The Home - FTTH?,S.No: 10 | District: Chitwan | Contact Office: Bharatpur | Contact Number: 056-510511,S.No: 10 | District: Chitwan | Contact Office: Bharatpur | Contact Number: 056-510511,
https://www.ntc.net.np/services/fiber-to-the-home-ftth,NT | Fiber To The Home - FTTH,S.No,table,What is the information about 'S.No' from NT | Fiber To The Home - FTTH?,S.No: 11 | District: Chitwan | Contact Office: Bhandara | Contact Number: 056-550000,S.No: 11 | District: Chitwan | Contact Office: Bhandara | Contact Number: 056-550000,
https://www.ntc.net.np/services/fiber-to-the-home-ftth,NT | Fiber To The Home - FTTH,S.No,table,What is the information about 'S.No' from NT | Fiber To The Home - FTTH?,S.No: 12 | District: Dailekh | Contact Office: Dailekh | Contact Number: 089-420122,S.No: 12 | District: Dailekh | Contact Office: Dailekh | Contact Number: 089-420122,
https://www.ntc.net.np/services/fiber-to-the-home-ftth,NT | Fiber To The Home - FTTH,S.No,table,What is the information about 'S.No' from NT | Fiber To The Home - FTTH?,S.No: 13 | District: Dailekh | Contact Office: Dailekh | Contact Number: 089-420122,S.No: 13 | District: Dailekh | Contact Office: Dailekh | Contact Number: 089-420122,
https://www.ntc.net.np/services/fiber-to-the-home-ftth,NT | Fiber To The Home - FTTH,S.No,table,What is the information about 'S.No' from NT | Fiber To The Home - FTTH?,S.No: 14 | District: Dang | Contact Office: Ghorahi | Contact Number: 082-560474,S.No: 14 | District: Dang | Contact Office: Ghorahi | Contact Number: 082-560474,
https://www.ntc.net.np/services/fiber-to-the-home-ftth,NT | Fiber To The Home - FTTH,S.No,table,What is the information about 'S.No' from NT | Fiber To The Home - FTTH?,S.No: 15 | District: Dang | Contact Office: Tulsipur | Contact Number: 082-521200,S.No: 15 | District: Dang | Contact Office: Tulsipur | Contact Number: 082-521200,
https://www.ntc.net.np/services/fiber-to-the-home-ftth,NT | Fiber To The Home - FTTH,S.No,table,What is the information about 'S.No' from NT | Fiber To The Home - FTTH?,S.No: 16 | District: Dhading | Contact Office: Dhadingbesi | Contact Number: 010-520104,S.No: 16 | District: Dhading | Contact Office: Dhadingbesi | Contact Number: 010-520104,
https://www.ntc.net.np/services/fiber-to-the-home-ftth,NT | Fiber To The Home - FTTH,S.No,table,What is the information about 'S.No' from NT | Fiber To The Home - FTTH?,"S.No: 17 | District: Dhankuta | Contact Office: Dhankuta | Contact Number: 026522198, 026522108","S.No: 17 | District: Dhankuta | Contact Office: Dhankuta | Contact Number: 026522198, 026522108",
https://www.ntc.net.np/services/fiber-to-the-home-ftth,NT | Fiber To The Home - FTTH,S.No,table,What is the information about 'S.No' from NT | Fiber To The Home - FTTH?,"S.No: 18 | District: Dhanusha | Contact Office: Janakpur,Kadamchowk,Pathiyabazar | Contact Number: 041-421777","S.No: 18 | District: Dhanusha | Contact Office: Janakpur,Kadamchowk,Pathiyabazar | Contact Number: 041-421777",
https://www.ntc.net.np/services/fiber-to-the-home-ftth,NT | Fiber To The Home - FTTH,S.No,table,What is the information about 'S.No' from NT | Fiber To The Home - FTTH?,"S.No: 19 | District: Dolakha | Contact Office: Charikot | Contact Number: 049421430, 049421122","S.No: 19 | District: Dolakha | Contact Office: Charikot | Contact Number: 049421430, 049421122",
https://www.ntc.net.np/services/fiber-to-the-home-ftth,NT | Fiber To The Home - FTTH,S.No,table,What is the information about 'S.No' from NT | Fiber To The Home - FTTH?,S.No: 20 | District: Dolakha | Contact Office: Jiri | Contact Number: 049-400000,S.No: 20 | District: Dolakha | Contact Office: Jiri | Contact Number: 049-400000,
https://www.ntc.net.np/services/fiber-to-the-home-ftth,NT | Fiber To The Home - FTTH,S.No,table,What is the information about 'S.No' from NT | Fiber To The Home - FTTH?,S.No: 21 | District: Dolakha | Contact Office: Mainapokhari | Contact Number: 049-411000,S.No: 21 | District: Dolakha | Contact Office: Mainapokhari | Contact Number: 049-411000,
https://www.ntc.net.np/services/fiber-to-the-home-ftth,NT | Fiber To The Home - FTTH,S.No,table,What is the information about 'S.No' from NT | Fiber To The Home - FTTH?,S.No: 22 | District: Jajarkot | Contact Office: Jajarkot | Contact Number: 089-430001,S.No: 22 | District: Jajarkot | Contact Office: Jajarkot | Contact Number: 089-430001,
https://www.ntc.net.np/services/fiber-to-the-home-ftth,NT | Fiber To The Home - FTTH,S.No,table,What is the information about 'S.No' from NT | Fiber To The Home - FTTH?,"S.No: 23 | District: Jhapa | Contact Office: Birtamod | Contact Number: 023530444, 023544444","S.No: 23 | District: Jhapa | Contact Office: Birtamod | Contact Number: 023530444, 023544444",
https://www.ntc.net.np/services/fiber-to-the-home-ftth,NT | Fiber To The Home - FTTH,S.No,table,What is the information about 'S.No' from NT | Fiber To The Home - FTTH?,"S.No: 24 | District: Jhapa | Contact Office: Damak | Contact Number: 023573333, 023570001","S.No: 24 | District: Jhapa | Contact Office: Damak | Contact Number: 023573333, 023570001",
https://www.ntc.net.np/services/fiber-to-the-home-ftth,NT | Fiber To The Home - FTTH,S.No,table,What is the information about 'S.No' from NT | Fiber To The Home - FTTH?,S.No: 25 | District: Jumla | Contact Office: Jumla | Contact Number: 087-520101,S.No: 25 | District: Jumla | Contact Office: Jumla | Contact Number: 087-520101,
https://www.ntc.net.np/services/fiber-to-the-home-ftth,NT | Fiber To The Home - FTTH,S.No,table,What is the information about 'S.No' from NT | Fiber To The Home - FTTH?,"S.No: 26 | District: Kailali | Contact Office: Dhangadhi | Contact Number: 091523090, 091522010","S.No: 26 | District: Kailali | Contact Office: Dhangadhi | Contact Number: 091523090, 091522010",
https://www.ntc.net.np/services/fiber-to-the-home-ftth,NT | Fiber To The Home - FTTH,S.No,table,What is the information about 'S.No' from NT | Fiber To The Home - FTTH?,S.No: 27 | District: Kalikot | Contact Office: Kalikot | Contact Number: 087-440044,S.No: 27 | District: Kalikot | Contact Office: Kalikot | Contact Number: 087-440044,
https://www.ntc.net.np/services/fiber-to-the-home-ftth,NT | Fiber To The Home - FTTH,S.No,table,What is the information about 'S.No' from NT | Fiber To The Home - FTTH?,S.No: 28 | District: Kanchanpur | Contact Office: Mahendranagar | Contact Number: 099-522000,S.No: 28 | District: Kanchanpur | Contact Office: Mahendranagar | Contact Number: 099-522000,
https://www.ntc.net.np/services/fiber-to-the-home-ftth,NT | Fiber To The Home - FTTH,S.No,table,What is the information about 'S.No' from NT | Fiber To The Home - FTTH?,S.No: 29 | District: Kapilbastu | Contact Office: Taulihawa | Contact Number: 076-560000,S.No: 29 | District: Kapilbastu | Contact Office: Taulihawa | Contact Number: 076-560000,
https://www.ntc.net.np/services/fiber-to-the-home-ftth,NT | Fiber To The Home - FTTH,S.No,table,What is the information about 'S.No' from NT | Fiber To The Home - FTTH?,S.No: 30 | District: Kapilwastu | Contact Office: Bahadurgunj(Krishnanagar) | Contact Number: 076-590000,S.No: 30 | District: Kapilwastu | Contact Office: Bahadurgunj(Krishnanagar) | Contact Number: 076-590000,
https://www.ntc.net.np/services/fiber-to-the-home-ftth,NT | Fiber To The Home - FTTH,S.No,table,What is the information about 'S.No' from NT | Fiber To The Home - FTTH?,S.No: 31 | District: Kaski | Contact Office: Pardi | Contact Number: 061-550999,S.No: 31 | District: Kaski | Contact Office: Pardi | Contact Number: 061-550999,
https://www.ntc.net.np/services/fiber-to-the-home-ftth,NT | Fiber To The Home - FTTH,S.No,table,What is the information about 'S.No' from NT | Fiber To The Home - FTTH?,S.No: 32 | District: Kaski | Contact Office: Sisuwa | Contact Number: 061-561715,S.No: 32 | District: Kaski | Contact Office: Sisuwa | Contact Number: 061-561715,
https://www.ntc.net.np/services/fiber-to-the-home-ftth,NT | Fiber To The Home - FTTH,S.No,table,What is the information about 'S.No' from NT | Fiber To The Home - FTTH?,"S.No: 33 | District: Kathmandu | Contact Office: Naxal | Contact Number: 014530660, 014516666","S.No: 33 | District: Kathmandu | Contact Office: Naxal | Contact Number: 014530660, 014516666",
https://www.ntc.net.np/services/fiber-to-the-home-ftth,NT | Fiber To The Home - FTTH,S.No,table,What is the information about 'S.No' from NT | Fiber To The Home - FTTH?,"S.No: 34 | District: Kathmandu | Contact Office: Sundhara | Contact Number: 01-5700100, 01-5700108","S.No: 34 | District: Kathmandu | Contact Office: Sundhara | Contact Number: 01-5700100, 01-5700108",
https://www.ntc.net.np/services/fiber-to-the-home-ftth,NT | Fiber To The Home - FTTH,S.No,table,What is the information about 'S.No' from NT | Fiber To The Home - FTTH?,"S.No: 35 | District: Kathmandu | Contact Office: Naxal | Contact Number: 014530660, 014516666","S.No: 35 | District: Kathmandu | Contact Office: Naxal | Contact Number: 014530660, 014516666",
https://www.ntc.net.np/services/fiber-to-the-home-ftth,NT | Fiber To The Home - FTTH,S.No,table,What is the information about 'S.No' from NT | Fiber To The Home - FTTH?,S.No: 36 | District: Kathmandu | Contact Office: Chhauni | Contact Number: 014285001,S.No: 36 | District: Kathmandu | Contact Office: Chhauni | Contact Number: 014285001,
https://www.ntc.net.np/services/fiber-to-the-home-ftth,NT | Fiber To The Home - FTTH,S.No,table,What is the information about 'S.No' from NT | Fiber To The Home - FTTH?,"S.No: 37 | District: Kathmandu | Contact Office: Kirtipur | Contact Number: 014331888, 014331666","S.No: 37 | District: Kathmandu | Contact Office: Kirtipur | Contact Number: 014331888, 014331666",
https://www.ntc.net.np/services/fiber-to-the-home-ftth,NT | Fiber To The Home - FTTH,S.No,table,What is the information about 'S.No' from NT | Fiber To The Home - FTTH?,"S.No: 38 | District: Kathmandu | Contact Office: Balambu | Contact Number: 014315606, 014312012","S.No: 38 | District: Kathmandu | Contact Office: Balambu | Contact Number: 014315606, 014312012",
https://www.ntc.net.np/services/fiber-to-the-home-ftth,NT | Fiber To The Home - FTTH,S.No,table,What is the information about 'S.No' from NT | Fiber To The Home - FTTH?,"S.No: 39 | District: Kathmandu | Contact Office: Naikap | Contact Number: 014315606, 014312000","S.No: 39 | District: Kathmandu | Contact Office: Naikap | Contact Number: 014315606, 014312000",
https://www.ntc.net.np/services/fiber-to-the-home-ftth,NT | Fiber To The Home - FTTH,S.No,table,What is the information about 'S.No' from NT | Fiber To The Home - FTTH?,S.No: 40 | District: Kathmandu | Contact Office: Gongabu | Contact Number: 014350350,S.No: 40 | District: Kathmandu | Contact Office: Gongabu | Contact Number: 014350350,
https://www.ntc.net.np/services/fiber-to-the-home-ftth,NT | Fiber To The Home - FTTH,S.No,table,What is the information about 'S.No' from NT | Fiber To The Home - FTTH?,"S.No: 41 | District: Kathmandu | Contact Office: Hattigaunda | Contact Number: 014372700, 014374800","S.No: 41 | District: Kathmandu | Contact Office: Hattigaunda | Contact Number: 014372700, 014374800",
https://www.ntc.net.np/services/fiber-to-the-home-ftth,NT | Fiber To The Home - FTTH,S.No,table,What is the information about 'S.No' from NT | Fiber To The Home - FTTH?,"S.No: 42 | District: Kathmandu | Contact Office: Gothatar(Thimi) | Contact Number: 016632600, 016632700","S.No: 42 | District: Kathmandu | Contact Office: Gothatar(Thimi) | Contact Number: 016632600, 016632700",
https://www.ntc.net.np/services/fiber-to-the-home-ftth,NT | Fiber To The Home - FTTH,S.No,table,What is the information about 'S.No' from NT | Fiber To The Home - FTTH?,"S.No: 43 | District: Kathmandu | Contact Office: Babarmahal | Contact Number: 014786628, 014786633","S.No: 43 | District: Kathmandu | Contact Office: Babarmahal | Contact Number: 014786628, 014786633",
https://www.ntc.net.np/services/fiber-to-the-home-ftth,NT | Fiber To The Home - FTTH,S.No,table,What is the information about 'S.No' from NT | Fiber To The Home - FTTH?,"S.No: 44 | District: Kathmandu | Contact Office: Chabahil | Contact Number: 014479200, 015903390","S.No: 44 | District: Kathmandu | Contact Office: Chabahil | Contact Number: 014479200, 015903390",
https://www.ntc.net.np/services/fiber-to-the-home-ftth,NT | Fiber To The Home - FTTH,S.No,table,What is the information about 'S.No' from NT | Fiber To The Home - FTTH?,"S.No: 45 | District: Kathmandu | Contact Office: Jorpati | Contact Number: 014913944, 014911200","S.No: 45 | District: Kathmandu | Contact Office: Jorpati | Contact Number: 014913944, 014911200",
https://www.ntc.net.np/services/fiber-to-the-home-ftth,NT | Fiber To The Home - FTTH,S.No,table,What is the information about 'S.No' from NT | Fiber To The Home - FTTH?,"S.No: 46 | District: Kathmandu | Contact Office: Kapan | Contact Number: 014812792, 014823666","S.No: 46 | District: Kathmandu | Contact Office: Kapan | Contact Number: 014812792, 014823666",
https://www.ntc.net.np/services/fiber-to-the-home-ftth,NT | Fiber To The Home - FTTH,S.No,table,What is the information about 'S.No' from NT | Fiber To The Home - FTTH?,"S.No: 47 | District: Kathmandu | Contact Office: Indrayani | Contact Number: 014450000, 014450466","S.No: 47 | District: Kathmandu | Contact Office: Indrayani | Contact Number: 014450000, 014450466",
https://www.ntc.net.np/services/fiber-to-the-home-ftth,NT | Fiber To The Home - FTTH,S.No,table,What is the information about 'S.No' from NT | Fiber To The Home - FTTH?,S.No: 48 | District: Kavre | Contact Office: Banepa | Contact Number: 011-499122,S.No: 48 | District: Kavre | Contact Office: Banepa | Contact Number: 011-499122,
https://www.ntc.net.np/services/fiber-to-the-home-ftth,NT | Fiber To The Home - FTTH,S.No,table,What is the information about 'S.No' from NT | Fiber To The Home - FTTH?,"S.No: 49 | District: Kavre | Contact Office: Banepa | Contact Number: 011-662222 , 011-664601","S.No: 49 | District: Kavre | Contact Office: Banepa | Contact Number: 011-662222 , 011-664601",
https://www.ntc.net.np/services/fiber-to-the-home-ftth,NT | Fiber To The Home - FTTH,S.No,table,What is the information about 'S.No' from NT | Fiber To The Home - FTTH?,"S.No: 50 | District: Kavre | Contact Office: Banepa | Contact Number: 011-662308, 011-661066","S.No: 50 | District: Kavre | Contact Office: Banepa | Contact Number: 011-662308, 011-661066",
https://www.ntc.net.np/services/fiber-to-the-home-ftth,NT | Fiber To The Home - FTTH,S.No,table,What is the information about 'S.No' from NT | Fiber To The Home - FTTH?,S.No: 51 | District: Kavre | Contact Office: Banepa | Contact Number: 011-499111,S.No: 51 | District: Kavre | Contact Office: Banepa | Contact Number: 011-499111,
https://www.ntc.net.np/services/fiber-to-the-home-ftth,NT | Fiber To The Home - FTTH,S.No,table,What is the information about 'S.No' from NT | Fiber To The Home - FTTH?,"S.No: 52 | District: Lalitpur | Contact Office: Patan | Contact Number: 015450499, 015551988","S.No: 52 | District: Lalitpur | Contact Office: Patan | Contact Number: 015450499, 015551988",
https://www.ntc.net.np/services/fiber-to-the-home-ftth,NT | Fiber To The Home - FTTH,S.No,table,What is the information about 'S.No' from NT | Fiber To The Home - FTTH?,S.No: 53 | District: Lalitpur | Contact Office: Lubhu | Contact Number: 016633700,S.No: 53 | District: Lalitpur | Contact Office: Lubhu | Contact Number: 016633700,
https://www.ntc.net.np/services/fiber-to-the-home-ftth,NT | Fiber To The Home - FTTH,S.No,table,What is the information about 'S.No' from NT | Fiber To The Home - FTTH?,"S.No: 54 | District: Lalitpur | Contact Office: Saibu | Contact Number: 015592200, 015590900","S.No: 54 | District: Lalitpur | Contact Office: Saibu | Contact Number: 015592200, 015590900",
https://www.ntc.net.np/services/fiber-to-the-home-ftth,NT | Fiber To The Home - FTTH,S.No,table,What is the information about 'S.No' from NT | Fiber To The Home - FTTH?,S.No: 55 | District: Lalitpur | Contact Office: Thaiba | Contact Number: 015552772,S.No: 55 | District: Lalitpur | Contact Office: Thaiba | Contact Number: 015552772,
https://www.ntc.net.np/services/fiber-to-the-home-ftth,NT | Fiber To The Home - FTTH,S.No,table,What is the information about 'S.No' from NT | Fiber To The Home - FTTH?,S.No: 56 | District: Lalitpur | Contact Office: Thecho | Contact Number: 015570000,S.No: 56 | District: Lalitpur | Contact Office: Thecho | Contact Number: 015570000,
https://www.ntc.net.np/services/fiber-to-the-home-ftth,NT | Fiber To The Home - FTTH,S.No,table,What is the information about 'S.No' from NT | Fiber To The Home - FTTH?,S.No: 57 | District: Lalitpur | Contact Office: Gwarko | Contact Number: 015524772,S.No: 57 | District: Lalitpur | Contact Office: Gwarko | Contact Number: 015524772,
https://www.ntc.net.np/services/fiber-to-the-home-ftth,NT | Fiber To The Home - FTTH,S.No,table,What is the information about 'S.No' from NT | Fiber To The Home - FTTH?,"S.No: 58 | District: Makawanpur | Contact Office: Hetauda | Contact Number: 057-522044, 057-520708, 057-520198","S.No: 58 | District: Makawanpur | Contact Office: Hetauda | Contact Number: 057-522044, 057-520708, 057-520198",
https://www.ntc.net.np/services/fiber-to-the-home-ftth,NT | Fiber To The Home - FTTH,S.No,table,What is the information about 'S.No' from NT | Fiber To The Home - FTTH?,"S.No: 59 | District: Mayagdi | Contact Office: Beni | Contact Number: 069-520111, 069-520122, 069-520198","S.No: 59 | District: Mayagdi | Contact Office: Beni | Contact Number: 069-520111, 069-520122, 069-520198",
https://www.ntc.net.np/services/fiber-to-the-home-ftth,NT | Fiber To The Home - FTTH,S.No,table,What is the information about 'S.No' from NT | Fiber To The Home - FTTH?,"S.No: 60 | District: Morang | Contact Office: Biratnagar | Contact Number: 021-524103, 021-524500","S.No: 60 | District: Morang | Contact Office: Biratnagar | Contact Number: 021-524103, 021-524500",
https://www.ntc.net.np/services/fiber-to-the-home-ftth,NT | Fiber To The Home - FTTH,S.No,table,What is the information about 'S.No' from NT | Fiber To The Home - FTTH?,"S.No: 61 | District: Nawalparasi | Contact Office: Bardaghat | Contact Number: 075-580101,","S.No: 61 | District: Nawalparasi | Contact Office: Bardaghat | Contact Number: 075-580101,",
https://www.ntc.net.np/services/fiber-to-the-home-ftth,NT | Fiber To The Home - FTTH,S.No,table,What is the information about 'S.No' from NT | Fiber To The Home - FTTH?,S.No: 62 | District: Nawalparasi | Contact Office: Parasi | Contact Number: 078-520666,S.No: 62 | District: Nawalparasi | Contact Office: Parasi | Contact Number: 078-520666,
https://www.ntc.net.np/services/fiber-to-the-home-ftth,NT | Fiber To The Home - FTTH,S.No,table,What is the information about 'S.No' from NT | Fiber To The Home - FTTH?,"S.No: 63 | District: Nawalparasi | Contact Office: NT Office Gaidakot | Contact Number: 078-501234, 078-503222","S.No: 63 | District: Nawalparasi | Contact Office: NT Office Gaidakot | Contact Number: 078-501234, 078-503222",
https://www.ntc.net.np/services/fiber-to-the-home-ftth,NT | Fiber To The Home - FTTH,S.No,table,What is the information about 'S.No' from NT | Fiber To The Home - FTTH?,"S.No: 64 | District: Nawalparasi (Bardaghat Susta East) | Contact Office: NT Office Kawasoti | Contact Number: 078-540066, 078-540166","S.No: 64 | District: Nawalparasi (Bardaghat Susta East) | Contact Office: NT Office Kawasoti | Contact Number: 078-540066, 078-540166",
https://www.ntc.net.np/services/fiber-to-the-home-ftth,NT | Fiber To The Home - FTTH,S.No,table,What is the information about 'S.No' from NT | Fiber To The Home - FTTH?,S.No: 65 | District: Palpa | Contact Office: Palpa | Contact Number: 075-521198,S.No: 65 | District: Palpa | Contact Office: Palpa | Contact Number: 075-521198,
https://www.ntc.net.np/services/fiber-to-the-home-ftth,NT | Fiber To The Home - FTTH,S.No,table,What is the information about 'S.No' from NT | Fiber To The Home - FTTH?,S.No: 66 | District: Parbat | Contact Office: Kusma | Contact Number: 067-420198,S.No: 66 | District: Parbat | Contact Office: Kusma | Contact Number: 067-420198,
https://www.ntc.net.np/services/fiber-to-the-home-ftth,NT | Fiber To The Home - FTTH,S.No,table,What is the information about 'S.No' from NT | Fiber To The Home - FTTH?,"S.No: 67 | District: Parsa | Contact Office: Birgunj | Contact Number: 051-521168, 051-522323","S.No: 67 | District: Parsa | Contact Office: Birgunj | Contact Number: 051-521168, 051-522323",
https://www.ntc.net.np/services/fiber-to-the-home-ftth,NT | Fiber To The Home - FTTH,S.No,table,What is the information about 'S.No' from NT | Fiber To The Home - FTTH?,S.No: 68 | District: Parbat | Contact Office: Kushma Parwat,S.No: 68 | District: Parbat | Contact Office: Kushma Parwat,
https://www.ntc.net.np/services/fiber-to-the-home-ftth,NT | Fiber To The Home - FTTH,S.No,table,What is the information about 'S.No' from NT | Fiber To The Home - FTTH?,S.No: 69 | District: Pyuthan | Contact Office: Bijuwar | Contact Number: 086-420054,S.No: 69 | District: Pyuthan | Contact Office: Bijuwar | Contact Number: 086-420054,
https://www.ntc.net.np/services/fiber-to-the-home-ftth,NT | Fiber To The Home - FTTH,S.No,table,What is the information about 'S.No' from NT | Fiber To The Home - FTTH?,S.No: 70 | District: Rukum (West) | Contact Office: Rukum | Contact Number: 089-430001,S.No: 70 | District: Rukum (West) | Contact Office: Rukum | Contact Number: 089-430001,
https://www.ntc.net.np/services/fiber-to-the-home-ftth,NT | Fiber To The Home - FTTH,S.No,table,What is the information about 'S.No' from NT | Fiber To The Home - FTTH?,S.No: 71 | District: Rupendahi | Contact Office: Bhairahawa | Contact Number: 071-520599,S.No: 71 | District: Rupendahi | Contact Office: Bhairahawa | Contact Number: 071-520599,
https://www.ntc.net.np/services/fiber-to-the-home-ftth,NT | Fiber To The Home - FTTH,S.No,table,What is the information about 'S.No' from NT | Fiber To The Home - FTTH?,S.No: 72 | District: Rupendahi | Contact Office: Butwal | Contact Number: 071-530002,S.No: 72 | District: Rupendahi | Contact Office: Butwal | Contact Number: 071-530002,
https://www.ntc.net.np/services/fiber-to-the-home-ftth,NT | Fiber To The Home - FTTH,S.No,table,What is the information about 'S.No' from NT | Fiber To The Home - FTTH?,S.No: 73 | District: Rupendahi | Contact Office: Suryapura | Contact Number: 071-520599,S.No: 73 | District: Rupendahi | Contact Office: Suryapura | Contact Number: 071-520599,
https://www.ntc.net.np/services/fiber-to-the-home-ftth,NT | Fiber To The Home - FTTH,S.No,table,What is the information about 'S.No' from NT | Fiber To The Home - FTTH?,S.No: 74 | District: Rupendahi | Contact Office: Mangalapur | Contact Number: 071-560000,S.No: 74 | District: Rupendahi | Contact Office: Mangalapur | Contact Number: 071-560000,
https://www.ntc.net.np/services/fiber-to-the-home-ftth,NT | Fiber To The Home - FTTH,S.No,table,What is the information about 'S.No' from NT | Fiber To The Home - FTTH?,S.No: 75 | District: Salyan | Contact Office: Salyan | Contact Number: 088-520100,S.No: 75 | District: Salyan | Contact Office: Salyan | Contact Number: 088-520100,
https://www.ntc.net.np/services/fiber-to-the-home-ftth,NT | Fiber To The Home - FTTH,S.No,table,What is the information about 'S.No' from NT | Fiber To The Home - FTTH?,"S.No: 76 | District: Sindhuli | Contact Office: Khurkot | Contact Number: 047-520111, 047-520222","S.No: 76 | District: Sindhuli | Contact Office: Khurkot | Contact Number: 047-520111, 047-520222",
https://www.ntc.net.np/services/fiber-to-the-home-ftth,NT | Fiber To The Home - FTTH,S.No,table,What is the information about 'S.No' from NT | Fiber To The Home - FTTH?,"S.No: 77 | District: Sindhupanchowk | Contact Office: Tatopani | Contact Number: 011-480131, 011-480100","S.No: 77 | District: Sindhupanchowk | Contact Office: Tatopani | Contact Number: 011-480131, 011-480100",
https://www.ntc.net.np/services/fiber-to-the-home-ftth,NT | Fiber To The Home - FTTH,S.No,table,What is the information about 'S.No' from NT | Fiber To The Home - FTTH?,"S.No: 78 | District: Sindhupanchowk | Contact Office: Chautara | Contact Number: 011-620011, 011-620001","S.No: 78 | District: Sindhupanchowk | Contact Office: Chautara | Contact Number: 011-620011, 011-620001",
https://www.ntc.net.np/services/fiber-to-the-home-ftth,NT | Fiber To The Home - FTTH,S.No,table,What is the information about 'S.No' from NT | Fiber To The Home - FTTH?,"S.No: 79 | District: Sindhupanchowk | Contact Office: Barabise | Contact Number: 011-489200, 011-489002","S.No: 79 | District: Sindhupanchowk | Contact Office: Barabise | Contact Number: 011-489200, 011-489002",
https://www.ntc.net.np/services/fiber-to-the-home-ftth,NT | Fiber To The Home - FTTH,S.No,table,What is the information about 'S.No' from NT | Fiber To The Home - FTTH?,"S.No: 80 | District: Solukhumbu | Contact Office: Lukla | Contact Number: 038-550011, 038-550001","S.No: 80 | District: Solukhumbu | Contact Office: Lukla | Contact Number: 038-550011, 038-550001",
https://www.ntc.net.np/services/fiber-to-the-home-ftth,NT | Fiber To The Home - FTTH,S.No,table,What is the information about 'S.No' from NT | Fiber To The Home - FTTH?,"S.No: 81 | District: Sunsari | Contact Office: Itahari | Contact Number: 025-587000, 025-588000","S.No: 81 | District: Sunsari | Contact Office: Itahari | Contact Number: 025-587000, 025-588000",
https://www.ntc.net.np/services/fiber-to-the-home-ftth,NT | Fiber To The Home - FTTH,S.No,table,What is the information about 'S.No' from NT | Fiber To The Home - FTTH?,"S.No: 82 | District: Sunsari | Contact Office: Inaruwa | Contact Number: 025-565444, 025-565555","S.No: 82 | District: Sunsari | Contact Office: Inaruwa | Contact Number: 025-565444, 025-565555",
https://www.ntc.net.np/services/fiber-to-the-home-ftth,NT | Fiber To The Home - FTTH,S.No,table,What is the information about 'S.No' from NT | Fiber To The Home - FTTH?,"S.No: 83 | District: Surkhet | Contact Office: Surkhet | Contact Number: 083-520500, 083-520666","S.No: 83 | District: Surkhet | Contact Office: Surkhet | Contact Number: 083-520500, 083-520666",
https://www.ntc.net.np/services/fiber-to-the-home-ftth,NT | Fiber To The Home - FTTH,S.No,table,What is the information about 'S.No' from NT | Fiber To The Home - FTTH?,"S.No: 84 | District: Tanahu | Contact Office: Damauli | Contact Number: 065-563666, 065-560444","S.No: 84 | District: Tanahu | Contact Office: Damauli | Contact Number: 065-563666, 065-560444",
https://www.ntc.net.np/services/fiber-to-the-home-ftth,NT | Fiber To The Home - FTTH,S.No,table,What is the information about 'S.No' from NT | Fiber To The Home - FTTH?,S.No: 85 | District: Tanahu | Contact Office: Dulegaunda | Contact Number: 065-571444,S.No: 85 | District: Tanahu | Contact Office: Dulegaunda | Contact Number: 065-571444,
https://www.ntc.net.np/services/fiber-to-the-home-ftth,NT | Fiber To The Home - FTTH,S.No,table,What is the information about 'S.No' from NT | Fiber To The Home - FTTH?,S.No: 86 | District: Tanahu | Contact Office: Abukhaireni | Contact Number: 065-540122,S.No: 86 | District: Tanahu | Contact Office: Abukhaireni | Contact Number: 065-540122,
https://www.ntc.net.np/services/fiber-to-the-home-ftth,NT | Fiber To The Home - FTTH,General,paragraph,What information is available on NT | Fiber To The Home - FTTH?,EN English नेपाली Self Care Register Login Change Password Change Password FTTH - Double मज्जा Offer1 Namaste Wi-Fi Tariff ftth-test-tariff,EN English नेपाली Self Care Register Login Change Password Change Password FTTH - Double मज्जा Offer1 Namaste Wi-Fi Tariff ftth-test-tariff,eSIM: https://esim.ntc.net.np | Career: https://www.ntc.net.np/post/new-career | Offers: https://www.ntc.net.np/post/summer-package | Offers: https://offer.ntc.net.np/ | Email: https://webmail.ntc.net.np/ | NTTV - FAQ: https://cms.ntc.net.np/storage/media/167PnKLbj2Ao6dRWadUuoh1TfOoXimPsmEXIPcqh.pdf | NT TV Form: https://cms.ntc.net.np/storage/media/CxzcNcI0qMbuGlPYxeH5OmS3yosZURZMi2fQx4VE.pdf | https://www.ntc.net.np/downloads: https://beta.ntc.net.np/downloads | FTTH Tariff: https://www.ntc.net.np/tariff/ftth-tariff
https://www.ntc.net.np/services/fiber-to-the-home-ftth,NT | Fiber To The Home - FTTH,Fiber To The Home - FTTH,paragraph,What is the information about 'Fiber To The Home - FTTH' from NT | Fiber To The Home - FTTH?,Enjoy Everything from a Single Fiber!!,Enjoy Everything from a Single Fiber!!,eSIM: https://esim.ntc.net.np | Career: https://www.ntc.net.np/post/new-career | Offers: https://www.ntc.net.np/post/summer-package | Offers: https://offer.ntc.net.np/ | Email: https://webmail.ntc.net.np/ | NTTV - FAQ: https://cms.ntc.net.np/storage/media/167PnKLbj2Ao6dRWadUuoh1TfOoXimPsmEXIPcqh.pdf | NT TV Form: https://cms.ntc.net.np/storage/media/CxzcNcI0qMbuGlPYxeH5OmS3yosZURZMi2fQx4VE.pdf | https://www.ntc.net.np/downloads: https://beta.ntc.net.np/downloads | FTTH Tariff: https://www.ntc.net.np/tariff/ftth-tariff
https://www.ntc.net.np/services/fiber-to-the-home-ftth,NT | Fiber To The Home - FTTH,How to Subscribe:,paragraph,What is the information about 'How to Subscribe:' from NT | Fiber To The Home - FTTH?,Contact the nearest NT office to check availability at your location. Fill the service registration form for FTTH in-service counter. Available at: https://www.ntc.net.np/downloads Check FTTH Tariff for package and price details Submit the form to the concerned NT office Support and Complain Registration Complain Registration: Dial 198 and select option 1 Available Locations: FTTH is currently available in the following locations.,Contact the nearest NT office to check availability at your location. Fill the service registration form for FTTH in-service counter. Available at: https://www.ntc.net.np/downloads Check FTTH Tariff for package and price details Submit the form to the concerned NT office Support and Complain Registration Complain Registration: Dial 198 and select option 1 Available Locations: FTTH is currently available in the following locations.,eSIM: https://esim.ntc.net.np | Career: https://www.ntc.net.np/post/new-career | Offers: https://www.ntc.net.np/post/summer-package | Offers: https://offer.ntc.net.np/ | Email: https://webmail.ntc.net.np/ | NTTV - FAQ: https://cms.ntc.net.np/storage/media/167PnKLbj2Ao6dRWadUuoh1TfOoXimPsmEXIPcqh.pdf | NT TV Form: https://cms.ntc.net.np/storage/media/CxzcNcI0qMbuGlPYxeH5OmS3yosZURZMi2fQx4VE.pdf | https://www.ntc.net.np/downloads: https://beta.ntc.net.np/downloads | FTTH Tariff: https://www.ntc.net.np/tariff/ftth-tariff
https://www.ntc.net.np/services/fiber-to-the-home-ftth,NT | Fiber To The Home - FTTH,Join our Newsletters,paragraph,What is the information about 'Join our Newsletters' from NT | Fiber To The Home - FTTH?,Receive the latest news and exclusive offers © 2026 Nepal Telecom. All Rights Reserved. 4G/LTE Band Check,Receive the latest news and exclusive offers © 2026 Nepal Telecom. All Rights Reserved. 4G/LTE Band Check,eSIM: https://esim.ntc.net.np | Career: https://www.ntc.net.np/post/new-career | Offers: https://www.ntc.net.np/post/summer-package | Offers: https://offer.ntc.net.np/ | Email: https://webmail.ntc.net.np/ | NTTV - FAQ: https://cms.ntc.net.np/storage/media/167PnKLbj2Ao6dRWadUuoh1TfOoXimPsmEXIPcqh.pdf | NT TV Form: https://cms.ntc.net.np/storage/media/CxzcNcI0qMbuGlPYxeH5OmS3yosZURZMi2fQx4VE.pdf | https://www.ntc.net.np/downloads: https://beta.ntc.net.np/downloads | FTTH Tariff: https://www.ntc.net.np/tariff/ftth-tariff
https://www.ntc.net.np/services/adsl-service,NT | ADSL Service,General,paragraph,What information is available on NT | ADSL Service?,EN English नेपाली Self Care Register Login Change Password Change Password ADSL Registration Form ADSL - Volume Based with BoD How to Subscribe ADSL ? ADSL Modem (CPE) Configuration Compatible ADSL Routers and their Vendors,EN English नेपाली Self Care Register Login Change Password Change Password ADSL Registration Form ADSL - Volume Based with BoD How to Subscribe ADSL ? ADSL Modem (CPE) Configuration Compatible ADSL Routers and their Vendors,eSIM: https://esim.ntc.net.np | Career: https://www.ntc.net.np/post/new-career | Offers: https://www.ntc.net.np/post/summer-package | Offers: https://offer.ntc.net.np/ | Email: https://webmail.ntc.net.np/ | ADSL Registration Form: https://cms.ntc.net.np/storage/media/R1nNGqoOyYN8fboazk326e3ecIcL07WDDnIE2zYG.pdf
https://www.ntc.net.np/services/adsl-service,NT | ADSL Service,More Wireline Services,paragraph,What is the information about 'More Wireline Services' from NT | ADSL Service?,"Fiber To The Home - FTTH Dedicated Lease Connectivity This service is available in most of PSTN Offices. Broadband service is being provided through the deployment of ADSL 2+ technologies, a type of digital subscriber line (DSL). Please check your payment receipt for username and password of customer care interface. Example Login ID: wsc_12345 Since the default username and passwords are set to be same, customers are requested to change it soon as they log into the portal. Click here to access new customer self-care URL. Important Note: If you are using your ADSL Connection in Routing Mode, Please change your authentication mode to AUTO or PAP in your ADSL router. ADSL Modem Vendors ADSL Modem(CPE) Configuration Monthly and 3-monthly packages are avaliable for subscription. schemes available: 5 mbps. The subscription can be done at Nepal Telecom counters where the ADSL services are available. Monthly port charge for the subscribed ADSL service shall be included in the regular Telephone Bill. Subscription charge shall be paid at the time of registration. Recurring usage charges (monthly or 3-monthly) shall be on prepaid basis.","Fiber To The Home - FTTH Dedicated Lease Connectivity This service is available in most of PSTN Offices. Broadband service is being provided through the deployment of ADSL 2+ technologies, a type of digital subscriber line (DSL). Please check your payment receipt for username and password of customer care interface. Example Login ID: wsc_12345 Since the default username and passwords are set to be same, customers are requested to change it soon as they log into the portal. Click here to access new customer self-care URL. Important Note: If you are using your ADSL Connection in Routing Mode, Please change your authentication mode to AUTO or PAP in your ADSL router. ADSL Modem Vendors ADSL Modem(CPE) Configuration Monthly and 3-monthly packages are avaliable for subscription. schemes available: 5 mbps. The subscription can be done at Nepal Telecom counters where the ADSL services are available. Monthly port charge for the subscribed ADSL service shall be included in the regular Telephone Bill. Subscription charge shall be paid at the time of registration. Recurring usage charges (monthly or 3-monthly) shall be on prepaid basis.",eSIM: https://esim.ntc.net.np | Career: https://www.ntc.net.np/post/new-career | Offers: https://www.ntc.net.np/post/summer-package | Offers: https://offer.ntc.net.np/ | Email: https://webmail.ntc.net.np/ | ADSL Registration Form: https://cms.ntc.net.np/storage/media/R1nNGqoOyYN8fboazk326e3ecIcL07WDDnIE2zYG.pdf
https://www.ntc.net.np/services/adsl-service,NT | ADSL Service,Join our Newsletters,paragraph,What is the information about 'Join our Newsletters' from NT | ADSL Service?,Receive the latest news and exclusive offers © 2026 Nepal Telecom. All Rights Reserved. 4G/LTE Band Check,Receive the latest news and exclusive offers © 2026 Nepal Telecom. All Rights Reserved. 4G/LTE Band Check,eSIM: https://esim.ntc.net.np | Career: https://www.ntc.net.np/post/new-career | Offers: https://www.ntc.net.np/post/summer-package | Offers: https://offer.ntc.net.np/ | Email: https://webmail.ntc.net.np/ | ADSL Registration Form: https://cms.ntc.net.np/storage/media/R1nNGqoOyYN8fboazk326e3ecIcL07WDDnIE2zYG.pdf
https://www.ntc.net.np/services/international-roaming,NT | International Roaming,General,paragraph,What information is available on NT | International Roaming?,EN English नेपाली Self Care Register Login Change Password Change Password International Services Data Package (Summer) Unlimited Hourly Data Pack Unlimited Fb/Youtube Pack Sajilo Prepaid Pack Postpaid Rental Included Packages Unlimited Night Packs Unlimited TikTok Packs Recurring Postpaid Sajilo Offers International Outgoing SMS,EN English नेपाली Self Care Register Login Change Password Change Password International Services Data Package (Summer) Unlimited Hourly Data Pack Unlimited Fb/Youtube Pack Sajilo Prepaid Pack Postpaid Rental Included Packages Unlimited Night Packs Unlimited TikTok Packs Recurring Postpaid Sajilo Offers International Outgoing SMS,eSIM: https://esim.ntc.net.np | Career: https://www.ntc.net.np/post/new-career | Offers: https://www.ntc.net.np/post/summer-package | Offers: https://offer.ntc.net.np/ | Email: https://webmail.ntc.net.np/ | GSM Prepaid Tariff/Rate: http://www.ntc.net.np/tariff/international-roaming-tariff-gsm-prepaid | Category A: Discounted Tariff/Rate: http://www.ntc.net.np/tariff/discounted-tariff-postpaid-roaming | Category B: Standard Tariff/Rate: http://www.ntc.net.np/tariff/standard-tariff-postpaid-roaming | Data Roaming Pack (for both Postpaid & Prepaid): https://www.ntc.net.np/post/international-roaming-data-package
https://www.ntc.net.np/services/international-roaming,NT | International Roaming,More GSM Services,paragraph,What is the information about 'More GSM Services' from NT | International Roaming?,GSM Prepaid Service GSM Postpaid Service Friends and Family Call Service (FNF),GSM Prepaid Service GSM Postpaid Service Friends and Family Call Service (FNF),eSIM: https://esim.ntc.net.np | Career: https://www.ntc.net.np/post/new-career | Offers: https://www.ntc.net.np/post/summer-package | Offers: https://offer.ntc.net.np/ | Email: https://webmail.ntc.net.np/ | GSM Prepaid Tariff/Rate: http://www.ntc.net.np/tariff/international-roaming-tariff-gsm-prepaid | Category A: Discounted Tariff/Rate: http://www.ntc.net.np/tariff/discounted-tariff-postpaid-roaming | Category B: Standard Tariff/Rate: http://www.ntc.net.np/tariff/standard-tariff-postpaid-roaming | Data Roaming Pack (for both Postpaid & Prepaid): https://www.ntc.net.np/post/international-roaming-data-package
https://www.ntc.net.np/services/international-roaming,NT | International Roaming,International Roaming (Prepaid & Postpaid),paragraph,What is the information about 'International Roaming (Prepaid & Postpaid)' from NT | International Roaming?,"With an International Roaming service, you can use your NT SIM and number while traveling abroad. Your mobile phone number remains the same, allowing you to make and receive calls from anywhere in the world. Additionally, you can use other services available in your home country while you are abroad. You can activate the roaming service in the following ways: Prepaid customers can activate the service by dialing USSD code *1415*7# or through the NT Mobile App. Postpaid customers can activate the service by dialing USSD code *1415*7# or by visiting the nearest NT counter with a government-authorized ID card. (Note: Postpaid customers need a minimum balance of 5000/- to activate the roaming service. If the balance drops below 3000/-, only data service will be available. Customers already abroad (outside Nepal) can activate their roaming service by emailing at roaming.support@ntc.net.np GSM Prepaid Roaming Tariff/Rate","With an International Roaming service, you can use your NT SIM and number while traveling abroad. Your mobile phone number remains the same, allowing you to make and receive calls from anywhere in the world. Additionally, you can use other services available in your home country while you are abroad. You can activate the roaming service in the following ways: Prepaid customers can activate the service by dialing USSD code *1415*7# or through the NT Mobile App. Postpaid customers can activate the service by dialing USSD code *1415*7# or by visiting the nearest NT counter with a government-authorized ID card. (Note: Postpaid customers need a minimum balance of 5000/- to activate the roaming service. If the balance drops below 3000/-, only data service will be available. Customers already abroad (outside Nepal) can activate their roaming service by emailing at roaming.support@ntc.net.np GSM Prepaid Roaming Tariff/Rate",eSIM: https://esim.ntc.net.np | Career: https://www.ntc.net.np/post/new-career | Offers: https://www.ntc.net.np/post/summer-package | Offers: https://offer.ntc.net.np/ | Email: https://webmail.ntc.net.np/ | GSM Prepaid Tariff/Rate: http://www.ntc.net.np/tariff/international-roaming-tariff-gsm-prepaid | Category A: Discounted Tariff/Rate: http://www.ntc.net.np/tariff/discounted-tariff-postpaid-roaming | Category B: Standard Tariff/Rate: http://www.ntc.net.np/tariff/standard-tariff-postpaid-roaming | Data Roaming Pack (for both Postpaid & Prepaid): https://www.ntc.net.np/post/international-roaming-data-package
https://www.ntc.net.np/services/international-roaming,NT | International Roaming,GSM Prepaid Tariff/Rate,paragraph,What is the information about 'GSM Prepaid Tariff/Rate' from NT | International Roaming?,GSM Postpaid Roaming Tariffs/Rates,GSM Postpaid Roaming Tariffs/Rates,eSIM: https://esim.ntc.net.np | Career: https://www.ntc.net.np/post/new-career | Offers: https://www.ntc.net.np/post/summer-package | Offers: https://offer.ntc.net.np/ | Email: https://webmail.ntc.net.np/ | GSM Prepaid Tariff/Rate: http://www.ntc.net.np/tariff/international-roaming-tariff-gsm-prepaid | Category A: Discounted Tariff/Rate: http://www.ntc.net.np/tariff/discounted-tariff-postpaid-roaming | Category B: Standard Tariff/Rate: http://www.ntc.net.np/tariff/standard-tariff-postpaid-roaming | Data Roaming Pack (for both Postpaid & Prepaid): https://www.ntc.net.np/post/international-roaming-data-package
https://www.ntc.net.np/services/international-roaming,NT | International Roaming,Join our Newsletters,paragraph,What is the information about 'Join our Newsletters' from NT | International Roaming?,Receive the latest news and exclusive offers © 2026 Nepal Telecom. All Rights Reserved. 4G/LTE Band Check,Receive the latest news and exclusive offers © 2026 Nepal Telecom. All Rights Reserved. 4G/LTE Band Check,eSIM: https://esim.ntc.net.np | Career: https://www.ntc.net.np/post/new-career | Offers: https://www.ntc.net.np/post/summer-package | Offers: https://offer.ntc.net.np/ | Email: https://webmail.ntc.net.np/ | GSM Prepaid Tariff/Rate: http://www.ntc.net.np/tariff/international-roaming-tariff-gsm-prepaid | Category A: Discounted Tariff/Rate: http://www.ntc.net.np/tariff/discounted-tariff-postpaid-roaming | Category B: Standard Tariff/Rate: http://www.ntc.net.np/tariff/standard-tariff-postpaid-roaming | Data Roaming Pack (for both Postpaid & Prepaid): https://www.ntc.net.np/post/international-roaming-data-package
https://www.ntc.net.np/services/sms-based-vas-services,NT | SMS Based VAS Services,Table,table,What is the information about 'Table' from NT | SMS Based VAS Services?,S.N. | Service Provider | Address | Service | Contact Number | Contact Person,S.N. | Service Provider | Address | Service | Contact Number | Contact Person,
https://www.ntc.net.np/services/sms-based-vas-services,NT | SMS Based VAS Services,Table,table,What is the information about 'Table' from NT | SMS Based VAS Services?,"1 | Aakash Tech Pvt. Ltd. | Naxal, KTM | SMS | 9851195578 | Brijesh Gupta","1 | Aakash Tech Pvt. Ltd. | Naxal, KTM | SMS | 9851195578 | Brijesh Gupta",
https://www.ntc.net.np/services/sms-based-vas-services,NT | SMS Based VAS Services,Table,table,What is the information about 'Table' from NT | SMS Based VAS Services?,"2 | Access World Tech Pvt. Ltd. | Patandhoka, Lalitpur | SMS | 9851063321 | Uttam Luitel","2 | Access World Tech Pvt. Ltd. | Patandhoka, Lalitpur | SMS | 9851063321 | Uttam Luitel",
https://www.ntc.net.np/services/sms-based-vas-services,NT | SMS Based VAS Services,Table,table,What is the information about 'Table' from NT | SMS Based VAS Services?,"3 | Easy Digital Service Pvt. Ltd. | Buddhanagar, KTM | SMS | 9851146332 | Narendra Bahadur Chand","3 | Easy Digital Service Pvt. Ltd. | Buddhanagar, KTM | SMS | 9851146332 | Narendra Bahadur Chand",
https://www.ntc.net.np/services/sms-based-vas-services,NT | SMS Based VAS Services,Table,table,What is the information about 'Table' from NT | SMS Based VAS Services?,"4 | EASY SERVICE PVT. LTD | Shankhamul, KTM | SMS | 9851219459 | Surendra chand","4 | EASY SERVICE PVT. LTD | Shankhamul, KTM | SMS | 9851219459 | Surendra chand",
https://www.ntc.net.np/services/sms-based-vas-services,NT | SMS Based VAS Services,Table,table,What is the information about 'Table' from NT | SMS Based VAS Services?,"5 | F1 SOFT INTERNATIONAL | Pulchowk, Lalitpur | SMS | 9841452132 | Santosh Basnet","5 | F1 SOFT INTERNATIONAL | Pulchowk, Lalitpur | SMS | 9841452132 | Santosh Basnet",
https://www.ntc.net.np/services/sms-based-vas-services,NT | SMS Based VAS Services,Table,table,What is the information about 'Table' from NT | SMS Based VAS Services?,"6 | Infocom Solutions Pvt. Ltd. | Hattisar, KTM | SMS | 9741861783 | Anish Bajracharya","6 | Infocom Solutions Pvt. Ltd. | Hattisar, KTM | SMS | 9741861783 | Anish Bajracharya",
https://www.ntc.net.np/services/sms-based-vas-services,NT | SMS Based VAS Services,Table,table,What is the information about 'Table' from NT | SMS Based VAS Services?,"7 | JANAKI TECHNOLOGY PVT. LTD. | Sanepa-02, Lalitpur | SMS | 9849145200 | Manoj Thapa","7 | JANAKI TECHNOLOGY PVT. LTD. | Sanepa-02, Lalitpur | SMS | 9849145200 | Manoj Thapa",
https://www.ntc.net.np/services/sms-based-vas-services,NT | SMS Based VAS Services,Table,table,What is the information about 'Table' from NT | SMS Based VAS Services?,"8 | Jetsons Digital Pvt. Ltd | KTM-11, Tripureshwor | SMS | 9861849475 | Sunil Katwal","8 | Jetsons Digital Pvt. Ltd | KTM-11, Tripureshwor | SMS | 9861849475 | Sunil Katwal",
https://www.ntc.net.np/services/sms-based-vas-services,NT | SMS Based VAS Services,Table,table,What is the information about 'Table' from NT | SMS Based VAS Services?,"9 | Karuna Technology Pvt. Ltd. | Maitidevi, KTM | SMS | 9855065526 | Santosh Aryal","9 | Karuna Technology Pvt. Ltd. | Maitidevi, KTM | SMS | 9855065526 | Santosh Aryal",
https://www.ntc.net.np/services/sms-based-vas-services,NT | SMS Based VAS Services,Table,table,What is the information about 'Table' from NT | SMS Based VAS Services?,"10 | Lotus I.T. Nepal Pvt. Ltd. | Kalikasthan, KTM | USSD | 9851333801 | Arjun Lama","10 | Lotus I.T. Nepal Pvt. Ltd. | Kalikasthan, KTM | USSD | 9851333801 | Arjun Lama",
https://www.ntc.net.np/services/sms-based-vas-services,NT | SMS Based VAS Services,Table,table,What is the information about 'Table' from NT | SMS Based VAS Services?,"11 | MetaCloud Solutions Pvt. Ltd. | KTM-11, Thapathali | SMS | 9767471637 | Surja Bahadur Jyoo","11 | MetaCloud Solutions Pvt. Ltd. | KTM-11, Thapathali | SMS | 9767471637 | Surja Bahadur Jyoo",
https://www.ntc.net.np/services/sms-based-vas-services,NT | SMS Based VAS Services,Table,table,What is the information about 'Table' from NT | SMS Based VAS Services?,"12 | Nitya Shree Developers | Harihar Bhawan, Pulchok | SMS | 9849654318 | Puspendra Khadka","12 | Nitya Shree Developers | Harihar Bhawan, Pulchok | SMS | 9849654318 | Puspendra Khadka",
https://www.ntc.net.np/services/sms-based-vas-services,NT | SMS Based VAS Services,Table,table,What is the information about 'Table' from NT | SMS Based VAS Services?,"13 | ONE UP COMMUNICATION PVT. LTD. | Anamnagar, KTM | SMS | 9851163281 | Nikesh Koirala","13 | ONE UP COMMUNICATION PVT. LTD. | Anamnagar, KTM | SMS | 9851163281 | Nikesh Koirala",
https://www.ntc.net.np/services/sms-based-vas-services,NT | SMS Based VAS Services,Table,table,What is the information about 'Table' from NT | SMS Based VAS Services?,"14 | Rich Tech Pvt. Ltd | KTM-31, Shantinagar | SMS | 9843815980 | Bikash Siwakoti","14 | Rich Tech Pvt. Ltd | KTM-31, Shantinagar | SMS | 9843815980 | Bikash Siwakoti",
https://www.ntc.net.np/services/sms-based-vas-services,NT | SMS Based VAS Services,Table,table,What is the information about 'Table' from NT | SMS Based VAS Services?,"15 | Samaya Technology Pvt. Ltd. | Sitapaila, KTM | SMS | 9851188512 | Bishnu Prasad Sharma","15 | Samaya Technology Pvt. Ltd. | Sitapaila, KTM | SMS | 9851188512 | Bishnu Prasad Sharma",
https://www.ntc.net.np/services/sms-based-vas-services,NT | SMS Based VAS Services,Table,table,What is the information about 'Table' from NT | SMS Based VAS Services?,"16 | Spell Innovation Pvt. Ltd. | Mid-Baneshwor, KTM | SMS | 9848048781 | Dhani Ram Sapkota","16 | Spell Innovation Pvt. Ltd. | Mid-Baneshwor, KTM | SMS | 9848048781 | Dhani Ram Sapkota",
https://www.ntc.net.np/services/sms-based-vas-services,NT | SMS Based VAS Services,Table,table,What is the information about 'Table' from NT | SMS Based VAS Services?,"17 | Summus Tech Pvt. Ltd | KTM-10, New-Baneshwor | USSD | 9851344222 | Yubaraj Prasai","17 | Summus Tech Pvt. Ltd | KTM-10, New-Baneshwor | USSD | 9851344222 | Yubaraj Prasai",
https://www.ntc.net.np/services/sms-based-vas-services,NT | SMS Based VAS Services,Table,table,What is the information about 'Table' from NT | SMS Based VAS Services?,"18 | Swift Technology Private Limited | Panipokhari, KTM | SMS | 9842262163 | Nabaraj Poudel","18 | Swift Technology Private Limited | Panipokhari, KTM | SMS | 9842262163 | Nabaraj Poudel",
https://www.ntc.net.np/services/sms-based-vas-services,NT | SMS Based VAS Services,Table,table,What is the information about 'Table' from NT | SMS Based VAS Services?,"19 | TELENET PVT. LTD | Tripureshwor, KTM | SMS | 9851121453 | Samir Shrestha","19 | TELENET PVT. LTD | Tripureshwor, KTM | SMS | 9851121453 | Samir Shrestha",
https://www.ntc.net.np/services/sms-based-vas-services,NT | SMS Based VAS Services,Table,table,What is the information about 'Table' from NT | SMS Based VAS Services?,S.N. | Minimum Monthly SMS Alert quota (Volume Range) | Tariff(NRs.) Exclusive of Tax | Required Deposit/Bank Guarantee(NRs.),S.N. | Minimum Monthly SMS Alert quota (Volume Range) | Tariff(NRs.) Exclusive of Tax | Required Deposit/Bank Guarantee(NRs.),
https://www.ntc.net.np/services/sms-based-vas-services,NT | SMS Based VAS Services,Table,table,What is the information about 'Table' from NT | SMS Based VAS Services?,"1 | 3,000 - 1,00,000 | 0 .50 | 1,00,000","1 | 3,000 - 1,00,000 | 0 .50 | 1,00,000",
https://www.ntc.net.np/services/sms-based-vas-services,NT | SMS Based VAS Services,Table,table,What is the information about 'Table' from NT | SMS Based VAS Services?,"2 | 1,00,001- 10,00,000 | 0 .40 | 1,00,000","2 | 1,00,001- 10,00,000 | 0 .40 | 1,00,000",
https://www.ntc.net.np/services/sms-based-vas-services,NT | SMS Based VAS Services,Table,table,What is the information about 'Table' from NT | SMS Based VAS Services?,"3 | 10,00,001- 30,00,000 | 0 .30 | 1,00,000","3 | 10,00,001- 30,00,000 | 0 .30 | 1,00,000",
https://www.ntc.net.np/services/sms-based-vas-services,NT | SMS Based VAS Services,Table,table,What is the information about 'Table' from NT | SMS Based VAS Services?,"4 | Above 30,00,000 | 0 .20 | 1,00,000","4 | Above 30,00,000 | 0 .20 | 1,00,000",
https://www.ntc.net.np/services/sms-based-vas-services,NT | SMS Based VAS Services,Table,table,What is the information about 'Table' from NT | SMS Based VAS Services?,"1 | 1,000 - 5,00,000 | 0 .30 | Not Required","1 | 1,000 - 5,00,000 | 0 .30 | Not Required",
https://www.ntc.net.np/services/sms-based-vas-services,NT | SMS Based VAS Services,Table,table,What is the information about 'Table' from NT | SMS Based VAS Services?,S.N. | SMS Volume | Tariff (Excluding Tax) | Validity,S.N. | SMS Volume | Tariff (Excluding Tax) | Validity,
https://www.ntc.net.np/services/sms-based-vas-services,NT | SMS Based VAS Services,Table,table,What is the information about 'Table' from NT | SMS Based VAS Services?,"1 | 2,000 - 1,00,000 | 0.50 | 3 Month","1 | 2,000 - 1,00,000 | 0.50 | 3 Month",
https://www.ntc.net.np/services/sms-based-vas-services,NT | SMS Based VAS Services,Table,table,What is the information about 'Table' from NT | SMS Based VAS Services?,"2 | 1,00,001 - 5,00,000 | 0.40 | 6 Month","2 | 1,00,001 - 5,00,000 | 0.40 | 6 Month",
https://www.ntc.net.np/services/sms-based-vas-services,NT | SMS Based VAS Services,Table,table,What is the information about 'Table' from NT | SMS Based VAS Services?,"3 | 5,00,001 - 10,00,000 | 0.30 | 9 Month","3 | 5,00,001 - 10,00,000 | 0.30 | 9 Month",
https://www.ntc.net.np/services/sms-based-vas-services,NT | SMS Based VAS Services,Table,table,What is the information about 'Table' from NT | SMS Based VAS Services?,"4 | 10,00,000 Above | 0.20 | 1 Year","4 | 10,00,000 Above | 0.20 | 1 Year",
https://www.ntc.net.np/services/sms-based-vas-services,NT | SMS Based VAS Services,Table,table,What is the information about 'Table' from NT | SMS Based VAS Services?,"1 | 1,500 - 10,000 | 0 .50 | 3 Month","1 | 1,500 - 10,000 | 0 .50 | 3 Month",
https://www.ntc.net.np/services/sms-based-vas-services,NT | SMS Based VAS Services,Table,table,What is the information about 'Table' from NT | SMS Based VAS Services?,"2 | 10,001 - 1,00,000 | 0.50 | 6 Month","2 | 10,001 - 1,00,000 | 0.50 | 6 Month",
https://www.ntc.net.np/services/sms-based-vas-services,NT | SMS Based VAS Services,Table,table,What is the information about 'Table' from NT | SMS Based VAS Services?,"3 | 1,00,001 - 5,00,000 | 0 .40 | 6 Month","3 | 1,00,001 - 5,00,000 | 0 .40 | 6 Month",
https://www.ntc.net.np/services/sms-based-vas-services,NT | SMS Based VAS Services,Table,table,What is the information about 'Table' from NT | SMS Based VAS Services?,"4 | 5,00,001 - 10,00,000 | 0 .25 | 1 Year","4 | 5,00,001 - 10,00,000 | 0 .25 | 1 Year",
https://www.ntc.net.np/services/sms-based-vas-services,NT | SMS Based VAS Services,Table,table,What is the information about 'Table' from NT | SMS Based VAS Services?,"5 | 10,00,000 Above | 0 .20 | 1 Year","5 | 10,00,000 Above | 0 .20 | 1 Year",
https://www.ntc.net.np/services/sms-based-vas-services,NT | SMS Based VAS Services,General,paragraph,What information is available on NT | SMS Based VAS Services?,EN English नेपाली Self Care Register Login Change Password Change Password,EN English नेपाली Self Care Register Login Change Password Change Password,eSIM: https://esim.ntc.net.np | Career: https://www.ntc.net.np/post/new-career | Offers: https://www.ntc.net.np/post/summer-package | Offers: https://offer.ntc.net.np/ | Email: https://webmail.ntc.net.np/
https://www.ntc.net.np/services/sms-based-vas-services,NT | SMS Based VAS Services,More VAS Services,paragraph,What is the information about 'More VAS Services' from NT | SMS Based VAS Services?,Missed Call Alert (MCA) Service CRBT(Caller Ring Back Tone),Missed Call Alert (MCA) Service CRBT(Caller Ring Back Tone),eSIM: https://esim.ntc.net.np | Career: https://www.ntc.net.np/post/new-career | Offers: https://www.ntc.net.np/post/summer-package | Offers: https://offer.ntc.net.np/ | Email: https://webmail.ntc.net.np/
https://www.ntc.net.np/services/sms-based-vas-services,NT | SMS Based VAS Services,SMS Based VAS Services,paragraph,What is the information about 'SMS Based VAS Services' from NT | SMS Based VAS Services?,"This service is a One-way Mobile Termination service on which customers can't send any response. This service is mostly useful for Financial Transaction alerts, payment confirmation alerts, marketing&promotion messages, personalized messages, etc. This service requires a technical test with the client or Value Added Service Provider(VASP) before bringing this into commercial operation. Alert_name is assigned in place of the numeric Short-Code. b) SMS Short Code This service is an interactive SMS service where customers can also send a response or queries on services like Exam Results, Polling, Voting, Quiz services, marketing & promotion messages, etc. This service also requires technical tests and NTA approval before bringing this into commercial operation. A numeric short-code is assigned for the client or VASP for this service. c) Web-based Bulk SMS This service is a kind of broadcast service where several customers will get the same message from the sending party. This service is most suitable for organizations like schools, colleges, business houses, SMEs, or other organizations that wish to send the same message to several customers at the same time. The main advantage of thi","This service is a One-way Mobile Termination service on which customers can't send any response. This service is mostly useful for Financial Transaction alerts, payment confirmation alerts, marketing&promotion messages, personalized messages, etc. This service requires a technical test with the client or Value Added Service Provider(VASP) before bringing this into commercial operation. Alert_name is assigned in place of the numeric Short-Code. b) SMS Short Code This service is an interactive SMS service where customers can also send a response or queries on services like Exam Results, Polling, Voting, Quiz services, marketing & promotion messages, etc. This service also requires technical tests and NTA approval before bringing this into commercial operation. A numeric short-code is assigned for the client or VASP for this service. c) Web-based Bulk SMS This service is a kind of broadcast service where several customers will get the same message from the sending party. This service is most suitable for organizations like schools, colleges, business houses, SMEs, or other organizations that wish to send the same message to several customers at the same time. The main advantage of thi",eSIM: https://esim.ntc.net.np | Career: https://www.ntc.net.np/post/new-career | Offers: https://www.ntc.net.np/post/summer-package | Offers: https://offer.ntc.net.np/ | Email: https://webmail.ntc.net.np/
https://www.ntc.net.np/services/sms-based-vas-services,NT | SMS Based VAS Services,Bank Information,paragraph,What is the information about 'Bank Information' from NT | SMS Based VAS Services?,"Bank Name: Nepal Investment Mega Bank Ltd., Durbarmarg Branch A/c Name: Nepal Telecom DWT Revenue A/c No: 00101010068291","Bank Name: Nepal Investment Mega Bank Ltd., Durbarmarg Branch A/c Name: Nepal Telecom DWT Revenue A/c No: 00101010068291",eSIM: https://esim.ntc.net.np | Career: https://www.ntc.net.np/post/new-career | Offers: https://www.ntc.net.np/post/summer-package | Offers: https://offer.ntc.net.np/ | Email: https://webmail.ntc.net.np/
https://www.ntc.net.np/services/sms-based-vas-services,NT | SMS Based VAS Services,List of SMS Service Providers,paragraph,What is the information about 'List of SMS Service Providers' from NT | SMS Based VAS Services?,"1. SMS Alert Rate for Private Company Minimum Monthly SMS Alert quota (Volume Range) Tariff(NRs.) Exclusive of Tax Required Deposit/Bank Guarantee(NRs.) 3,000 - 1,00,000 1,00,001- 10,00,000 10,00,001- 30,00,000 Above 30,00,000 उपरोक्त दररेट अनुसार ग्राहकलाई कुनै पनि Slab छनौटको आवस्यकता नहुने साथै न्यूनतम मासिक 5,000 SMS Quota पठाउनु पर्ने, सो नपठाएमा पनि न्यूनतम 3,000 SMS Quota बरावरको Billing कायम हुने, SMS Data Volume जुन Slab मा पुगेको हुन्छ सोही Slab को दररेटमा Billing हुने । तोकिएको रकम बराबरको बैंक ग्यारेण्टी वा नगद धरौटी राख्नुपर्नेछ । 2. SMS Alert Rate for Government Minimum Monthly SMS Alert quota (Volume Range) Tariff(NRs.) Exclusive of Tax Required Deposit/Bank Guarantee(NRs.) 1,000 - 5,00,000 उपरोक्त दररेट अनुसार ग्राहकलाई कुनै पनि Slab छनौटको आवस्यकता नहुने साथै न्यूनतम मासिक 1,000 SMS Quota पठाउनु पर्ने, सो नपठाएमा पनि न्यूनतम 1,000 SMS Quota बरावरको Billing कायम हुने, SMS Data Volume जुन Slab मा पुगेको हुन्छ सोही Slab को दररेटमा Billing हुने, बैंक ग्यारेण्टी वा नगद धरौटीको आवश्यकता नहुने ।","1. SMS Alert Rate for Private Company Minimum Monthly SMS Alert quota (Volume Range) Tariff(NRs.) Exclusive of Tax Required Deposit/Bank Guarantee(NRs.) 3,000 - 1,00,000 1,00,001- 10,00,000 10,00,001- 30,00,000 Above 30,00,000 उपरोक्त दररेट अनुसार ग्राहकलाई कुनै पनि Slab छनौटको आवस्यकता नहुने साथै न्यूनतम मासिक 5,000 SMS Quota पठाउनु पर्ने, सो नपठाएमा पनि न्यूनतम 3,000 SMS Quota बरावरको Billing कायम हुने, SMS Data Volume जुन Slab मा पुगेको हुन्छ सोही Slab को दररेटमा Billing हुने । तोकिएको रकम बराबरको बैंक ग्यारेण्टी वा नगद धरौटी राख्नुपर्नेछ । 2. SMS Alert Rate for Government Minimum Monthly SMS Alert quota (Volume Range) Tariff(NRs.) Exclusive of Tax Required Deposit/Bank Guarantee(NRs.) 1,000 - 5,00,000 उपरोक्त दररेट अनुसार ग्राहकलाई कुनै पनि Slab छनौटको आवस्यकता नहुने साथै न्यूनतम मासिक 1,000 SMS Quota पठाउनु पर्ने, सो नपठाएमा पनि न्यूनतम 1,000 SMS Quota बरावरको Billing कायम हुने, SMS Data Volume जुन Slab मा पुगेको हुन्छ सोही Slab को दररेटमा Billing हुने, बैंक ग्यारेण्टी वा नगद धरौटीको आवश्यकता नहुने ।",eSIM: https://esim.ntc.net.np | Career: https://www.ntc.net.np/post/new-career | Offers: https://www.ntc.net.np/post/summer-package | Offers: https://offer.ntc.net.np/ | Email: https://webmail.ntc.net.np/
https://www.ntc.net.np/services/sms-based-vas-services,NT | SMS Based VAS Services,B. Web Based Bulk SMS,paragraph,What is the information about 'B. Web Based Bulk SMS' from NT | SMS Based VAS Services?,"1. Bulk SMS Rate of Private Company Tariff (Excluding Tax) 2,000 - 1,00,000 1,00,001 - 5,00,000 5,00,001 - 10,00,000 10,00,000 Above 2. Bulk SMS Rate of Government Tariff (Excluding Tax) 10,001 - 1,00,000 1,00,001 - 5,00,000 5,00,001 - 10,00,000 10,00,000 Above उपरोक्त दर रेट अनुसार Web Based Bulk SMS खरीद गर्दा न्यूनतम 1,500 SMS Quota वा तोकिएको Slab अनुसारको हुन आउने कर समेतको रकम अग्रिम रुपमा तोकिएको बैंकमा भुक्तानी गर्नुपर्नेछ । त्यसपछि मात्र Customer ले भुक्तानी गरेको रकम बरावरको Quota थप गरी उक्त Slab मा उल्लेख गरिएको SMS पठाउन मिल्ने गरी समयावधि समेत थप गरिनेछ । क्रमबृद्धि आधार (Incremental Basis) लागु हुने छैन । URL : https://groupsms.ntc.net.np User can upload phone contacts in an excel sheet 1000 numbers at one time Cost: Inclusive of all application taxes","1. Bulk SMS Rate of Private Company Tariff (Excluding Tax) 2,000 - 1,00,000 1,00,001 - 5,00,000 5,00,001 - 10,00,000 10,00,000 Above 2. Bulk SMS Rate of Government Tariff (Excluding Tax) 10,001 - 1,00,000 1,00,001 - 5,00,000 5,00,001 - 10,00,000 10,00,000 Above उपरोक्त दर रेट अनुसार Web Based Bulk SMS खरीद गर्दा न्यूनतम 1,500 SMS Quota वा तोकिएको Slab अनुसारको हुन आउने कर समेतको रकम अग्रिम रुपमा तोकिएको बैंकमा भुक्तानी गर्नुपर्नेछ । त्यसपछि मात्र Customer ले भुक्तानी गरेको रकम बरावरको Quota थप गरी उक्त Slab मा उल्लेख गरिएको SMS पठाउन मिल्ने गरी समयावधि समेत थप गरिनेछ । क्रमबृद्धि आधार (Incremental Basis) लागु हुने छैन । URL : https://groupsms.ntc.net.np User can upload phone contacts in an excel sheet 1000 numbers at one time Cost: Inclusive of all application taxes",eSIM: https://esim.ntc.net.np | Career: https://www.ntc.net.np/post/new-career | Offers: https://www.ntc.net.np/post/summer-package | Offers: https://offer.ntc.net.np/ | Email: https://webmail.ntc.net.np/
https://www.ntc.net.np/services/sms-based-vas-services,NT | SMS Based VAS Services,For more information:,paragraph,What is the information about 'For more information:' from NT | SMS Based VAS Services?,"Nepal Telecom, Office of CCO Strategy Implementation & VAS Head Office, Bhadrakali, Kathmandu email: vas@ntc.net.np Ph: 014210242","Nepal Telecom, Office of CCO Strategy Implementation & VAS Head Office, Bhadrakali, Kathmandu email: vas@ntc.net.np Ph: 014210242",eSIM: https://esim.ntc.net.np | Career: https://www.ntc.net.np/post/new-career | Offers: https://www.ntc.net.np/post/summer-package | Offers: https://offer.ntc.net.np/ | Email: https://webmail.ntc.net.np/
https://www.ntc.net.np/services/sms-based-vas-services,NT | SMS Based VAS Services,Join our Newsletters,paragraph,What is the information about 'Join our Newsletters' from NT | SMS Based VAS Services?,Receive the latest news and exclusive offers © 2026 Nepal Telecom. All Rights Reserved. 4G/LTE Band Check,Receive the latest news and exclusive offers © 2026 Nepal Telecom. All Rights Reserved. 4G/LTE Band Check,eSIM: https://esim.ntc.net.np | Career: https://www.ntc.net.np/post/new-career | Offers: https://www.ntc.net.np/post/summer-package | Offers: https://offer.ntc.net.np/ | Email: https://webmail.ntc.net.np/
https://www.ntc.net.np/services/nttv,NT | NTTV,General,paragraph,What information is available on NT | NTTV?,EN English नेपाली Self Care Register Login Change Password Change Password NTTV Basic Channels List NTTV Bouquet (A'La Carte) Channels List For more information visit www.nttv.com.np,EN English नेपाली Self Care Register Login Change Password Change Password NTTV Basic Channels List NTTV Bouquet (A'La Carte) Channels List For more information visit www.nttv.com.np,eSIM: https://esim.ntc.net.np | Career: https://www.ntc.net.np/post/new-career | Offers: https://www.ntc.net.np/post/summer-package | Offers: https://offer.ntc.net.np/ | Email: https://webmail.ntc.net.np/ | www.nttv.com.np: https://www.nttv.com.np/ | Android: https://play.google.com/store/apps/details?id=np.com.networktv.nttv | iOS: https://apps.apple.com/np/app/nttv/id1523418662
https://www.ntc.net.np/services/nttv,NT | NTTV,Join our Newsletters,paragraph,What is the information about 'Join our Newsletters' from NT | NTTV?,Receive the latest news and exclusive offers © 2026 Nepal Telecom. All Rights Reserved. 4G/LTE Band Check,Receive the latest news and exclusive offers © 2026 Nepal Telecom. All Rights Reserved. 4G/LTE Band Check,eSIM: https://esim.ntc.net.np | Career: https://www.ntc.net.np/post/new-career | Offers: https://www.ntc.net.np/post/summer-package | Offers: https://offer.ntc.net.np/ | Email: https://webmail.ntc.net.np/ | www.nttv.com.np: https://www.nttv.com.np/ | Android: https://play.google.com/store/apps/details?id=np.com.networktv.nttv | iOS: https://apps.apple.com/np/app/nttv/id1523418662
https://www.ntc.net.np/services/4g-lte-network,NT | 4G LTE Network,General,paragraph,What information is available on NT | 4G LTE Network?,EN English नेपाली Self Care Register Login Change Password Change Password International Services Data Package (Summer) Unlimited Hourly Data Pack Unlimited Fb/Youtube Pack Sajilo Prepaid Pack Postpaid Rental Included Packages Unlimited Night Packs Unlimited TikTok Packs Recurring Postpaid Sajilo Offers 4G Wireless Home Broadband-bk,EN English नेपाली Self Care Register Login Change Password Change Password International Services Data Package (Summer) Unlimited Hourly Data Pack Unlimited Fb/Youtube Pack Sajilo Prepaid Pack Postpaid Rental Included Packages Unlimited Night Packs Unlimited TikTok Packs Recurring Postpaid Sajilo Offers 4G Wireless Home Broadband-bk,eSIM: https://esim.ntc.net.np | Career: https://www.ntc.net.np/post/new-career | Offers: https://www.ntc.net.np/post/summer-package | Offers: https://offer.ntc.net.np/ | Email: https://webmail.ntc.net.np/ | List of 4G coverage in all the provinces and its local bodies: https://ntc.net.np/post/4g-coverage | https://www.ntc.net.np/nt-4g-lte-bands: https://www.ntc.net.np/nt-4g-lte-bands | https://www.ntc.net.np/nt-4g-lte-bands: https://www.ntc.net.np/nt-4g-lte-bands | https://www.ntc.net.np/nt-4g-lte-bands: https://www.ntc.net.np/nt-4g-lte-bands | https://www.ntc.net.np/nt-4g-lte-bands: https://ntc.net.np/nt-4g-lte-bands
https://www.ntc.net.np/services/4g-lte-network,NT | 4G LTE Network,More GSM Services,paragraph,What is the information about 'More GSM Services' from NT | 4G LTE Network?,"International Roaming GSM Prepaid Service GSM Postpaid Service Friends and Family Call Service (FNF) The world of technology is changing at a rapid pace and telecommunications technology is not an exception. In order to bring to our customers, the latest in telecommunications technology, Nepal Telecom is introducing 4G/LTE to its GSM mobile subscribers for the first time in Nepal at an affordable cost. 4G or LTE (Long Term Evolution) stands for a mobile communications standard intended to replace 3G, allowing wireless Internet access at a much higher speed. 4G and LTE are two common terms used for the same technology hence the terms are used interchangeably. As this technology supports much higher speed than the previous technologies, the customer will feel better internet browsing experience. Now, videos can be streamed without interruption and at higher definition.","International Roaming GSM Prepaid Service GSM Postpaid Service Friends and Family Call Service (FNF) The world of technology is changing at a rapid pace and telecommunications technology is not an exception. In order to bring to our customers, the latest in telecommunications technology, Nepal Telecom is introducing 4G/LTE to its GSM mobile subscribers for the first time in Nepal at an affordable cost. 4G or LTE (Long Term Evolution) stands for a mobile communications standard intended to replace 3G, allowing wireless Internet access at a much higher speed. 4G and LTE are two common terms used for the same technology hence the terms are used interchangeably. As this technology supports much higher speed than the previous technologies, the customer will feel better internet browsing experience. Now, videos can be streamed without interruption and at higher definition.",eSIM: https://esim.ntc.net.np | Career: https://www.ntc.net.np/post/new-career | Offers: https://www.ntc.net.np/post/summer-package | Offers: https://offer.ntc.net.np/ | Email: https://webmail.ntc.net.np/ | List of 4G coverage in all the provinces and its local bodies: https://ntc.net.np/post/4g-coverage | https://www.ntc.net.np/nt-4g-lte-bands: https://www.ntc.net.np/nt-4g-lte-bands | https://www.ntc.net.np/nt-4g-lte-bands: https://www.ntc.net.np/nt-4g-lte-bands | https://www.ntc.net.np/nt-4g-lte-bands: https://www.ntc.net.np/nt-4g-lte-bands | https://www.ntc.net.np/nt-4g-lte-bands: https://ntc.net.np/nt-4g-lte-bands
https://www.ntc.net.np/services/4g-lte-network,NT | 4G LTE Network,4G/LTE Network Coverage,paragraph,What is the information about '4G/LTE Network Coverage' from NT | 4G LTE Network?,"Nepal Telecom has been at the forefront of delivering cutting-edge technology, particularly 4G/LTE services, since 2017 AD. Currently, the extensive reach of 4G/LTE services spans across all 77 districts, encompassing 741 out of 753 local bodies. There are plans to further extend 4G/LTE services to cover the remaining local bodies in the near future. List of 4G coverage in all the provinces and its local bodies To use 4G/LTE service, your mobile device needs to support 4G/LTE and in case you have older version of SIM card, you will need to replace it with newer 4G enabled SIM(Universal SIM i.e. U-SIM). Just dial *444# and check whether your SIM card supports 4G/LTE. Subscription to 4G/LTE service and configuring it in your handset is easy – in case of any confusion feel free to contact our customer care center. There is no service activation fee for 4G/LTE. And usage charges are the same as before – it’s not expensive.","Nepal Telecom has been at the forefront of delivering cutting-edge technology, particularly 4G/LTE services, since 2017 AD. Currently, the extensive reach of 4G/LTE services spans across all 77 districts, encompassing 741 out of 753 local bodies. There are plans to further extend 4G/LTE services to cover the remaining local bodies in the near future. List of 4G coverage in all the provinces and its local bodies To use 4G/LTE service, your mobile device needs to support 4G/LTE and in case you have older version of SIM card, you will need to replace it with newer 4G enabled SIM(Universal SIM i.e. U-SIM). Just dial *444# and check whether your SIM card supports 4G/LTE. Subscription to 4G/LTE service and configuring it in your handset is easy – in case of any confusion feel free to contact our customer care center. There is no service activation fee for 4G/LTE. And usage charges are the same as before – it’s not expensive.",eSIM: https://esim.ntc.net.np | Career: https://www.ntc.net.np/post/new-career | Offers: https://www.ntc.net.np/post/summer-package | Offers: https://offer.ntc.net.np/ | Email: https://webmail.ntc.net.np/ | List of 4G coverage in all the provinces and its local bodies: https://ntc.net.np/post/4g-coverage | https://www.ntc.net.np/nt-4g-lte-bands: https://www.ntc.net.np/nt-4g-lte-bands | https://www.ntc.net.np/nt-4g-lte-bands: https://www.ntc.net.np/nt-4g-lte-bands | https://www.ntc.net.np/nt-4g-lte-bands: https://www.ntc.net.np/nt-4g-lte-bands | https://www.ntc.net.np/nt-4g-lte-bands: https://ntc.net.np/nt-4g-lte-bands
https://www.ntc.net.np/services/4g-lte-network,NT | 4G LTE Network,Use Data Packages,paragraph,What is the information about 'Use Data Packages' from NT | 4G LTE Network?,"As 4G/LTE enables you to browse data at much higher speeds, you will have a much better browsing experience and your data consumption will go up . Hence, it is advisable that you buy a data pack which is appropriate for you – use data pack and save money. Upload, Download, Share and stay connected – Be Ahead Now at a much higher speed – Use NT 4G/LTE First Time in Nepal – Cutting edge global technology at your fingertip Try it now to feel the difference. It will be an experience you will remember. For More Info Contact your nearest Nepal Telecom Office Or Call : 1498 LTE stands for “Long Term Evolution”. It is the next generation of wireless data technology after 3G, commonly referred as 4G. It provides you path breaking mobile internet experience, buffer-free streaming and amazingly clear videos. It enables you to enjoy bandwidth intensive contents such as videos/music streaming, cloud services and alike. The actual speed depends on various factors like: Device used and phone capacity to get maximum speed. 4G/LTE network coverage. Distance between user and base station. Nature of built-up area. Number of data/internet users at a time (traffic over the internet). 4G/LTE technology ","As 4G/LTE enables you to browse data at much higher speeds, you will have a much better browsing experience and your data consumption will go up . Hence, it is advisable that you buy a data pack which is appropriate for you – use data pack and save money. Upload, Download, Share and stay connected – Be Ahead Now at a much higher speed – Use NT 4G/LTE First Time in Nepal – Cutting edge global technology at your fingertip Try it now to feel the difference. It will be an experience you will remember. For More Info Contact your nearest Nepal Telecom Office Or Call : 1498 LTE stands for “Long Term Evolution”. It is the next generation of wireless data technology after 3G, commonly referred as 4G. It provides you path breaking mobile internet experience, buffer-free streaming and amazingly clear videos. It enables you to enjoy bandwidth intensive contents such as videos/music streaming, cloud services and alike. The actual speed depends on various factors like: Device used and phone capacity to get maximum speed. 4G/LTE network coverage. Distance between user and base station. Nature of built-up area. Number of data/internet users at a time (traffic over the internet). 4G/LTE technology ",eSIM: https://esim.ntc.net.np | Career: https://www.ntc.net.np/post/new-career | Offers: https://www.ntc.net.np/post/summer-package | Offers: https://offer.ntc.net.np/ | Email: https://webmail.ntc.net.np/ | List of 4G coverage in all the provinces and its local bodies: https://ntc.net.np/post/4g-coverage | https://www.ntc.net.np/nt-4g-lte-bands: https://www.ntc.net.np/nt-4g-lte-bands | https://www.ntc.net.np/nt-4g-lte-bands: https://www.ntc.net.np/nt-4g-lte-bands | https://www.ntc.net.np/nt-4g-lte-bands: https://www.ntc.net.np/nt-4g-lte-bands | https://www.ntc.net.np/nt-4g-lte-bands: https://ntc.net.np/nt-4g-lte-bands
https://www.ntc.net.np/services/4g-lte-network,NT | 4G LTE Network,Join our Newsletters,paragraph,What is the information about 'Join our Newsletters' from NT | 4G LTE Network?,Receive the latest news and exclusive offers © 2026 Nepal Telecom. All Rights Reserved. 4G/LTE Band Check,Receive the latest news and exclusive offers © 2026 Nepal Telecom. All Rights Reserved. 4G/LTE Band Check,eSIM: https://esim.ntc.net.np | Career: https://www.ntc.net.np/post/new-career | Offers: https://www.ntc.net.np/post/summer-package | Offers: https://offer.ntc.net.np/ | Email: https://webmail.ntc.net.np/ | List of 4G coverage in all the provinces and its local bodies: https://ntc.net.np/post/4g-coverage | https://www.ntc.net.np/nt-4g-lte-bands: https://www.ntc.net.np/nt-4g-lte-bands | https://www.ntc.net.np/nt-4g-lte-bands: https://www.ntc.net.np/nt-4g-lte-bands | https://www.ntc.net.np/nt-4g-lte-bands: https://www.ntc.net.np/nt-4g-lte-bands | https://www.ntc.net.np/nt-4g-lte-bands: https://ntc.net.np/nt-4g-lte-bands
https://www.ntc.net.np/tariff,NT | Tariffs,Table,table,What is the information about 'Table' from NT | Tariffs?,Particular | Amount | Vat 13% | Total,Particular | Amount | Vat 13% | Total,
https://www.ntc.net.np/tariff,NT | Tariffs,Table,table,What is the information about 'Table' from NT | Tariffs?,Registration | 500.00 | - | 500.00,Registration | 500.00 | - | 500.00,
https://www.ntc.net.np/tariff,NT | Tariffs,Table,table,What is the information about 'Table' from NT | Tariffs?,"Deposit | 10,000.00 | - | 10,000.00","Deposit | 10,000.00 | - | 10,000.00",
https://www.ntc.net.np/tariff,NT | Tariffs,Table,table,What is the information about 'Table' from NT | Tariffs?,"Installation Charge | 6,000.00 | - | 6,000.00","Installation Charge | 6,000.00 | - | 6,000.00",
https://www.ntc.net.np/tariff,NT | Tariffs,Table,table,What is the information about 'Table' from NT | Tariffs?,Ownership | 500.00 | 65.00 | 565.00,Ownership | 500.00 | 65.00 | 565.00,
https://www.ntc.net.np/tariff,NT | Tariffs,Table,table,What is the information about 'Table' from NT | Tariffs?,*Optical Fiber @Rs.60/m | - | - | -,*Optical Fiber @Rs.60/m | - | - | -,
https://www.ntc.net.np/tariff,NT | Tariffs,Table,table,What is the information about 'Table' from NT | Tariffs?,"Grand Total | 17,000.00 | 65.00 | 17,065.00","Grand Total | 17,000.00 | 65.00 | 17,065.00",
https://www.ntc.net.np/tariff,NT | Tariffs,Table,table,What is the information about 'Table' from NT | Tariffs?,"Deposit | 150,000.00 | - | 150,000.00","Deposit | 150,000.00 | - | 150,000.00",
https://www.ntc.net.np/tariff,NT | Tariffs,Table,table,What is the information about 'Table' from NT | Tariffs?,"Grand Total | 157,000.00 | 65.00 | 157,065.00","Grand Total | 157,000.00 | 65.00 | 157,065.00",
https://www.ntc.net.np/tariff,NT | Tariffs,Table,table,What is the information about 'Table' from NT | Tariffs?,* 100 m. Optical Fiber cable free provide by NT,* 100 m. Optical Fiber cable free provide by NT,
https://www.ntc.net.np/tariff,NT | Tariffs,Table,table,What is the information about 'Table' from NT | Tariffs?,Charges for per call shall be applied as per PSTN Landline . |  | ,Charges for per call shall be applied as per PSTN Landline . |  | ,
https://www.ntc.net.np/tariff,NT | Tariffs,Table,table,What is the information about 'Table' from NT | Tariffs?,"Deposit | 20,000.00 | - | 20,000.00","Deposit | 20,000.00 | - | 20,000.00",
https://www.ntc.net.np/tariff,NT | Tariffs,Table,table,What is the information about 'Table' from NT | Tariffs?,"Ownership 500*100 | 50,000.00 | 6,500.00 | 56,500.00","Ownership 500*100 | 50,000.00 | 6,500.00 | 56,500.00",
https://www.ntc.net.np/tariff,NT | Tariffs,Table,table,What is the information about 'Table' from NT | Tariffs?,"Grand Total | 76,500.00 | 6,500.00 | 83,000.00","Grand Total | 76,500.00 | 6,500.00 | 83,000.00",
https://www.ntc.net.np/tariff,NT | Tariffs,Table,table,What is the information about 'Table' from NT | Tariffs?,"Grand Total | 206,500.00 | 6,500.00 | 213,000.00","Grand Total | 206,500.00 | 6,500.00 | 213,000.00",
https://www.ntc.net.np/tariff,NT | Tariffs,Table,table,What is the information about 'Table' from NT | Tariffs?,"Rental Charge | 12,000.00 |  | ","Rental Charge | 12,000.00 |  | ",
https://www.ntc.net.np/tariff,NT | Tariffs,General,paragraph,What information is available on NT | Tariffs?,EN English नेपाली Self Care Register Login Change Password Change Password,EN English नेपाली Self Care Register Login Change Password Change Password,eSIM: https://esim.ntc.net.np | Career: https://www.ntc.net.np/post/new-career | Offers: https://www.ntc.net.np/post/summer-package | Offers: https://offer.ntc.net.np/ | Email: https://webmail.ntc.net.np/
https://www.ntc.net.np/tariff,NT | Tariffs,GSM Postpaid Service,paragraph,What is the information about 'GSM Postpaid Service' from NT | Tariffs?,GSM Postpaid Service Tariff Standard Tariff Postpaid-Roaming Discounted Tariff Postpaid-Roaming,GSM Postpaid Service Tariff Standard Tariff Postpaid-Roaming Discounted Tariff Postpaid-Roaming,eSIM: https://esim.ntc.net.np | Career: https://www.ntc.net.np/post/new-career | Offers: https://www.ntc.net.np/post/summer-package | Offers: https://offer.ntc.net.np/ | Email: https://webmail.ntc.net.np/
https://www.ntc.net.np/tariff,NT | Tariffs,GSM Prepaid Service,paragraph,What is the information about 'GSM Prepaid Service' from NT | Tariffs?,GSM Prepaid Service Tariff International Roaming Tariff : GSM Prepaid,GSM Prepaid Service Tariff International Roaming Tariff : GSM Prepaid,eSIM: https://esim.ntc.net.np | Career: https://www.ntc.net.np/post/new-career | Offers: https://www.ntc.net.np/post/summer-package | Offers: https://offer.ntc.net.np/ | Email: https://webmail.ntc.net.np/
https://www.ntc.net.np/tariff,NT | Tariffs,Easy Phone Service,paragraph,What is the information about 'Easy Phone Service' from NT | Tariffs?,Easy Phone Call Tariff NT EasyPhone Tariff,Easy Phone Call Tariff NT EasyPhone Tariff,eSIM: https://esim.ntc.net.np | Career: https://www.ntc.net.np/post/new-career | Offers: https://www.ntc.net.np/post/summer-package | Offers: https://offer.ntc.net.np/ | Email: https://webmail.ntc.net.np/
https://www.ntc.net.np/tariff,NT | Tariffs,Fiber To The Home - FTTH,paragraph,What is the information about 'Fiber To The Home - FTTH' from NT | Tariffs?,International Call Tariff PSTN Telephone Charges,International Call Tariff PSTN Telephone Charges,eSIM: https://esim.ntc.net.np | Career: https://www.ntc.net.np/post/new-career | Offers: https://www.ntc.net.np/post/summer-package | Offers: https://offer.ntc.net.np/ | Email: https://webmail.ntc.net.np/
https://www.ntc.net.np/tariff,NT | Tariffs,Join our Newsletters,paragraph,What is the information about 'Join our Newsletters' from NT | Tariffs?,Receive the latest news and exclusive offers © 2026 Nepal Telecom. All Rights Reserved. 4G/LTE Band Check,Receive the latest news and exclusive offers © 2026 Nepal Telecom. All Rights Reserved. 4G/LTE Band Check,eSIM: https://esim.ntc.net.np | Career: https://www.ntc.net.np/post/new-career | Offers: https://www.ntc.net.np/post/summer-package | Offers: https://offer.ntc.net.np/ | Email: https://webmail.ntc.net.np/
https://www.ntc.net.np/tariff/ftth-tariff,NT | Tariffs | FTTH Tariff,Table,table,What is the information about 'Table' from NT | Tariffs | FTTH Tariff?,S.N | FTTH Package | 2 Year Tariff (NRs.) | Mobile Data per Day,S.N | FTTH Package | 2 Year Tariff (NRs.) | Mobile Data per Day,
https://www.ntc.net.np/tariff/ftth-tariff,NT | Tariffs | FTTH Tariff,Table,table,What is the information about 'Table' from NT | Tariffs | FTTH Tariff?,"1. | 50 Mbps | 14,999/- | 600 MB","1. | 50 Mbps | 14,999/- | 600 MB",
https://www.ntc.net.np/tariff/ftth-tariff,NT | Tariffs | FTTH Tariff,Table,table,What is the information about 'Table' from NT | Tariffs | FTTH Tariff?,"2. | 100 Mbps | 20,199/- | 800 MB","2. | 100 Mbps | 20,199/- | 800 MB",
https://www.ntc.net.np/tariff/ftth-tariff,NT | Tariffs | FTTH Tariff,Table,table,What is the information about 'Table' from NT | Tariffs | FTTH Tariff?,"3. | 150 Mbps | 22,599/- | 900 MB","3. | 150 Mbps | 22,599/- | 900 MB",
https://www.ntc.net.np/tariff/ftth-tariff,NT | Tariffs | FTTH Tariff,Table,table,What is the information about 'Table' from NT | Tariffs | FTTH Tariff?,"4. | 200 Mbps | 28,399/- | 1000 MB","4. | 200 Mbps | 28,399/- | 1000 MB",
https://www.ntc.net.np/tariff/ftth-tariff,NT | Tariffs | FTTH Tariff,Table,table,What is the information about 'Table' from NT | Tariffs | FTTH Tariff?,"No Installation Charge CPE is FREE of Cost 100 m. fiber cable is FREE of Cost Yearly 3000 min. NT-NT telephone voice call is included in the above packages For New Telephone voice connection, an Ownership Tax of Rs. 665 along with standard voice rates apply Warranty Period: 2 years","No Installation Charge CPE is FREE of Cost 100 m. fiber cable is FREE of Cost Yearly 3000 min. NT-NT telephone voice call is included in the above packages For New Telephone voice connection, an Ownership Tax of Rs. 665 along with standard voice rates apply Warranty Period: 2 years",
https://www.ntc.net.np/tariff/ftth-tariff,NT | Tariffs | FTTH Tariff,Table,table,What is the information about 'Table' from NT | Tariffs | FTTH Tariff?,S.N. | FTTH Package | 1 Month (Rs.) | 3 Months (Rs.) | 12 Months (Rs.) | Mobile Data per Day (for yearly subscribers only),S.N. | FTTH Package | 1 Month (Rs.) | 3 Months (Rs.) | 12 Months (Rs.) | Mobile Data per Day (for yearly subscribers only),
https://www.ntc.net.np/tariff/ftth-tariff,NT | Tariffs | FTTH Tariff,Table,table,What is the information about 'Table' from NT | Tariffs | FTTH Tariff?,"1 | 50 Mbps | 815 | 2,350 | 8,499 | 600 MB","1 | 50 Mbps | 815 | 2,350 | 8,499 | 600 MB",
https://www.ntc.net.np/tariff/ftth-tariff,NT | Tariffs | FTTH Tariff,Table,table,What is the information about 'Table' from NT | Tariffs | FTTH Tariff?,"2 | 75 Mbps | 1,010 | 2,900 | 10,499 | 700 MB","2 | 75 Mbps | 1,010 | 2,900 | 10,499 | 700 MB",
https://www.ntc.net.np/tariff/ftth-tariff,NT | Tariffs | FTTH Tariff,Table,table,What is the information about 'Table' from NT | Tariffs | FTTH Tariff?,"3 | 100 Mbps | 1,150 | 3,200 | 11,499 | 800 MB","3 | 100 Mbps | 1,150 | 3,200 | 11,499 | 800 MB",
https://www.ntc.net.np/tariff/ftth-tariff,NT | Tariffs | FTTH Tariff,Table,table,What is the information about 'Table' from NT | Tariffs | FTTH Tariff?,"4 | 150 Mbps | 1,250 | 3,600 | 12,999 | 900 MB","4 | 150 Mbps | 1,250 | 3,600 | 12,999 | 900 MB",
https://www.ntc.net.np/tariff/ftth-tariff,NT | Tariffs | FTTH Tariff,Table,table,What is the information about 'Table' from NT | Tariffs | FTTH Tariff?,"5 | 200 Mbps | 1,600 | 4,550 | 16,499 | 1000 MB","5 | 200 Mbps | 1,600 | 4,550 | 16,499 | 1000 MB",
https://www.ntc.net.np/tariff/ftth-tariff,NT | Tariffs | FTTH Tariff,Table,table,What is the information about 'Table' from NT | Tariffs | FTTH Tariff?,"6 | 50 Mbps for Existing Telephone Voice only subscribers (yearly) | 7,499 | 600 MB","6 | 50 Mbps for Existing Telephone Voice only subscribers (yearly) | 7,499 | 600 MB",
https://www.ntc.net.np/tariff/ftth-tariff,NT | Tariffs | FTTH Tariff,Table,table,What is the information about 'Table' from NT | Tariffs | FTTH Tariff?,"CPE cost is not included in the Monthly and Quarterly package Monthly 250 min., Quarterly 750 min., and Yearly 3000 min. NT-NT Call is included in the above packages One Time Installation Charge of Rs.500 & Ownership Tax of Rs.665 not included in the aforementioned price FuP (Fair Usage Policy) is applicable daily","CPE cost is not included in the Monthly and Quarterly package Monthly 250 min., Quarterly 750 min., and Yearly 3000 min. NT-NT Call is included in the above packages One Time Installation Charge of Rs.500 & Ownership Tax of Rs.665 not included in the aforementioned price FuP (Fair Usage Policy) is applicable daily",
https://www.ntc.net.np/tariff/ftth-tariff,NT | Tariffs | FTTH Tariff,Table,table,What is the information about 'Table' from NT | Tariffs | FTTH Tariff?,S.N. | FTTH Packages | 1 Month (Rs.) | 3 Months (Rs.),S.N. | FTTH Packages | 1 Month (Rs.) | 3 Months (Rs.),
https://www.ntc.net.np/tariff/ftth-tariff,NT | Tariffs | FTTH Tariff,Table,table,What is the information about 'Table' from NT | Tariffs | FTTH Tariff?,"1 | 50 Mbps + Basic NTTV Channels + 250 min./month Telephone calls (NT-NT) | 1,065 | 3,100","1 | 50 Mbps + Basic NTTV Channels + 250 min./month Telephone calls (NT-NT) | 1,065 | 3,100",
https://www.ntc.net.np/tariff/ftth-tariff,NT | Tariffs | FTTH Tariff,Table,table,What is the information about 'Table' from NT | Tariffs | FTTH Tariff?,"2 | 100 Mbps + Basic NTTV Channels + 250 min./month Telephone calls (NT-NT) | 1,400 | 3,950","2 | 100 Mbps + Basic NTTV Channels + 250 min./month Telephone calls (NT-NT) | 1,400 | 3,950",
https://www.ntc.net.np/tariff/ftth-tariff,NT | Tariffs | FTTH Tariff,Table,table,What is the information about 'Table' from NT | Tariffs | FTTH Tariff?,"3 | 150 Mbps + Basic NTTV Channels + 250 min./month Telephone calls (NT-NT) | 1,500 | 4,350","3 | 150 Mbps + Basic NTTV Channels + 250 min./month Telephone calls (NT-NT) | 1,500 | 4,350",
https://www.ntc.net.np/tariff/ftth-tariff,NT | Tariffs | FTTH Tariff,Table,table,What is the information about 'Table' from NT | Tariffs | FTTH Tariff?,"4 | 200 Mbps + Basic NTTV Channels + 250 min./month Telephone calls (NT-NT) | 1,850 | 5,300","4 | 200 Mbps + Basic NTTV Channels + 250 min./month Telephone calls (NT-NT) | 1,850 | 5,300",
https://www.ntc.net.np/tariff/ftth-tariff,NT | Tariffs | FTTH Tariff,Table,table,What is the information about 'Table' from NT | Tariffs | FTTH Tariff?,"1 | 50 Mbps + Premium NTTV Channels + 250 min./month Telephone calls (NT-NT) | 1,285 | 3,760","1 | 50 Mbps + Premium NTTV Channels + 250 min./month Telephone calls (NT-NT) | 1,285 | 3,760",
https://www.ntc.net.np/tariff/ftth-tariff,NT | Tariffs | FTTH Tariff,Table,table,What is the information about 'Table' from NT | Tariffs | FTTH Tariff?,"2 | 100 Mbps + Premium NTTV Channels + 250 min./month Telephone calls (NT-NT) | 1,620 | 4,610","2 | 100 Mbps + Premium NTTV Channels + 250 min./month Telephone calls (NT-NT) | 1,620 | 4,610",
https://www.ntc.net.np/tariff/ftth-tariff,NT | Tariffs | FTTH Tariff,Table,table,What is the information about 'Table' from NT | Tariffs | FTTH Tariff?,"3 | 150 Mbps + Premium NTTV Channels + 250 min./month Telephone calls (NT-NT) | 1,720 | 5,010","3 | 150 Mbps + Premium NTTV Channels + 250 min./month Telephone calls (NT-NT) | 1,720 | 5,010",
https://www.ntc.net.np/tariff/ftth-tariff,NT | Tariffs | FTTH Tariff,Table,table,What is the information about 'Table' from NT | Tariffs | FTTH Tariff?,"4 | 200 Mbps + Premium NTTV Channels + 250 min./month Telephone calls (NT-NT) | 2,070 | 5,960","4 | 200 Mbps + Premium NTTV Channels + 250 min./month Telephone calls (NT-NT) | 2,070 | 5,960",
https://www.ntc.net.np/tariff/ftth-tariff,NT | Tariffs | FTTH Tariff,Table,table,What is the information about 'Table' from NT | Tariffs | FTTH Tariff?,"For new subscription of monthly & quarterly packages, CPE & STB to be purchased separately One Time Installation Charge of Rs.500 & Ownership Tax of Rs.665 not included in the aforementioned price For additional NTTV connection, STB charge of Rs.3230 per box and standard rate is applicable for basic & premium channels respectively FuP (Fair Usage Policy) is applicable daily","For new subscription of monthly & quarterly packages, CPE & STB to be purchased separately One Time Installation Charge of Rs.500 & Ownership Tax of Rs.665 not included in the aforementioned price For additional NTTV connection, STB charge of Rs.3230 per box and standard rate is applicable for basic & premium channels respectively FuP (Fair Usage Policy) is applicable daily",
https://www.ntc.net.np/tariff/ftth-tariff,NT | Tariffs | FTTH Tariff,Table,table,What is the information about 'Table' from NT | Tariffs | FTTH Tariff?,S.N. | FTTH Package | 12 Months (Rs.) (One-time cost with CPE & STB) | Mobile Data per Day,S.N. | FTTH Package | 12 Months (Rs.) (One-time cost with CPE & STB) | Mobile Data per Day,
https://www.ntc.net.np/tariff/ftth-tariff,NT | Tariffs | FTTH Tariff,Table,table,What is the information about 'Table' from NT | Tariffs | FTTH Tariff?,"1 | 50 Mbps Internet + Basic NTTV Channels + 3000 min. NT-NT Telephone calls | 10,499 | 600 MB","1 | 50 Mbps Internet + Basic NTTV Channels + 3000 min. NT-NT Telephone calls | 10,499 | 600 MB",
https://www.ntc.net.np/tariff/ftth-tariff,NT | Tariffs | FTTH Tariff,Table,table,What is the information about 'Table' from NT | Tariffs | FTTH Tariff?,"2 | 100 Mbps Internet + Basic NTTV Channels + 3000 min. NT-NT Telephone calls | 13,499 | 800 MB","2 | 100 Mbps Internet + Basic NTTV Channels + 3000 min. NT-NT Telephone calls | 13,499 | 800 MB",
https://www.ntc.net.np/tariff/ftth-tariff,NT | Tariffs | FTTH Tariff,Table,table,What is the information about 'Table' from NT | Tariffs | FTTH Tariff?,"3 | 150 Mbps Internet + Basic NTTV Channels + 3000 min. NT-NT Telephone calls | 14,999 | 900 MB","3 | 150 Mbps Internet + Basic NTTV Channels + 3000 min. NT-NT Telephone calls | 14,999 | 900 MB",
https://www.ntc.net.np/tariff/ftth-tariff,NT | Tariffs | FTTH Tariff,Table,table,What is the information about 'Table' from NT | Tariffs | FTTH Tariff?,"4 | 200 Mbps Internet + Basic NTTV Channels + 3000 min. NT-NT Telephone calls | 18,499 | 1000 MB","4 | 200 Mbps Internet + Basic NTTV Channels + 3000 min. NT-NT Telephone calls | 18,499 | 1000 MB",
https://www.ntc.net.np/tariff/ftth-tariff,NT | Tariffs | FTTH Tariff,Table,table,What is the information about 'Table' from NT | Tariffs | FTTH Tariff?,"1 | 50 Mbps Internet + Premium NTTV Channels + 3000 min. NT-NT Telephone calls | 12,000 | 600 MB","1 | 50 Mbps Internet + Premium NTTV Channels + 3000 min. NT-NT Telephone calls | 12,000 | 600 MB",
https://www.ntc.net.np/tariff/ftth-tariff,NT | Tariffs | FTTH Tariff,Table,table,What is the information about 'Table' from NT | Tariffs | FTTH Tariff?,"2 | 100 Mbps Internet + Premium NTTV Channels + 3000 min. NT-NT Telephone calls | 14,999 | 800 MB","2 | 100 Mbps Internet + Premium NTTV Channels + 3000 min. NT-NT Telephone calls | 14,999 | 800 MB",
https://www.ntc.net.np/tariff/ftth-tariff,NT | Tariffs | FTTH Tariff,Table,table,What is the information about 'Table' from NT | Tariffs | FTTH Tariff?,"3 | 150 Mbps Internet + Premium NTTV Channels + 3000 min. NT-NT Telephone calls | 16,499 | 900 MB","3 | 150 Mbps Internet + Premium NTTV Channels + 3000 min. NT-NT Telephone calls | 16,499 | 900 MB",
https://www.ntc.net.np/tariff/ftth-tariff,NT | Tariffs | FTTH Tariff,Table,table,What is the information about 'Table' from NT | Tariffs | FTTH Tariff?,"4 | 200 Mbps Internet + Premium NTTV Channels + 3000 min. NT-NT Telephone calls | 19,999 | 1000 MB","4 | 200 Mbps Internet + Premium NTTV Channels + 3000 min. NT-NT Telephone calls | 19,999 | 1000 MB",
https://www.ntc.net.np/tariff/ftth-tariff,NT | Tariffs | FTTH Tariff,Table,table,What is the information about 'Table' from NT | Tariffs | FTTH Tariff?,"One Time Installation Charge of Rs.500 & Ownership Tax of Rs.665 not included in the aforementioned price For additional NTTV connection, STB charge of Rs. 3,230 per box and standard rate is applicable for basic & premium channels respectively FuP (Fair Usage Policy) is applicable daily","One Time Installation Charge of Rs.500 & Ownership Tax of Rs.665 not included in the aforementioned price For additional NTTV connection, STB charge of Rs. 3,230 per box and standard rate is applicable for basic & premium channels respectively FuP (Fair Usage Policy) is applicable daily",
https://www.ntc.net.np/tariff/ftth-tariff,NT | Tariffs | FTTH Tariff,Table,table,What is the information about 'Table' from NT | Tariffs | FTTH Tariff?,S.N. | FTTH Package | 12 Months (Rs.) (Renewal) | Mobile Data per Day,S.N. | FTTH Package | 12 Months (Rs.) (Renewal) | Mobile Data per Day,
https://www.ntc.net.np/tariff/ftth-tariff,NT | Tariffs | FTTH Tariff,Table,table,What is the information about 'Table' from NT | Tariffs | FTTH Tariff?,"1 | 50 Mbps Internet + Basic NTTV Channels + 3000 min. NT-NT Telephone calls | 9,499 | 600 MB","1 | 50 Mbps Internet + Basic NTTV Channels + 3000 min. NT-NT Telephone calls | 9,499 | 600 MB",
https://www.ntc.net.np/tariff/ftth-tariff,NT | Tariffs | FTTH Tariff,Table,table,What is the information about 'Table' from NT | Tariffs | FTTH Tariff?,"2 | 100 Mbps Internet + Basic NTTV Channels + 3000 min. NT-NT Telephone calls | 12,499 | 800 MB","2 | 100 Mbps Internet + Basic NTTV Channels + 3000 min. NT-NT Telephone calls | 12,499 | 800 MB",
https://www.ntc.net.np/tariff/ftth-tariff,NT | Tariffs | FTTH Tariff,Table,table,What is the information about 'Table' from NT | Tariffs | FTTH Tariff?,"3 | 150 Mbps Internet + Basic NTTV Channels + 3000 min. NT-NT Telephone calls | 13,999 | 900 MB","3 | 150 Mbps Internet + Basic NTTV Channels + 3000 min. NT-NT Telephone calls | 13,999 | 900 MB",
https://www.ntc.net.np/tariff/ftth-tariff,NT | Tariffs | FTTH Tariff,Table,table,What is the information about 'Table' from NT | Tariffs | FTTH Tariff?,"4 | 200 Mbps Internet + Basic NTTV Channels + 3000 min. NT-NT Telephone calls | 17,499 | 1000 MB","4 | 200 Mbps Internet + Basic NTTV Channels + 3000 min. NT-NT Telephone calls | 17,499 | 1000 MB",
https://www.ntc.net.np/tariff/ftth-tariff,NT | Tariffs | FTTH Tariff,Table,table,What is the information about 'Table' from NT | Tariffs | FTTH Tariff?,"1 | 50 Mbps Internet + Premium NTTV Channels + 3000 min. NT-NT Telephone calls | 10,999 | 600 MB","1 | 50 Mbps Internet + Premium NTTV Channels + 3000 min. NT-NT Telephone calls | 10,999 | 600 MB",
https://www.ntc.net.np/tariff/ftth-tariff,NT | Tariffs | FTTH Tariff,Table,table,What is the information about 'Table' from NT | Tariffs | FTTH Tariff?,"2 | 100 Mbps Internet + Premium NTTV Channels + 3000 min. NT-NT Telephone calls | 13,999 | 800 MB","2 | 100 Mbps Internet + Premium NTTV Channels + 3000 min. NT-NT Telephone calls | 13,999 | 800 MB",
https://www.ntc.net.np/tariff/ftth-tariff,NT | Tariffs | FTTH Tariff,Table,table,What is the information about 'Table' from NT | Tariffs | FTTH Tariff?,"3 | 150 Mbps Internet + Premium NTTV Channels + 3000 min. NT-NT Telephone calls | 15,999 | 900 MB","3 | 150 Mbps Internet + Premium NTTV Channels + 3000 min. NT-NT Telephone calls | 15,999 | 900 MB",
https://www.ntc.net.np/tariff/ftth-tariff,NT | Tariffs | FTTH Tariff,Table,table,What is the information about 'Table' from NT | Tariffs | FTTH Tariff?,"4 | 200 Mbps Internet + Premium NTTV Channels + 3000 min. NT-NT Telephone calls | 18,999 | 1000 MB","4 | 200 Mbps Internet + Premium NTTV Channels + 3000 min. NT-NT Telephone calls | 18,999 | 1000 MB",
https://www.ntc.net.np/tariff/ftth-tariff,NT | Tariffs | FTTH Tariff,Table,table,What is the information about 'Table' from NT | Tariffs | FTTH Tariff?,"FuP (Fair Usage Policy) is applicable daily For additional NTTV connection, STB charge of Rs.3230 per box and standard rate is applicable for basic & premium channels respectively","FuP (Fair Usage Policy) is applicable daily For additional NTTV connection, STB charge of Rs.3230 per box and standard rate is applicable for basic & premium channels respectively",
https://www.ntc.net.np/tariff/ftth-tariff,NT | Tariffs | FTTH Tariff,Table,table,What is the information about 'Table' from NT | Tariffs | FTTH Tariff?,S.N. | Package | 1 Month (Rs.) | 3 Months (Rs.) | 12 Months (Rs.),S.N. | Package | 1 Month (Rs.) | 3 Months (Rs.) | 12 Months (Rs.),
https://www.ntc.net.np/tariff/ftth-tariff,NT | Tariffs | FTTH Tariff,Table,table,What is the information about 'Table' from NT | Tariffs | FTTH Tariff?,"1. | Basic NTTV+ Telephone voice for existing voice-only customers | 498.60 | 1,495.80 | 5,983.20","1. | Basic NTTV+ Telephone voice for existing voice-only customers | 498.60 | 1,495.80 | 5,983.20",
https://www.ntc.net.np/tariff/ftth-tariff,NT | Tariffs | FTTH Tariff,Table,table,What is the information about 'Table' from NT | Tariffs | FTTH Tariff?,"1. | Premium NTTV+ Telephone voice for existing voice-only customers | 718.60 | 2,155.80 | 7,303.20","1. | Premium NTTV+ Telephone voice for existing voice-only customers | 718.60 | 2,155.80 | 7,303.20",
https://www.ntc.net.np/tariff/ftth-tariff,NT | Tariffs | FTTH Tariff,Table,table,What is the information about 'Table' from NT | Tariffs | FTTH Tariff?,S.N. | FTTH Package | FUP (GB) per day | Throttling Speed,S.N. | FTTH Package | FUP (GB) per day | Throttling Speed,
https://www.ntc.net.np/tariff/ftth-tariff,NT | Tariffs | FTTH Tariff,Table,table,What is the information about 'Table' from NT | Tariffs | FTTH Tariff?,S.N. | Yearly FTTH Package | Mobile Data per day (All-Time) | Bonus per day (11 PM-6 AM),S.N. | Yearly FTTH Package | Mobile Data per day (All-Time) | Bonus per day (11 PM-6 AM),
https://www.ntc.net.np/tariff/ftth-tariff,NT | Tariffs | FTTH Tariff,Table,table,What is the information about 'Table' from NT | Tariffs | FTTH Tariff?,"1 | 100 Mbps | 5,900 | 16,200 | 32,199 | 500 MB","1 | 100 Mbps | 5,900 | 16,200 | 32,199 | 500 MB",
https://www.ntc.net.np/tariff/ftth-tariff,NT | Tariffs | FTTH Tariff,Table,table,What is the information about 'Table' from NT | Tariffs | FTTH Tariff?,"2 | 150 Mbps | 7,500 | 19,700 | 39,999 | 600 MB","2 | 150 Mbps | 7,500 | 19,700 | 39,999 | 600 MB",
https://www.ntc.net.np/tariff/ftth-tariff,NT | Tariffs | FTTH Tariff,Table,table,What is the information about 'Table' from NT | Tariffs | FTTH Tariff?,"3 | 200 Mbps | 9,600 | 24,500 | 45,999 | 700 MB","3 | 200 Mbps | 9,600 | 24,500 | 45,999 | 700 MB",
https://www.ntc.net.np/tariff/ftth-tariff,NT | Tariffs | FTTH Tariff,Table,table,What is the information about 'Table' from NT | Tariffs | FTTH Tariff?,"FuP (Fair Usage Policy) not applicable For new subscriptions, CPE to be purchased separately One Time Installation Charge of Rs. 500 not included in the above prices For New Telephone voice connection, an OT charge of Rs.665 along with standard voice rates apply","FuP (Fair Usage Policy) not applicable For new subscriptions, CPE to be purchased separately One Time Installation Charge of Rs. 500 not included in the above prices For New Telephone voice connection, an OT charge of Rs.665 along with standard voice rates apply",
https://www.ntc.net.np/tariff/ftth-tariff,NT | Tariffs | FTTH Tariff,Table,table,What is the information about 'Table' from NT | Tariffs | FTTH Tariff?,"1 | 100 Mbps + Basic NTTV Channels | 6,150 | 16,950 | 35,199 | 500 MB","1 | 100 Mbps + Basic NTTV Channels | 6,150 | 16,950 | 35,199 | 500 MB",
https://www.ntc.net.np/tariff/ftth-tariff,NT | Tariffs | FTTH Tariff,Table,table,What is the information about 'Table' from NT | Tariffs | FTTH Tariff?,"2 | 150 Mbps + Basic NTTV Channels | 7,750 | 20,450 | 42,999 | 600 MB","2 | 150 Mbps + Basic NTTV Channels | 7,750 | 20,450 | 42,999 | 600 MB",
https://www.ntc.net.np/tariff/ftth-tariff,NT | Tariffs | FTTH Tariff,Table,table,What is the information about 'Table' from NT | Tariffs | FTTH Tariff?,"3 | 200 Mbps + Basic NTTV Channels | 9,850 | 25,250 | 48,999 | 700 MB","3 | 200 Mbps + Basic NTTV Channels | 9,850 | 25,250 | 48,999 | 700 MB",
https://www.ntc.net.np/tariff/ftth-tariff,NT | Tariffs | FTTH Tariff,Table,table,What is the information about 'Table' from NT | Tariffs | FTTH Tariff?,"1 | 100 Mbps + Premium NTTV Channels | 6,370 | 17,610 | 36,519 | 500 MB","1 | 100 Mbps + Premium NTTV Channels | 6,370 | 17,610 | 36,519 | 500 MB",
https://www.ntc.net.np/tariff/ftth-tariff,NT | Tariffs | FTTH Tariff,Table,table,What is the information about 'Table' from NT | Tariffs | FTTH Tariff?,"2 | 150 Mbps + Premium NTTV Channels | 7,970 | 21,110 | 44,319 | 600 MB","2 | 150 Mbps + Premium NTTV Channels | 7,970 | 21,110 | 44,319 | 600 MB",
https://www.ntc.net.np/tariff/ftth-tariff,NT | Tariffs | FTTH Tariff,Table,table,What is the information about 'Table' from NT | Tariffs | FTTH Tariff?,"3 | 200 Mbps + Premium NTTV Channels | 10,070 | 25,910 | 50,319 | 700 MB","3 | 200 Mbps + Premium NTTV Channels | 10,070 | 25,910 | 50,319 | 700 MB",
https://www.ntc.net.np/tariff/ftth-tariff,NT | Tariffs | FTTH Tariff,Table,table,What is the information about 'Table' from NT | Tariffs | FTTH Tariff?,"For new subscription, CPE & STB to be purchased separately One Time Installation Charge of Rs.500 not included in the above prices For New Telephone voice connection, OT charge of Rs.665 along with standard voice rates apply For additional NTTV connection, STB charge of Rs.3,230 per box and standard rate is applicable for basic & premium channels respectively","For new subscription, CPE & STB to be purchased separately One Time Installation Charge of Rs.500 not included in the above prices For New Telephone voice connection, OT charge of Rs.665 along with standard voice rates apply For additional NTTV connection, STB charge of Rs.3,230 per box and standard rate is applicable for basic & premium channels respectively",
https://www.ntc.net.np/tariff/ftth-tariff,NT | Tariffs | FTTH Tariff,Table,table,What is the information about 'Table' from NT | Tariffs | FTTH Tariff?,S.N. | Yearly Package Name | Monthly Resources | Tariff (Inc. of Tax),S.N. | Yearly Package Name | Monthly Resources | Tariff (Inc. of Tax),
https://www.ntc.net.np/tariff/ftth-tariff,NT | Tariffs | FTTH Tariff,Table,table,What is the information about 'Table' from NT | Tariffs | FTTH Tariff?,"1. | 2 Gbps (Premium) | Unlimited NT-NT 800Min Off-Net Call 3 TB per day:Throttling speed: 500 Mbps | 179,000","1. | 2 Gbps (Premium) | Unlimited NT-NT 800Min Off-Net Call 3 TB per day:Throttling speed: 500 Mbps | 179,000",
https://www.ntc.net.np/tariff/ftth-tariff,NT | Tariffs | FTTH Tariff,Table,table,What is the information about 'Table' from NT | Tariffs | FTTH Tariff?,"2. | 1 Gbps (Premium) | Unlimited NT-NT 500Min Off-Net Call 2 TB per day:Throttling speed: 200 Mbps | 1,29,000","2. | 1 Gbps (Premium) | Unlimited NT-NT 500Min Off-Net Call 2 TB per day:Throttling speed: 200 Mbps | 1,29,000",
https://www.ntc.net.np/tariff/ftth-tariff,NT | Tariffs | FTTH Tariff,Table,table,What is the information about 'Table' from NT | Tariffs | FTTH Tariff?,"3. | 1 Gbps (Basic) | Unlimited NT-NT 500Min Off-Net Call 1 TB per day:Throttling speed: 200 Mbps | 99,691","3. | 1 Gbps (Basic) | Unlimited NT-NT 500Min Off-Net Call 1 TB per day:Throttling speed: 200 Mbps | 99,691",
https://www.ntc.net.np/tariff/ftth-tariff,NT | Tariffs | FTTH Tariff,Table,table,What is the information about 'Table' from NT | Tariffs | FTTH Tariff?,"4. | 500 Mbps (Basic) | Unlimited NT-NT 350 Min Off-Net Call 0.5 TB per day:Throttling speed: 100 Mbps | 69,691","4. | 500 Mbps (Basic) | Unlimited NT-NT 350 Min Off-Net Call 0.5 TB per day:Throttling speed: 100 Mbps | 69,691",
https://www.ntc.net.np/tariff/ftth-tariff,NT | Tariffs | FTTH Tariff,Table,table,What is the information about 'Table' from NT | Tariffs | FTTH Tariff?,"CPE cost of Rs.6,000 is not included in the monthly package One Time Installation Charge of Rs.500 not included in the above prices For New Telephone voice connection, OT charge of Rs.665 along with standard voice rates apply FuP (Fair Usage Policy) is applicable daily","CPE cost of Rs.6,000 is not included in the monthly package One Time Installation Charge of Rs.500 not included in the above prices For New Telephone voice connection, OT charge of Rs.665 along with standard voice rates apply FuP (Fair Usage Policy) is applicable daily",
https://www.ntc.net.np/tariff/ftth-tariff,NT | Tariffs | FTTH Tariff,Table,table,What is the information about 'Table' from NT | Tariffs | FTTH Tariff?,S.N. | Package | Yearly XGPON Tariff | Basic IPTV | Set top box | Total Tariff (Inc. of all Tax) | Mobile data (FR per day) All time,S.N. | Package | Yearly XGPON Tariff | Basic IPTV | Set top box | Total Tariff (Inc. of all Tax) | Mobile data (FR per day) All time,
https://www.ntc.net.np/tariff/ftth-tariff,NT | Tariffs | FTTH Tariff,Table,table,What is the information about 'Table' from NT | Tariffs | FTTH Tariff?,"1. | XGPON 1 Gbps (Premium) | 1,29,000 | 3,000 | 3,230 | 1,35,230 | 1 GB","1. | XGPON 1 Gbps (Premium) | 1,29,000 | 3,000 | 3,230 | 1,35,230 | 1 GB",
https://www.ntc.net.np/tariff/ftth-tariff,NT | Tariffs | FTTH Tariff,Table,table,What is the information about 'Table' from NT | Tariffs | FTTH Tariff?,"2. | XGPON 2Gbps (Premium) | 1,79,000 | 3,000 | 3,230 | 1,85,230 | 1.5 GB","2. | XGPON 2Gbps (Premium) | 1,79,000 | 3,000 | 3,230 | 1,85,230 | 1.5 GB",
https://www.ntc.net.np/tariff/ftth-tariff,NT | Tariffs | FTTH Tariff,Table,table,What is the information about 'Table' from NT | Tariffs | FTTH Tariff?,"1. | XGPON 1Gbps (Premium) | 1,29,000 | 4,320 | 3,230 | 1,36,550 | 1 GB","1. | XGPON 1Gbps (Premium) | 1,29,000 | 4,320 | 3,230 | 1,36,550 | 1 GB",
https://www.ntc.net.np/tariff/ftth-tariff,NT | Tariffs | FTTH Tariff,Table,table,What is the information about 'Table' from NT | Tariffs | FTTH Tariff?,"2. | XGPON 2Gbps (Premium) | 1,79,000 | 4,320 | 3,230 | 1,86,550 | 1.5 GB","2. | XGPON 2Gbps (Premium) | 1,79,000 | 4,320 | 3,230 | 1,86,550 | 1.5 GB",
https://www.ntc.net.np/tariff/ftth-tariff,NT | Tariffs | FTTH Tariff,Table,table,What is the information about 'Table' from NT | Tariffs | FTTH Tariff?,This package is applicable for Organization/ Corporate Office but not applicable for any service providers. The CPE cost is included in above tariff.,This package is applicable for Organization/ Corporate Office but not applicable for any service providers. The CPE cost is included in above tariff.,
https://www.ntc.net.np/tariff/ftth-tariff,NT | Tariffs | FTTH Tariff,Table,table,What is the information about 'Table' from NT | Tariffs | FTTH Tariff?,S.N. | FTTH Package | Voice Resources | 12 Months (Rs) (One-time cost with CPE & STB) | Mobile Data Per Day (for yearly subscribers only),S.N. | FTTH Package | Voice Resources | 12 Months (Rs) (One-time cost with CPE & STB) | Mobile Data Per Day (for yearly subscribers only),
https://www.ntc.net.np/tariff/ftth-tariff,NT | Tariffs | FTTH Tariff,Table,table,What is the information about 'Table' from NT | Tariffs | FTTH Tariff?,"1. | 1 Gbps+Premium NTTV Channels+1 Public IP+1 Telephone | Unlimited NT-NT & 500 min off-net | 1,07,241 | 1 GB","1. | 1 Gbps+Premium NTTV Channels+1 Public IP+1 Telephone | Unlimited NT-NT & 500 min off-net | 1,07,241 | 1 GB",
https://www.ntc.net.np/tariff/ftth-tariff,NT | Tariffs | FTTH Tariff,Table,table,What is the information about 'Table' from NT | Tariffs | FTTH Tariff?,"2. | 500 Mpbs+Premium NTTV Channels+1 Public IP+1 Telephone | Unlimited NT-NT & 350min off-net | 77,241 | 800 MB","2. | 500 Mpbs+Premium NTTV Channels+1 Public IP+1 Telephone | Unlimited NT-NT & 350min off-net | 77,241 | 800 MB",
https://www.ntc.net.np/tariff/ftth-tariff,NT | Tariffs | FTTH Tariff,Table,table,What is the information about 'Table' from NT | Tariffs | FTTH Tariff?,"One Time Installation Charge of Rs.500 & Ownership Tax of Rs.665 not included in the above prices For additional NTTV connection, STB charge of Rs. 3,230 per box and standard rate is applicable for basic & premium channels respectively FUP (Fair Usage Policy) is applicable daily","One Time Installation Charge of Rs.500 & Ownership Tax of Rs.665 not included in the above prices For additional NTTV connection, STB charge of Rs. 3,230 per box and standard rate is applicable for basic & premium channels respectively FUP (Fair Usage Policy) is applicable daily",
https://www.ntc.net.np/tariff/ftth-tariff,NT | Tariffs | FTTH Tariff,Table,table,What is the information about 'Table' from NT | Tariffs | FTTH Tariff?,S.N. | Corporate basic TV Slab | STB one-time cost with one year warranty (inc. of tax) | 3 Months Basic pack tariff(inc of tax)per tv | 12 months Basic pack tariff (inc of tax)per TV | Minimum Internet package Customer shall purchase,S.N. | Corporate basic TV Slab | STB one-time cost with one year warranty (inc. of tax) | 3 Months Basic pack tariff(inc of tax)per tv | 12 months Basic pack tariff (inc of tax)per TV | Minimum Internet package Customer shall purchase,
https://www.ntc.net.np/tariff/ftth-tariff,NT | Tariffs | FTTH Tariff,Table,table,What is the information about 'Table' from NT | Tariffs | FTTH Tariff?,1. | 4 to 10 | 2938 | 750 | 3000 | 100 Mbps,1. | 4 to 10 | 2938 | 750 | 3000 | 100 Mbps,
https://www.ntc.net.np/tariff/ftth-tariff,NT | Tariffs | FTTH Tariff,Table,table,What is the information about 'Table' from NT | Tariffs | FTTH Tariff?,2. | 11 & more | 2825 | 750 | 3000 | 500Mbps/1Gbps,2. | 11 & more | 2825 | 750 | 3000 | 500Mbps/1Gbps,
https://www.ntc.net.np/tariff/ftth-tariff,NT | Tariffs | FTTH Tariff,Table,table,What is the information about 'Table' from NT | Tariffs | FTTH Tariff?,S.N. | Premium TV Slab | STB one-time cost with one year warranty (inc. of tax) | 3 Months Premium pack tariff(inc of tax)per tv | 12 months Premium pack tariff (inc of tax)per TV | Minimum Internet package Customer shall purchase,S.N. | Premium TV Slab | STB one-time cost with one year warranty (inc. of tax) | 3 Months Premium pack tariff(inc of tax)per tv | 12 months Premium pack tariff (inc of tax)per TV | Minimum Internet package Customer shall purchase,
https://www.ntc.net.np/tariff/ftth-tariff,NT | Tariffs | FTTH Tariff,Table,table,What is the information about 'Table' from NT | Tariffs | FTTH Tariff?,1. | 4 to 10 | 2938 | 1080 | 4320 | 100 Mbps,1. | 4 to 10 | 2938 | 1080 | 4320 | 100 Mbps,
https://www.ntc.net.np/tariff/ftth-tariff,NT | Tariffs | FTTH Tariff,Table,table,What is the information about 'Table' from NT | Tariffs | FTTH Tariff?,2. | 11 & more | 2825 | 900 | 3600 | 500Mbps/1Gbps,2. | 11 & more | 2825 | 900 | 3600 | 500Mbps/1Gbps,
https://www.ntc.net.np/tariff/ftth-tariff,NT | Tariffs | FTTH Tariff,Table,table,What is the information about 'Table' from NT | Tariffs | FTTH Tariff?,S.N. | FTTH Package | FUP (TB) per day | Throttling Speed,S.N. | FTTH Package | FUP (TB) per day | Throttling Speed,
https://www.ntc.net.np/tariff/ftth-tariff,NT | Tariffs | FTTH Tariff,Table,table,What is the information about 'Table' from NT | Tariffs | FTTH Tariff?,S.N. | Particulars | Price (Rs.) | Remarks,S.N. | Particulars | Price (Rs.) | Remarks,
https://www.ntc.net.np/tariff/ftth-tariff,NT | Tariffs | FTTH Tariff,Table,table,What is the information about 'Table' from NT | Tariffs | FTTH Tariff?,1 | NT Fiber CPE (Router) cost Single Band | 2825 | Free 1 FTTH Router for New Connection with 1 Year Internet Package,1 | NT Fiber CPE (Router) cost Single Band | 2825 | Free 1 FTTH Router for New Connection with 1 Year Internet Package,
https://www.ntc.net.np/tariff/ftth-tariff,NT | Tariffs | FTTH Tariff,Table,table,What is the information about 'Table' from NT | Tariffs | FTTH Tariff?,2 | NT Fiber CPE (Router) cost Dual Band | 3710,2 | NT Fiber CPE (Router) cost Dual Band | 3710,
https://www.ntc.net.np/tariff/ftth-tariff,NT | Tariffs | FTTH Tariff,Table,table,What is the information about 'Table' from NT | Tariffs | FTTH Tariff?,4 | Drop Fiber (per meter) | 10 | Up to 100 meters free for New Connection,4 | Drop Fiber (per meter) | 10 | Up to 100 meters free for New Connection,
https://www.ntc.net.np/tariff/ftth-tariff,NT | Tariffs | FTTH Tariff,Table,table,What is the information about 'Table' from NT | Tariffs | FTTH Tariff?,S.N. | Package | Amount(NPR) inc. all taxes | Mobile Data,S.N. | Package | Amount(NPR) inc. all taxes | Mobile Data,
https://www.ntc.net.np/tariff/ftth-tariff,NT | Tariffs | FTTH Tariff,Table,table,What is the information about 'Table' from NT | Tariffs | FTTH Tariff?,"1. | 100 Mbps | 14,499 | 400 MB (All-time) + 400 MB (11 PM - 6 AM)","1. | 100 Mbps | 14,499 | 400 MB (All-time) + 400 MB (11 PM - 6 AM)",
https://www.ntc.net.np/tariff/ftth-tariff,NT | Tariffs | FTTH Tariff,Table,table,What is the information about 'Table' from NT | Tariffs | FTTH Tariff?,"2. | 150 Mbps | 15,999 | 450 MB (All-time) + 450 MB (11 PM - 6 AM)","2. | 150 Mbps | 15,999 | 450 MB (All-time) + 450 MB (11 PM - 6 AM)",
https://www.ntc.net.np/tariff/ftth-tariff,NT | Tariffs | FTTH Tariff,Table,table,What is the information about 'Table' from NT | Tariffs | FTTH Tariff?,"3. | 200 Mbps | 19,499 | 500 MB (All-time) + 500 MB (11 PM - 6 AM)","3. | 200 Mbps | 19,499 | 500 MB (All-time) + 500 MB (11 PM - 6 AM)",
https://www.ntc.net.np/tariff/ftth-tariff,NT | Tariffs | FTTH Tariff,Table,table,What is the information about 'Table' from NT | Tariffs | FTTH Tariff?,"1. | 100 Mbps | 16,499 | 400 MB (All-time) + 400 MB (11 PM - 6 AM)","1. | 100 Mbps | 16,499 | 400 MB (All-time) + 400 MB (11 PM - 6 AM)",
https://www.ntc.net.np/tariff/ftth-tariff,NT | Tariffs | FTTH Tariff,Table,table,What is the information about 'Table' from NT | Tariffs | FTTH Tariff?,"2. | 150 Mbps | 17,999 | 450 MB (All-time) + 450 MB (11 PM - 6 AM)","2. | 150 Mbps | 17,999 | 450 MB (All-time) + 450 MB (11 PM - 6 AM)",
https://www.ntc.net.np/tariff/ftth-tariff,NT | Tariffs | FTTH Tariff,Table,table,What is the information about 'Table' from NT | Tariffs | FTTH Tariff?,"3. | 200 Mbps | 21,499 | 500 MB (All-time) + 500 MB (11 PM - 6 AM)","3. | 200 Mbps | 21,499 | 500 MB (All-time) + 500 MB (11 PM - 6 AM)",
https://www.ntc.net.np/tariff/ftth-tariff,NT | Tariffs | FTTH Tariff,Table,table,What is the information about 'Table' from NT | Tariffs | FTTH Tariff?,S.N. | Package | Amount(NPR)inc. all taxes | Mobile Data,S.N. | Package | Amount(NPR)inc. all taxes | Mobile Data,
https://www.ntc.net.np/tariff/ftth-tariff,NT | Tariffs | FTTH Tariff,Table,table,What is the information about 'Table' from NT | Tariffs | FTTH Tariff?,"1. | 100 Mbps | 17,999 | 400 MB (All-time) + 400 MB (11 PM - 6 AM)","1. | 100 Mbps | 17,999 | 400 MB (All-time) + 400 MB (11 PM - 6 AM)",
https://www.ntc.net.np/tariff/ftth-tariff,NT | Tariffs | FTTH Tariff,Table,table,What is the information about 'Table' from NT | Tariffs | FTTH Tariff?,"2. | 150 Mbps | 19,499 | 450 MB (All-time) + 450 MB (11 PM - 6 AM)","2. | 150 Mbps | 19,499 | 450 MB (All-time) + 450 MB (11 PM - 6 AM)",
https://www.ntc.net.np/tariff/ftth-tariff,NT | Tariffs | FTTH Tariff,Table,table,What is the information about 'Table' from NT | Tariffs | FTTH Tariff?,"3. | 200 Mbps | 22,999 | 500 MB (All-time) + 500 MB (11 PM - 6 AM)","3. | 200 Mbps | 22,999 | 500 MB (All-time) + 500 MB (11 PM - 6 AM)",
https://www.ntc.net.np/tariff/ftth-tariff,NT | Tariffs | FTTH Tariff,Table,table,What is the information about 'Table' from NT | Tariffs | FTTH Tariff?,"1. | 100 Mbps | 35,199 | 500 MB (All-time)","1. | 100 Mbps | 35,199 | 500 MB (All-time)",
https://www.ntc.net.np/tariff/ftth-tariff,NT | Tariffs | FTTH Tariff,Table,table,What is the information about 'Table' from NT | Tariffs | FTTH Tariff?,"2. | 150 Mbps | 42,999 | 600 MB (All-time)","2. | 150 Mbps | 42,999 | 600 MB (All-time)",
https://www.ntc.net.np/tariff/ftth-tariff,NT | Tariffs | FTTH Tariff,Table,table,What is the information about 'Table' from NT | Tariffs | FTTH Tariff?,"3. | 200 Mbps | 48,999 | 700 MB (All-time)","3. | 200 Mbps | 48,999 | 700 MB (All-time)",
https://www.ntc.net.np/tariff/ftth-tariff,NT | Tariffs | FTTH Tariff,Table,table,What is the information about 'Table' from NT | Tariffs | FTTH Tariff?,"1. | 100 Mbps | 38,199 | 500 MB (All-time)","1. | 100 Mbps | 38,199 | 500 MB (All-time)",
https://www.ntc.net.np/tariff/ftth-tariff,NT | Tariffs | FTTH Tariff,Table,table,What is the information about 'Table' from NT | Tariffs | FTTH Tariff?,"2. | 150 Mbps | 45,999 | 600 MB (All-time)","2. | 150 Mbps | 45,999 | 600 MB (All-time)",
https://www.ntc.net.np/tariff/ftth-tariff,NT | Tariffs | FTTH Tariff,Table,table,What is the information about 'Table' from NT | Tariffs | FTTH Tariff?,"3. | 200 Mbps | 51,999 | 700 MB (All-time)","3. | 200 Mbps | 51,999 | 700 MB (All-time)",
https://www.ntc.net.np/tariff/ftth-tariff,NT | Tariffs | FTTH Tariff,Table,table,What is the information about 'Table' from NT | Tariffs | FTTH Tariff?,"1. | 100 Mbps | 39,519 | 500 MB (All-time)","1. | 100 Mbps | 39,519 | 500 MB (All-time)",
https://www.ntc.net.np/tariff/ftth-tariff,NT | Tariffs | FTTH Tariff,Table,table,What is the information about 'Table' from NT | Tariffs | FTTH Tariff?,"2. | 150 Mbps | 47,319 | 600 MB (All-time)","2. | 150 Mbps | 47,319 | 600 MB (All-time)",
https://www.ntc.net.np/tariff/ftth-tariff,NT | Tariffs | FTTH Tariff,Table,table,What is the information about 'Table' from NT | Tariffs | FTTH Tariff?,"3. | 200 Mbps | 53,319 | 700 MB (All-time)","3. | 200 Mbps | 53,319 | 700 MB (All-time)",
https://www.ntc.net.np/tariff/ftth-tariff,NT | Tariffs | FTTH Tariff,General,paragraph,What information is available on NT | Tariffs | FTTH Tariff?,EN English नेपाली Self Care Register Login Change Password Change Password,EN English नेपाली Self Care Register Login Change Password Change Password,eSIM: https://esim.ntc.net.np | Career: https://www.ntc.net.np/post/new-career | Offers: https://www.ntc.net.np/post/summer-package | Offers: https://offer.ntc.net.np/ | Email: https://webmail.ntc.net.np/
https://www.ntc.net.np/tariff/ftth-tariff,NT | Tariffs | FTTH Tariff,GSM Postpaid Service,paragraph,What is the information about 'GSM Postpaid Service' from NT | Tariffs | FTTH Tariff?,GSM Postpaid Service Tariff Standard Tariff Postpaid-Roaming Discounted Tariff Postpaid-Roaming,GSM Postpaid Service Tariff Standard Tariff Postpaid-Roaming Discounted Tariff Postpaid-Roaming,eSIM: https://esim.ntc.net.np | Career: https://www.ntc.net.np/post/new-career | Offers: https://www.ntc.net.np/post/summer-package | Offers: https://offer.ntc.net.np/ | Email: https://webmail.ntc.net.np/
https://www.ntc.net.np/tariff/ftth-tariff,NT | Tariffs | FTTH Tariff,GSM Prepaid Service,paragraph,What is the information about 'GSM Prepaid Service' from NT | Tariffs | FTTH Tariff?,GSM Prepaid Service Tariff International Roaming Tariff : GSM Prepaid,GSM Prepaid Service Tariff International Roaming Tariff : GSM Prepaid,eSIM: https://esim.ntc.net.np | Career: https://www.ntc.net.np/post/new-career | Offers: https://www.ntc.net.np/post/summer-package | Offers: https://offer.ntc.net.np/ | Email: https://webmail.ntc.net.np/
https://www.ntc.net.np/tariff/ftth-tariff,NT | Tariffs | FTTH Tariff,Easy Phone Service,paragraph,What is the information about 'Easy Phone Service' from NT | Tariffs | FTTH Tariff?,Easy Phone Call Tariff NT EasyPhone Tariff,Easy Phone Call Tariff NT EasyPhone Tariff,eSIM: https://esim.ntc.net.np | Career: https://www.ntc.net.np/post/new-career | Offers: https://www.ntc.net.np/post/summer-package | Offers: https://offer.ntc.net.np/ | Email: https://webmail.ntc.net.np/
https://www.ntc.net.np/tariff/ftth-tariff,NT | Tariffs | FTTH Tariff,Fiber To The Home - FTTH,paragraph,What is the information about 'Fiber To The Home - FTTH' from NT | Tariffs | FTTH Tariff?,International Call Tariff PSTN Telephone Charges,International Call Tariff PSTN Telephone Charges,eSIM: https://esim.ntc.net.np | Career: https://www.ntc.net.np/post/new-career | Offers: https://www.ntc.net.np/post/summer-package | Offers: https://offer.ntc.net.np/ | Email: https://webmail.ntc.net.np/
https://www.ntc.net.np/tariff/ftth-tariff,NT | Tariffs | FTTH Tariff,Toll-Free Phone,paragraph,What is the information about 'Toll-Free Phone' from NT | Tariffs | FTTH Tariff?,"Toll Free Tariff The Data, Voice, NTTV Service provided through optical Fiber (FTTH) by Nepal Telecom has the following 4 Packages as per Internet/ Telephone/ NTTV subscription and price are set accordingly:","Toll Free Tariff The Data, Voice, NTTV Service provided through optical Fiber (FTTH) by Nepal Telecom has the following 4 Packages as per Internet/ Telephone/ NTTV subscription and price are set accordingly:",eSIM: https://esim.ntc.net.np | Career: https://www.ntc.net.np/post/new-career | Offers: https://www.ntc.net.np/post/summer-package | Offers: https://offer.ntc.net.np/ | Email: https://webmail.ntc.net.np/
https://www.ntc.net.np/tariff/ftth-tariff,NT | Tariffs | FTTH Tariff,1. INDIVIDUAL PACKAGES,paragraph,What is the information about '1. INDIVIDUAL PACKAGES' from NT | Tariffs | FTTH Tariff?,"1. MULTI-YEAR NT FIBER (FTTH) Internet Only Pack No Installation Charge CPE is FREE of Cost 100 m. fiber cable is FREE of Cost Yearly 3000 min. NT-NT telephone voice call is included in the above packages For New Telephone voice connection, an Ownership Tax of Rs. 665 along with standard voice rates apply Warranty Period: 2 years 2. NT Fiber Internet + Telephone Package CPE cost is not included in the Monthly and Quarterly package Monthly 250 min., Quarterly 750 min., and Yearly 3000 min. NT-NT Call is included in the above packages One Time Installation Charge of Rs.500 & Ownership Tax of Rs.665 not included in the aforementioned price FuP (Fair Usage Policy) is applicable daily 3. NT Fiber Internet + NTTV + Telephone Package NT Fiber with Basic NTTV Channels (Monthly & Quarterly) b. NT Fiber with Premium NTTV Channels & Telephone Calls (Monthly & Quarterly) For new subscription of monthly & quarterly packages, CPE & STB to be purchased separately One Time Installation Charge of Rs.500 & Ownership Tax of Rs.665 not included in the aforementioned price For additional NTTV connection, STB charge of Rs.3230 per box and standard rate is applicable for basic & premium channels respecti","1. MULTI-YEAR NT FIBER (FTTH) Internet Only Pack No Installation Charge CPE is FREE of Cost 100 m. fiber cable is FREE of Cost Yearly 3000 min. NT-NT telephone voice call is included in the above packages For New Telephone voice connection, an Ownership Tax of Rs. 665 along with standard voice rates apply Warranty Period: 2 years 2. NT Fiber Internet + Telephone Package CPE cost is not included in the Monthly and Quarterly package Monthly 250 min., Quarterly 750 min., and Yearly 3000 min. NT-NT Call is included in the above packages One Time Installation Charge of Rs.500 & Ownership Tax of Rs.665 not included in the aforementioned price FuP (Fair Usage Policy) is applicable daily 3. NT Fiber Internet + NTTV + Telephone Package NT Fiber with Basic NTTV Channels (Monthly & Quarterly) b. NT Fiber with Premium NTTV Channels & Telephone Calls (Monthly & Quarterly) For new subscription of monthly & quarterly packages, CPE & STB to be purchased separately One Time Installation Charge of Rs.500 & Ownership Tax of Rs.665 not included in the aforementioned price For additional NTTV connection, STB charge of Rs.3230 per box and standard rate is applicable for basic & premium channels respecti",eSIM: https://esim.ntc.net.np | Career: https://www.ntc.net.np/post/new-career | Offers: https://www.ntc.net.np/post/summer-package | Offers: https://offer.ntc.net.np/ | Email: https://webmail.ntc.net.np/
https://www.ntc.net.np/tariff/ftth-tariff,NT | Tariffs | FTTH Tariff,d. NT Fiber with Premium NTTV Channels & Telephone Calls (Yearly),paragraph,What is the information about 'd. NT Fiber with Premium NTTV Channels & Telephone Calls (Yearly)' from NT | Tariffs | FTTH Tariff?,"12 Months (Rs.) (One-time cost with CPE & STB) One Time Installation Charge of Rs.500 & Ownership Tax of Rs.665 not included in the aforementioned price For additional NTTV connection, STB charge of Rs. 3,230 per box and standard rate is applicable for basic & premium channels respectively FuP (Fair Usage Policy) is applicable daily e. NT Fiber with Basic & Premium NTTV Channels & Telephone Calls (RENEWAL) 12 Months (Rs.) 12 Months (Rs.) FuP (Fair Usage Policy) is applicable daily For additional NTTV connection, STB charge of Rs.3230 per box and standard rate is applicable for basic & premium channels respectively 4. NT Package for existing voice-only subscribers a) Basic NTTV Package for existing voice-only customers b) Premium NTTV Package for existing voice-only customers For new subscriptions, STB to be purchased separately For additional NTTV connection, STB charge of Rs.3230 per box and standard rate is applicable for basic & premium channels respectively","12 Months (Rs.) (One-time cost with CPE & STB) One Time Installation Charge of Rs.500 & Ownership Tax of Rs.665 not included in the aforementioned price For additional NTTV connection, STB charge of Rs. 3,230 per box and standard rate is applicable for basic & premium channels respectively FuP (Fair Usage Policy) is applicable daily e. NT Fiber with Basic & Premium NTTV Channels & Telephone Calls (RENEWAL) 12 Months (Rs.) 12 Months (Rs.) FuP (Fair Usage Policy) is applicable daily For additional NTTV connection, STB charge of Rs.3230 per box and standard rate is applicable for basic & premium channels respectively 4. NT Package for existing voice-only subscribers a) Basic NTTV Package for existing voice-only customers b) Premium NTTV Package for existing voice-only customers For new subscriptions, STB to be purchased separately For additional NTTV connection, STB charge of Rs.3230 per box and standard rate is applicable for basic & premium channels respectively",eSIM: https://esim.ntc.net.np | Career: https://www.ntc.net.np/post/new-career | Offers: https://www.ntc.net.np/post/summer-package | Offers: https://offer.ntc.net.np/ | Email: https://webmail.ntc.net.np/
https://www.ntc.net.np/tariff/ftth-tariff,NT | Tariffs | FTTH Tariff,FUP for NT Fiber Individual Package,paragraph,What is the information about 'FUP for NT Fiber Individual Package' from NT | Tariffs | FTTH Tariff?,"Users subscribing to Premium FTTH Package, FTTH with IPTV Combo package, and Corporate package with bandwidth 100 Mbps - 1Gbps shall be provided with 1 (one) Public IP address without any extra cost if demanded by the customer.","Users subscribing to Premium FTTH Package, FTTH with IPTV Combo package, and Corporate package with bandwidth 100 Mbps - 1Gbps shall be provided with 1 (one) Public IP address without any extra cost if demanded by the customer.",eSIM: https://esim.ntc.net.np | Career: https://www.ntc.net.np/post/new-career | Offers: https://www.ntc.net.np/post/summer-package | Offers: https://offer.ntc.net.np/ | Email: https://webmail.ntc.net.np/
https://www.ntc.net.np/tariff/ftth-tariff,NT | Tariffs | FTTH Tariff,2. PREMIUM PACKAGES,paragraph,What is the information about '2. PREMIUM PACKAGES' from NT | Tariffs | FTTH Tariff?,"1. Premium Internet-Only Package FuP (Fair Usage Policy) not applicable For new subscriptions, CPE to be purchased separately One Time Installation Charge of Rs. 500 not included in the above prices For New Telephone voice connection, an OT charge of Rs.665 along with standard voice rates apply 2. Premium Internet + Basic NTTV Package 3. Premium Internet + Premium NTTV Package For new subscription, CPE & STB to be purchased separately One Time Installation Charge of Rs.500 not included in the above prices For New Telephone voice connection, OT charge of Rs.665 along with standard voice rates apply For additional NTTV connection, STB charge of Rs.3,230 per box and standard rate is applicable for basic & premium channels respectively","1. Premium Internet-Only Package FuP (Fair Usage Policy) not applicable For new subscriptions, CPE to be purchased separately One Time Installation Charge of Rs. 500 not included in the above prices For New Telephone voice connection, an OT charge of Rs.665 along with standard voice rates apply 2. Premium Internet + Basic NTTV Package 3. Premium Internet + Premium NTTV Package For new subscription, CPE & STB to be purchased separately One Time Installation Charge of Rs.500 not included in the above prices For New Telephone voice connection, OT charge of Rs.665 along with standard voice rates apply For additional NTTV connection, STB charge of Rs.3,230 per box and standard rate is applicable for basic & premium channels respectively",eSIM: https://esim.ntc.net.np | Career: https://www.ntc.net.np/post/new-career | Offers: https://www.ntc.net.np/post/summer-package | Offers: https://offer.ntc.net.np/ | Email: https://webmail.ntc.net.np/
https://www.ntc.net.np/tariff/ftth-tariff,NT | Tariffs | FTTH Tariff,A. XGPON Internet Package,paragraph,What is the information about 'A. XGPON Internet Package' from NT | Tariffs | FTTH Tariff?,"Yearly Package Name Monthly Resources Tariff (Inc. of Tax) Unlimited NT-NT 800Min Off-Net Call 3 TB per day:Throttling speed: 500 Mbps Unlimited NT-NT 500Min Off-Net Call 2 TB per day:Throttling speed: 200 Mbps Unlimited NT-NT 500Min Off-Net Call 1 TB per day:Throttling speed: 200 Mbps Unlimited NT-NT 350 Min Off-Net Call 0.5 TB per day:Throttling speed: 100 Mbps CPE cost of Rs.6,000 is not included in the monthly package One Time Installation Charge of Rs.500 not included in the above prices For New Telephone voice connection, OT charge of Rs.665 along with standard voice rates apply FuP (Fair Usage Policy) is applicable daily B. XGPON Internet + Basic IPTV Package C. XGPON Internet + Premium IPTV Package This package is applicable for Organization/ Corporate Office but not applicable for any service providers. The CPE cost is included in above tariff. D. XGPON Internet + Premium NTTV + Telephone Package (One-time cost with CPE & STB) Mobile Data Per Day (for yearly subscribers only) One Time Installation Charge of Rs.500 & Ownership Tax of Rs.665 not included in the above prices For additional NTTV connection, STB charge of Rs. 3,230 per box and standard rate is applicable for ba","Yearly Package Name Monthly Resources Tariff (Inc. of Tax) Unlimited NT-NT 800Min Off-Net Call 3 TB per day:Throttling speed: 500 Mbps Unlimited NT-NT 500Min Off-Net Call 2 TB per day:Throttling speed: 200 Mbps Unlimited NT-NT 500Min Off-Net Call 1 TB per day:Throttling speed: 200 Mbps Unlimited NT-NT 350 Min Off-Net Call 0.5 TB per day:Throttling speed: 100 Mbps CPE cost of Rs.6,000 is not included in the monthly package One Time Installation Charge of Rs.500 not included in the above prices For New Telephone voice connection, OT charge of Rs.665 along with standard voice rates apply FuP (Fair Usage Policy) is applicable daily B. XGPON Internet + Basic IPTV Package C. XGPON Internet + Premium IPTV Package This package is applicable for Organization/ Corporate Office but not applicable for any service providers. The CPE cost is included in above tariff. D. XGPON Internet + Premium NTTV + Telephone Package (One-time cost with CPE & STB) Mobile Data Per Day (for yearly subscribers only) One Time Installation Charge of Rs.500 & Ownership Tax of Rs.665 not included in the above prices For additional NTTV connection, STB charge of Rs. 3,230 per box and standard rate is applicable for ba",eSIM: https://esim.ntc.net.np | Career: https://www.ntc.net.np/post/new-career | Offers: https://www.ntc.net.np/post/summer-package | Offers: https://offer.ntc.net.np/ | Email: https://webmail.ntc.net.np/
https://www.ntc.net.np/tariff/ftth-tariff,NT | Tariffs | FTTH Tariff,Join our Newsletters,paragraph,What is the information about 'Join our Newsletters' from NT | Tariffs | FTTH Tariff?,Receive the latest news and exclusive offers © 2026 Nepal Telecom. All Rights Reserved. 4G/LTE Band Check,Receive the latest news and exclusive offers © 2026 Nepal Telecom. All Rights Reserved. 4G/LTE Band Check,eSIM: https://esim.ntc.net.np | Career: https://www.ntc.net.np/post/new-career | Offers: https://www.ntc.net.np/post/summer-package | Offers: https://offer.ntc.net.np/ | Email: https://webmail.ntc.net.np/
https://www.ntc.net.np/faq,NT | FAQs,General,paragraph,What information is available on NT | FAQs?,"EN English नेपाली Self Care Register Login Change Password Change Password 4G मोवाईल सेट सम्बन्धमा ग्राहकहरुबाट धेरै सोधिने प्रश्नहरु Recurring Postpaid Pack Call Wait & Call Hold Prepaid Roaming International Data Roaming SIP PBX Service Easy Phone Service नेपाल टेलिकमको 4G सेवा उपभोग गर्नका लागि तपाईं संग नेपाल टेलिकमको 4G सिमकार्ड, 4G सपोर्ट गर्ने मोवाईल सेटका साथै तपाईं 4G कभरेज एरियामा भएको हुनुपर्दछ। नेपाल टेलिकमबाट बिक्री बितरण गरिने सबै नयाँ सिमकार्डहरुले 4G सपोर्ट गर्ने भएकोले तपाईंसंग 4G मोवाईल सेट छ भने तपाईंले नेपाल टेलिकमको 4G कभरेज एरिया भित्र मज्जाले4G सेवा प्रयोग गर्न सक्नुहुन्छ। नेपाल टेलिकमले जनघनत्व कम भएका ग्रामिण क्षेत्रमा टाढा सम्म कभरेज हुने गरी LTE Band 20 (800MHZ) मा 4G सेवा संचालन गरिरहेको छ भने जनघनत्व बढी भएका शहरी क्षेत्रहरुमा धेरै ग्राहकलाई एकसाथ सेवा प्रदान गर्न सकिने गरी LTE Band 3 (1800MHZ) मा 4G सेवा संचालन गरिरहेको छ। गाउँ शहर सबैतिर 4G सेवा उपयोग गर्न तपाईंको मोवाईल सेटले LTE Band 3 (1800MHZ) र LTE Band 20 (800MHZ) दुबै सपोर्ट गर्ने हुनु पर्दछ। तर नेपालमा हाल बिक्रि बितरण भैरहेका केही सेटहरुले LTE Band 3 (1800MHZ) सपोर्ट गर्ने तर LTE Band 20 (800MHZ) सपोर्ट नगर्ने भएका कारण यस्ता सेट भएका ग्राहकहरुलेशहरी क्षेत्रमा 4G चलाउन सक्ने तर अन्यत्र चलाउन ","EN English नेपाली Self Care Register Login Change Password Change Password 4G मोवाईल सेट सम्बन्धमा ग्राहकहरुबाट धेरै सोधिने प्रश्नहरु Recurring Postpaid Pack Call Wait & Call Hold Prepaid Roaming International Data Roaming SIP PBX Service Easy Phone Service नेपाल टेलिकमको 4G सेवा उपभोग गर्नका लागि तपाईं संग नेपाल टेलिकमको 4G सिमकार्ड, 4G सपोर्ट गर्ने मोवाईल सेटका साथै तपाईं 4G कभरेज एरियामा भएको हुनुपर्दछ। नेपाल टेलिकमबाट बिक्री बितरण गरिने सबै नयाँ सिमकार्डहरुले 4G सपोर्ट गर्ने भएकोले तपाईंसंग 4G मोवाईल सेट छ भने तपाईंले नेपाल टेलिकमको 4G कभरेज एरिया भित्र मज्जाले4G सेवा प्रयोग गर्न सक्नुहुन्छ। नेपाल टेलिकमले जनघनत्व कम भएका ग्रामिण क्षेत्रमा टाढा सम्म कभरेज हुने गरी LTE Band 20 (800MHZ) मा 4G सेवा संचालन गरिरहेको छ भने जनघनत्व बढी भएका शहरी क्षेत्रहरुमा धेरै ग्राहकलाई एकसाथ सेवा प्रदान गर्न सकिने गरी LTE Band 3 (1800MHZ) मा 4G सेवा संचालन गरिरहेको छ। गाउँ शहर सबैतिर 4G सेवा उपयोग गर्न तपाईंको मोवाईल सेटले LTE Band 3 (1800MHZ) र LTE Band 20 (800MHZ) दुबै सपोर्ट गर्ने हुनु पर्दछ। तर नेपालमा हाल बिक्रि बितरण भैरहेका केही सेटहरुले LTE Band 3 (1800MHZ) सपोर्ट गर्ने तर LTE Band 20 (800MHZ) सपोर्ट नगर्ने भएका कारण यस्ता सेट भएका ग्राहकहरुलेशहरी क्षेत्रमा 4G चलाउन सक्ने तर अन्यत्र चलाउन ",eSIM: https://esim.ntc.net.np | Career: https://www.ntc.net.np/post/new-career | Offers: https://www.ntc.net.np/post/summer-package | Offers: https://offer.ntc.net.np/ | Email: https://webmail.ntc.net.np/ | https://www.ntc.net.np/nt-4g-lte-bands: https://ntc.net.np/nt-4g-lte-bands | https://www.ntc.net.np/pages/view/roaming-tariff-prepaid: https://www.ntc.net.np/pages/view/roaming-tariff-prepaid | Click here: https://ntc.net.np/tariff/international-roaming-tariff-gsm-prepaid | Click here: https://ntc.net.np/tariff/international-roaming-tariff-gsm-prepaid | https://www.ntc.net.np/post/international-roaming: https://www.ntc.net.np/post/international-roaming | https://www.ntc.net.np/nt-4g-lte-bands: https://www.ntc.net.np/nt-4g-lte-bands | https://www.ntc.net.np/nt-4g-lte-bands: https://www.ntc.net.np/nt-4g-lte-bands | https://www.ntc.net.np/nt-4g-lte-bands: https://www.ntc.net.np/nt-4g-lte-bands | https://www.ntc.net.np/recharge: https://www.ntc.net.np/recharge | http://fin.ntc.net.np/tellin/ppt_usr_index.jsp: https://beta.ntc.net.np/recharge
https://www.ntc.net.np/faq,NT | FAQs,Join our Newsletters,paragraph,What is the information about 'Join our Newsletters' from NT | FAQs?,Receive the latest news and exclusive offers © 2026 Nepal Telecom. All Rights Reserved. 4G/LTE Band Check,Receive the latest news and exclusive offers © 2026 Nepal Telecom. All Rights Reserved. 4G/LTE Band Check,eSIM: https://esim.ntc.net.np | Career: https://www.ntc.net.np/post/new-career | Offers: https://www.ntc.net.np/post/summer-package | Offers: https://offer.ntc.net.np/ | Email: https://webmail.ntc.net.np/ | https://www.ntc.net.np/nt-4g-lte-bands: https://ntc.net.np/nt-4g-lte-bands | https://www.ntc.net.np/pages/view/roaming-tariff-prepaid: https://www.ntc.net.np/pages/view/roaming-tariff-prepaid | Click here: https://ntc.net.np/tariff/international-roaming-tariff-gsm-prepaid | Click here: https://ntc.net.np/tariff/international-roaming-tariff-gsm-prepaid | https://www.ntc.net.np/post/international-roaming: https://www.ntc.net.np/post/international-roaming | https://www.ntc.net.np/nt-4g-lte-bands: https://www.ntc.net.np/nt-4g-lte-bands | https://www.ntc.net.np/nt-4g-lte-bands: https://www.ntc.net.np/nt-4g-lte-bands | https://www.ntc.net.np/nt-4g-lte-bands: https://www.ntc.net.np/nt-4g-lte-bands | https://www.ntc.net.np/recharge: https://www.ntc.net.np/recharge | http://fin.ntc.net.np/tellin/ppt_usr_index.jsp: https://beta.ntc.net.np/recharge
https://www.ntc.net.np/recharge,NT,General,paragraph,What information is available on NT?,EN English नेपाली Self Care Register Login Change Password Change Password You can recharge all NT Services listed below.,EN English नेपाली Self Care Register Login Change Password Change Password You can recharge all NT Services listed below.,eSIM: https://esim.ntc.net.np | Career: https://www.ntc.net.np/post/new-career | Offers: https://www.ntc.net.np/post/summer-package | Offers: https://offer.ntc.net.np/ | Email: https://webmail.ntc.net.np/ | here: http://pinrecovery.ntc.net.np/
https://www.ntc.net.np/recharge,NT,Join our Newsletters,paragraph,What is the information about 'Join our Newsletters' from NT?,Receive the latest news and exclusive offers © 2026 Nepal Telecom. All Rights Reserved. 4G/LTE Band Check,Receive the latest news and exclusive offers © 2026 Nepal Telecom. All Rights Reserved. 4G/LTE Band Check,eSIM: https://esim.ntc.net.np | Career: https://www.ntc.net.np/post/new-career | Offers: https://www.ntc.net.np/post/summer-package | Offers: https://offer.ntc.net.np/ | Email: https://webmail.ntc.net.np/ | here: http://pinrecovery.ntc.net.np/
https://www.ntc.net.np/post/vowifi,NT | VoWiFi,Table,table,What is the information about 'Table' from NT | VoWiFi?,1. | Calls within Nepal | Existing Charges,1. | Calls within Nepal | Existing Charges,
https://www.ntc.net.np/post/vowifi,NT | VoWiFi,Table,table,What is the information about 'Table' from NT | VoWiFi?,2. | Calls to outside Nepal | Existing Charges,2. | Calls to outside Nepal | Existing Charges,
https://www.ntc.net.np/post/vowifi,NT | VoWiFi,Table,table,What is the information about 'Table' from NT | VoWiFi?,3. | Calls from outside Nepal to Nepal | NRs. 3 (Excluding Taxes),3. | Calls from outside Nepal to Nepal | NRs. 3 (Excluding Taxes),
https://www.ntc.net.np/post/vowifi,NT | VoWiFi,Table,table,What is the information about 'Table' from NT | VoWiFi?,4. | Calls from outside Nepal to another country | Existing Calling charges for that country from Nepal,4. | Calls from outside Nepal to another country | Existing Calling charges for that country from Nepal,
https://www.ntc.net.np/post/vowifi,NT | VoWiFi,General,paragraph,What information is available on NT | VoWiFi?,"EN English नेपाली Self Care Register Login Change Password Change Password International Call Tariff Happy 22nd Anniversary to Nepal Telecom Namaste Wi-Fi Tariff Recurring Postpaid Package International Roaming Data Package International Outgoing SMS Useful Short Codes MPoS Pinless Top-Up GSM Supplementary Service Friends and Family Call Service (FNF) GSM Prepaid Service GSM Postpaid Service International Roaming What is VoWiFi? VoWiFi (Voice over Wi-Fi) is a modern communication technology that allows users to make Voice Calls and send SMS using a Wi-Fi network instead of a mobile network. Even in areas with weak mobile network coverage, VoWiFi enables users to enjoy High-quality VOICE and SMS services at a lower cost. How to use VoWiFi? 1. Check Device Compatibility: First, ensure that your mobile device supports VoWiFi. Then, follow the steps below based on your device type: - Go to Settings > Cellular/Phone > Wi-Fi Calling > Turn ON - Go to Settings > Connections > VoWiFi/Wi-Fi Calling > Turn ON 2. Connect to a Wi-Fi Network. 3. Check if VoLTE is activated. If not, Dial *444*2# to activate it. 4. Enjoy VoWiFi! You can now make Calls and send SMS using this service. What are the","EN English नेपाली Self Care Register Login Change Password Change Password International Call Tariff Happy 22nd Anniversary to Nepal Telecom Namaste Wi-Fi Tariff Recurring Postpaid Package International Roaming Data Package International Outgoing SMS Useful Short Codes MPoS Pinless Top-Up GSM Supplementary Service Friends and Family Call Service (FNF) GSM Prepaid Service GSM Postpaid Service International Roaming What is VoWiFi? VoWiFi (Voice over Wi-Fi) is a modern communication technology that allows users to make Voice Calls and send SMS using a Wi-Fi network instead of a mobile network. Even in areas with weak mobile network coverage, VoWiFi enables users to enjoy High-quality VOICE and SMS services at a lower cost. How to use VoWiFi? 1. Check Device Compatibility: First, ensure that your mobile device supports VoWiFi. Then, follow the steps below based on your device type: - Go to Settings > Cellular/Phone > Wi-Fi Calling > Turn ON - Go to Settings > Connections > VoWiFi/Wi-Fi Calling > Turn ON 2. Connect to a Wi-Fi Network. 3. Check if VoLTE is activated. If not, Dial *444*2# to activate it. 4. Enjoy VoWiFi! You can now make Calls and send SMS using this service. What are the",eSIM: https://esim.ntc.net.np | Career: https://www.ntc.net.np/post/new-career | Offers: https://www.ntc.net.np/post/summer-package | Offers: https://offer.ntc.net.np/ | Email: https://webmail.ntc.net.np/
https://www.ntc.net.np/post/vowifi,NT | VoWiFi,Join our Newsletters,paragraph,What is the information about 'Join our Newsletters' from NT | VoWiFi?,Receive the latest news and exclusive offers © 2026 Nepal Telecom. All Rights Reserved. 4G/LTE Band Check,Receive the latest news and exclusive offers © 2026 Nepal Telecom. All Rights Reserved. 4G/LTE Band Check,eSIM: https://esim.ntc.net.np | Career: https://www.ntc.net.np/post/new-career | Offers: https://www.ntc.net.np/post/summer-package | Offers: https://offer.ntc.net.np/ | Email: https://webmail.ntc.net.np/
https://www.ntc.net.np/post/tiktok-pack,NT | TikTok Pack,Table,table,What is the information about 'Table' from NT | TikTok Pack?,S.N. | Package | Unlimited TikTok Pack with All Time Data | Validity Day(s) | NRs. Tariff (Inclusive of Tax),S.N. | Package | Unlimited TikTok Pack with All Time Data | Validity Day(s) | NRs. Tariff (Inclusive of Tax),
https://www.ntc.net.np/post/tiktok-pack,NT | TikTok Pack,Table,table,What is the information about 'Table' from NT | TikTok Pack?,1 | Daily TikTok Pack | Unlimited Daily TikTok Data@5Mbps + 1 GB All Time Data | 1 | 48,1 | Daily TikTok Pack | Unlimited Daily TikTok Data@5Mbps + 1 GB All Time Data | 1 | 48,
https://www.ntc.net.np/post/tiktok-pack,NT | TikTok Pack,Table,table,What is the information about 'Table' from NT | TikTok Pack?,2 | Weekly TikTok Pack | Unlimited Daily TikTok Data@5Mbps + 3 GB All Time Data | 7 | 170,2 | Weekly TikTok Pack | Unlimited Daily TikTok Data@5Mbps + 3 GB All Time Data | 7 | 170,
https://www.ntc.net.np/post/tiktok-pack,NT | TikTok Pack,General,paragraph,What information is available on NT | TikTok Pack?,"EN English नेपाली Self Care Register Login Change Password Change Password International Call Tariff Happy 22nd Anniversary to Nepal Telecom Namaste Wi-Fi Tariff Recurring Postpaid Package International Roaming Data Package International Outgoing SMS Useful Short Codes MPoS Pinless Top-Up GSM Supplementary Service Friends and Family Call Service (FNF) GSM Prepaid Service GSM Postpaid Service International Roaming Nepal Telecom Provides TikTok Pack for its users. There are two packs available, Daily Pack and Weekly Pack. TikTok Pack (Dial *1415*6# or use NT App for subscription) Unlimited TikTok Pack with All Time Data (Inclusive of Tax) Daily TikTok Pack Unlimited Daily TikTok Data@5Mbps 1 GB All Time Data Weekly TikTok Pack Unlimited Daily TikTok Data@5Mbps 3 GB All Time Data","EN English नेपाली Self Care Register Login Change Password Change Password International Call Tariff Happy 22nd Anniversary to Nepal Telecom Namaste Wi-Fi Tariff Recurring Postpaid Package International Roaming Data Package International Outgoing SMS Useful Short Codes MPoS Pinless Top-Up GSM Supplementary Service Friends and Family Call Service (FNF) GSM Prepaid Service GSM Postpaid Service International Roaming Nepal Telecom Provides TikTok Pack for its users. There are two packs available, Daily Pack and Weekly Pack. TikTok Pack (Dial *1415*6# or use NT App for subscription) Unlimited TikTok Pack with All Time Data (Inclusive of Tax) Daily TikTok Pack Unlimited Daily TikTok Data@5Mbps 1 GB All Time Data Weekly TikTok Pack Unlimited Daily TikTok Data@5Mbps 3 GB All Time Data",eSIM: https://esim.ntc.net.np | Career: https://www.ntc.net.np/post/new-career | Offers: https://www.ntc.net.np/post/summer-package | Offers: https://offer.ntc.net.np/ | Email: https://webmail.ntc.net.np/
https://www.ntc.net.np/post/tiktok-pack,NT | TikTok Pack,Join our Newsletters,paragraph,What is the information about 'Join our Newsletters' from NT | TikTok Pack?,Receive the latest news and exclusive offers © 2026 Nepal Telecom. All Rights Reserved. 4G/LTE Band Check,Receive the latest news and exclusive offers © 2026 Nepal Telecom. All Rights Reserved. 4G/LTE Band Check,eSIM: https://esim.ntc.net.np | Career: https://www.ntc.net.np/post/new-career | Offers: https://www.ntc.net.np/post/summer-package | Offers: https://offer.ntc.net.np/ | Email: https://webmail.ntc.net.np/
https://www.ntc.net.np/post/audio-notice-board-service,NT | Audio Notice Board Service,Table,table,What is the information about 'Table' from NT | Audio Notice Board Service?,Security Deposit | No Security Deposit,Security Deposit | No Security Deposit,
https://www.ntc.net.np/post/audio-notice-board-service,NT | Audio Notice Board Service,Table,table,What is the information about 'Table' from NT | Audio Notice Board Service?,Contact office for this service | Nepal Telecom Sundhara,Contact office for this service | Nepal Telecom Sundhara,
https://www.ntc.net.np/post/audio-notice-board-service,NT | Audio Notice Board Service,General,paragraph,What information is available on NT | Audio Notice Board Service?,EN English नेपाली Self Care Register Login Change Password Change Password Easy Phone Service SMS Based VAS Services CRBT(Caller Ring Back Tone) Missed Call Alert (MCA) Service,EN English नेपाली Self Care Register Login Change Password Change Password Easy Phone Service SMS Based VAS Services CRBT(Caller Ring Back Tone) Missed Call Alert (MCA) Service,eSIM: https://esim.ntc.net.np | Career: https://www.ntc.net.np/post/new-career | Offers: https://www.ntc.net.np/post/summer-package | Offers: https://offer.ntc.net.np/ | Email: https://webmail.ntc.net.np/
https://www.ntc.net.np/post/audio-notice-board-service,NT | Audio Notice Board Service,Audio Notice Board Service,paragraph,What is the information about 'Audio Notice Board Service' from NT | Audio Notice Board Service?,"Audio Notice Board Service is a Value-Added service provided by Nepal Telecom. The subscriber can record their notice or information to their Notice Board number by using Nepal Telecoms Mobile/ Landline / VSAT telephone. If any mobile/landline, VSAT number calls to the notice board number recorded notices or information is played. The recorded notices/information can be easily edited or deleted as required by the subscriber. Free Registration Charge No need to add new equipment at customer's premises. Anyone with landline or without landline can take service. Notice board owners can record/edit/delete his/her notice board message by themselves. Notices is password protected so that nobody can edit/play with the uploaded messages apart from the owner. Message duration for notice can vary from 1-3 minutes. Who can use Notice Board Service? Schools/Colleges for General and Emergency notices Business organizations for Product Information, Ads, etc. Metrology Department for weather updates Travel Agencies for Travel information Airline offices for Flight information and updates Traffic Police Office for Traffic updates Money Exchanges Centers and Banks for Forex rates FM radios/TV stati","Audio Notice Board Service is a Value-Added service provided by Nepal Telecom. The subscriber can record their notice or information to their Notice Board number by using Nepal Telecoms Mobile/ Landline / VSAT telephone. If any mobile/landline, VSAT number calls to the notice board number recorded notices or information is played. The recorded notices/information can be easily edited or deleted as required by the subscriber. Free Registration Charge No need to add new equipment at customer's premises. Anyone with landline or without landline can take service. Notice board owners can record/edit/delete his/her notice board message by themselves. Notices is password protected so that nobody can edit/play with the uploaded messages apart from the owner. Message duration for notice can vary from 1-3 minutes. Who can use Notice Board Service? Schools/Colleges for General and Emergency notices Business organizations for Product Information, Ads, etc. Metrology Department for weather updates Travel Agencies for Travel information Airline offices for Flight information and updates Traffic Police Office for Traffic updates Money Exchanges Centers and Banks for Forex rates FM radios/TV stati",eSIM: https://esim.ntc.net.np | Career: https://www.ntc.net.np/post/new-career | Offers: https://www.ntc.net.np/post/summer-package | Offers: https://offer.ntc.net.np/ | Email: https://webmail.ntc.net.np/
https://www.ntc.net.np/post/audio-notice-board-service,NT | Audio Notice Board Service,Documents required for Notice Board Service?,paragraph,What is the information about 'Documents required for Notice Board Service?' from NT | Audio Notice Board Service?,"1. To subscribe Audio Notice Board Service, subscribers need to fill up a form and FAX it to 01-5328888 or email the request letter with necessary document to the email mentioned below. Email: in_sundhara@ntc.net.np 2. A copy of PAN and office registration letter is to be attached along with this form. DIALLING PATTERN FOR RECORDING AND LISTENING TO NOTICE BOARD MESSAGES To record audio notice in notice board use Nepal Telecom’s GSM or Fixed Phones Dial 1610 - Area Code - Telephone Number subscribed for Audio Notice Board Service For Example:-Dial 1610-01 – 4241XXX Input your 6-digit password as requested while filling the form for Notice Board service Follow the IVR instruction. Dial noticeboard number as provided by Nepal Telecom to listen to the recorded voice as notice Dial -> 1618 - area code - Telephone number Dial -> 1618 - 01 – 4241XXX The access code 1618 can be dialed from all NT network (PSTN, GSM, VSAT and Payphones) throughout the Country Notice Board Tariff Rate: For any technical support, Please Contact Us:","1. To subscribe Audio Notice Board Service, subscribers need to fill up a form and FAX it to 01-5328888 or email the request letter with necessary document to the email mentioned below. Email: in_sundhara@ntc.net.np 2. A copy of PAN and office registration letter is to be attached along with this form. DIALLING PATTERN FOR RECORDING AND LISTENING TO NOTICE BOARD MESSAGES To record audio notice in notice board use Nepal Telecom’s GSM or Fixed Phones Dial 1610 - Area Code - Telephone Number subscribed for Audio Notice Board Service For Example:-Dial 1610-01 – 4241XXX Input your 6-digit password as requested while filling the form for Notice Board service Follow the IVR instruction. Dial noticeboard number as provided by Nepal Telecom to listen to the recorded voice as notice Dial -> 1618 - area code - Telephone number Dial -> 1618 - 01 – 4241XXX The access code 1618 can be dialed from all NT network (PSTN, GSM, VSAT and Payphones) throughout the Country Notice Board Tariff Rate: For any technical support, Please Contact Us:",eSIM: https://esim.ntc.net.np | Career: https://www.ntc.net.np/post/new-career | Offers: https://www.ntc.net.np/post/summer-package | Offers: https://offer.ntc.net.np/ | Email: https://webmail.ntc.net.np/
https://www.ntc.net.np/post/audio-notice-board-service,NT | Audio Notice Board Service,Join our Newsletters,paragraph,What is the information about 'Join our Newsletters' from NT | Audio Notice Board Service?,Receive the latest news and exclusive offers © 2026 Nepal Telecom. All Rights Reserved. 4G/LTE Band Check,Receive the latest news and exclusive offers © 2026 Nepal Telecom. All Rights Reserved. 4G/LTE Band Check,eSIM: https://esim.ntc.net.np | Career: https://www.ntc.net.np/post/new-career | Offers: https://www.ntc.net.np/post/summer-package | Offers: https://offer.ntc.net.np/ | Email: https://webmail.ntc.net.np/
https://www.ntc.net.np/post/winter-offer-2082,NT | Winter Offer 2082,Table,table,What is the information about 'Table' from NT | Winter Offer 2082?,S.N. | Package Name | Resources | Price Inclusive of Taxes (NRs.),S.N. | Package Name | Resources | Price Inclusive of Taxes (NRs.),
https://www.ntc.net.np/post/winter-offer-2082,NT | Winter Offer 2082,Table,table,What is the information about 'Table' from NT | Winter Offer 2082?,1 | GSM Postpaid Sajilo Unlimited Rental Pack_Rs 699_30days | Data:15 GB || Voice:Unlimited All-Net SMS:200 All-net | 699,1 | GSM Postpaid Sajilo Unlimited Rental Pack_Rs 699_30days | Data:15 GB || Voice:Unlimited All-Net SMS:200 All-net | 699,
https://www.ntc.net.np/post/winter-offer-2082,NT | Winter Offer 2082,Table,table,What is the information about 'Table' from NT | Winter Offer 2082?,2 | GSM Postpaid Sajilo Unlimited Rental Pack_Rs 799_30days | Data:30 GB || Voice:Unlimited All-Net SMS:250 All-net | 799,2 | GSM Postpaid Sajilo Unlimited Rental Pack_Rs 799_30days | Data:30 GB || Voice:Unlimited All-Net SMS:250 All-net | 799,
https://www.ntc.net.np/post/winter-offer-2082,NT | Winter Offer 2082,Table,table,What is the information about 'Table' from NT | Winter Offer 2082?,3 | GSM Postpaid Sajilo Unlimited Rental Pack_Rs 999_30days | Data:60 GB || Voice:Unlimited All-Net SMS:300 All-net | 999,3 | GSM Postpaid Sajilo Unlimited Rental Pack_Rs 999_30days | Data:60 GB || Voice:Unlimited All-Net SMS:300 All-net | 999,
https://www.ntc.net.np/post/winter-offer-2082,NT | Winter Offer 2082,Table,table,What is the information about 'Table' from NT | Winter Offer 2082?,4 | GSM Postpaid Sajilo Unlimited Rental Pack_Rs 1499_30days | Data:100 GB || Voice:Unlimited All-Net SMS:350 All-net | 1499,4 | GSM Postpaid Sajilo Unlimited Rental Pack_Rs 1499_30days | Data:100 GB || Voice:Unlimited All-Net SMS:350 All-net | 1499,
https://www.ntc.net.np/post/winter-offer-2082,NT | Winter Offer 2082,Table,table,What is the information about 'Table' from NT | Winter Offer 2082?,5 | GSM Postpaid Sajilo Unlimited Rental Pack_Rs 1999_30days | Data:200 GB || Voice:Unlimited All-Net SMS:500 All-net | 1999,5 | GSM Postpaid Sajilo Unlimited Rental Pack_Rs 1999_30days | Data:200 GB || Voice:Unlimited All-Net SMS:500 All-net | 1999,
https://www.ntc.net.np/post/winter-offer-2082,NT | Winter Offer 2082,Table,table,What is the information about 'Table' from NT | Winter Offer 2082?,S.N | Package Name | Resources | Validity Day(s) | Price Inclusive of Taxes (NRs.),S.N | Package Name | Resources | Validity Day(s) | Price Inclusive of Taxes (NRs.),
https://www.ntc.net.np/post/winter-offer-2082,NT | Winter Offer 2082,Table,table,What is the information about 'Table' from NT | Winter Offer 2082?,1 | Combo 199 Pack | Data: 2 GB Voice: 200 Min All-Net | 28 | 199,1 | Combo 199 Pack | Data: 2 GB Voice: 200 Min All-Net | 28 | 199,
https://www.ntc.net.np/post/winter-offer-2082,NT | Winter Offer 2082,Table,table,What is the information about 'Table' from NT | Winter Offer 2082?,2 | Combo 299 Pack | Data: 4 GB || Voice: 300 Min All-Net SMS: 20 (NT-NT) | 30 | 299,2 | Combo 299 Pack | Data: 4 GB || Voice: 300 Min All-Net SMS: 20 (NT-NT) | 30 | 299,
https://www.ntc.net.np/post/winter-offer-2082,NT | Winter Offer 2082,Table,table,What is the information about 'Table' from NT | Winter Offer 2082?,3 | Combo 499 Pack | Data: 8 GB || Voice: 500 Min All-Net SMS: 100 All-Net | 28 | 499,3 | Combo 499 Pack | Data: 8 GB || Voice: 500 Min All-Net SMS: 100 All-Net | 28 | 499,
https://www.ntc.net.np/post/winter-offer-2082,NT | Winter Offer 2082,Table,table,What is the information about 'Table' from NT | Winter Offer 2082?,S.N | Package Name | Resources | Price Inclusive of Taxes (NRs.),S.N | Package Name | Resources | Price Inclusive of Taxes (NRs.),
https://www.ntc.net.np/post/winter-offer-2082,NT | Winter Offer 2082,Table,table,What is the information about 'Table' from NT | Winter Offer 2082?,1 | Sajilo Unlimited 699 Pack | Data:15 GB || Voice:Unlimited All-Net SMS:200 All-net | 699,1 | Sajilo Unlimited 699 Pack | Data:15 GB || Voice:Unlimited All-Net SMS:200 All-net | 699,
https://www.ntc.net.np/post/winter-offer-2082,NT | Winter Offer 2082,Table,table,What is the information about 'Table' from NT | Winter Offer 2082?,2 | Sajilo Unlimited 799 Pack | Data:30 GB || Voice:Unlimited All-Net SMS:250 All-net | 799,2 | Sajilo Unlimited 799 Pack | Data:30 GB || Voice:Unlimited All-Net SMS:250 All-net | 799,
https://www.ntc.net.np/post/winter-offer-2082,NT | Winter Offer 2082,Table,table,What is the information about 'Table' from NT | Winter Offer 2082?,3 | Sajilo Unlimited 999 Pack | Data:60 GB || Voice:Unlimited All-Net SMS:300 All-net | 999,3 | Sajilo Unlimited 999 Pack | Data:60 GB || Voice:Unlimited All-Net SMS:300 All-net | 999,
https://www.ntc.net.np/post/winter-offer-2082,NT | Winter Offer 2082,Table,table,What is the information about 'Table' from NT | Winter Offer 2082?,4 | Sajilo Unlimited 1499 Pack | Data:100 GB || Voice:Unlimited All-Net SMS:350 All-net | 1499,4 | Sajilo Unlimited 1499 Pack | Data:100 GB || Voice:Unlimited All-Net SMS:350 All-net | 1499,
https://www.ntc.net.np/post/winter-offer-2082,NT | Winter Offer 2082,Table,table,What is the information about 'Table' from NT | Winter Offer 2082?,5 | Sajilo Executive Pack | Data:200 GB || Voice:Unlimited All-Net SMS:500 All-net | 1999,5 | Sajilo Executive Pack | Data:200 GB || Voice:Unlimited All-Net SMS:500 All-net | 1999,
https://www.ntc.net.np/post/winter-offer-2082,NT | Winter Offer 2082,Table,table,What is the information about 'Table' from NT | Winter Offer 2082?,S.N. | Package Name | Resources | Validity Day(s) | Price Inclusive of Taxes (NRs.),S.N. | Package Name | Resources | Validity Day(s) | Price Inclusive of Taxes (NRs.),
https://www.ntc.net.np/post/winter-offer-2082,NT | Winter Offer 2082,Table,table,What is the information about 'Table' from NT | Winter Offer 2082?,1 | 373 Voice Pack | 800 Min (NT-NT) | 30 | 373,1 | 373 Voice Pack | 800 Min (NT-NT) | 30 | 373,
https://www.ntc.net.np/post/winter-offer-2082,NT | Winter Offer 2082,Table,table,What is the information about 'Table' from NT | Winter Offer 2082?,2 | 373 Voice Pack | 500 Min (NT-NT) 100 Min (Off-Net) | 30 | 373,2 | 373 Voice Pack | 500 Min (NT-NT) 100 Min (Off-Net) | 30 | 373,
https://www.ntc.net.np/post/winter-offer-2082,NT | Winter Offer 2082,Table,table,What is the information about 'Table' from NT | Winter Offer 2082?,3 | 399 Data Pack | 20 GB Data | 30 | 399,3 | 399 Data Pack | 20 GB Data | 30 | 399,
https://www.ntc.net.np/post/winter-offer-2082,NT | Winter Offer 2082,Table,table,What is the information about 'Table' from NT | Winter Offer 2082?,4 | Postpaid 499 Pack | Voice: 500 Min All Net Data: 8 GB SMS: 100 All-Net | 30 | 499,4 | Postpaid 499 Pack | Voice: 500 Min All Net Data: 8 GB SMS: 100 All-Net | 30 | 499,
https://www.ntc.net.np/post/winter-offer-2082,NT | Winter Offer 2082,Table,table,What is the information about 'Table' from NT | Winter Offer 2082?,S.N. | Package Name | Data Volume | Validity Day(s) | Price Inclusive of Taxes (NRs.),S.N. | Package Name | Data Volume | Validity Day(s) | Price Inclusive of Taxes (NRs.),
https://www.ntc.net.np/post/winter-offer-2082,NT | Winter Offer 2082,Table,table,What is the information about 'Table' from NT | Winter Offer 2082?,1 | 1 GB Data Pack | 1 GB | 1 | 30,1 | 1 GB Data Pack | 1 GB | 1 | 30,
https://www.ntc.net.np/post/winter-offer-2082,NT | Winter Offer 2082,Table,table,What is the information about 'Table' from NT | Winter Offer 2082?,2 | 4 GB Data Pack | 4 GB | 1 | 99,2 | 4 GB Data Pack | 4 GB | 1 | 99,
https://www.ntc.net.np/post/winter-offer-2082,NT | Winter Offer 2082,Table,table,What is the information about 'Table' from NT | Winter Offer 2082?,3 | 5 GB Data Pack | 5 GB | 7 | 109,3 | 5 GB Data Pack | 5 GB | 7 | 109,
https://www.ntc.net.np/post/winter-offer-2082,NT | Winter Offer 2082,Table,table,What is the information about 'Table' from NT | Winter Offer 2082?,4 | 12 GB Data Pack | 12 GB | 7 | 199,4 | 12 GB Data Pack | 12 GB | 7 | 199,
https://www.ntc.net.np/post/winter-offer-2082,NT | Winter Offer 2082,Table,table,What is the information about 'Table' from NT | Winter Offer 2082?,"5 | 10 GB Data Pack | 10 GB | 28 for Pre, 30 for Post | 299","5 | 10 GB Data Pack | 10 GB | 28 for Pre, 30 for Post | 299",
https://www.ntc.net.np/post/winter-offer-2082,NT | Winter Offer 2082,Table,table,What is the information about 'Table' from NT | Winter Offer 2082?,"6 | 20 GB Data Pack | 20 GB | 28 for Pre, 30 for Post | 399","6 | 20 GB Data Pack | 20 GB | 28 for Pre, 30 for Post | 399",
https://www.ntc.net.np/post/winter-offer-2082,NT | Winter Offer 2082,Table,table,What is the information about 'Table' from NT | Winter Offer 2082?,"7 | 30 GB Data Pack | 30 GB | 28 for Pre, 30 for Post | 499","7 | 30 GB Data Pack | 30 GB | 28 for Pre, 30 for Post | 499",
https://www.ntc.net.np/post/winter-offer-2082,NT | Winter Offer 2082,Table,table,What is the information about 'Table' from NT | Winter Offer 2082?,"8 | 55 GB Data Pack | 55 GB | 28 for Pre, 30 for Post | 899","8 | 55 GB Data Pack | 55 GB | 28 for Pre, 30 for Post | 899",
https://www.ntc.net.np/post/winter-offer-2082,NT | Winter Offer 2082,Table,table,What is the information about 'Table' from NT | Winter Offer 2082?,"9 | 100 GB Data | 100 GB | 28 for Pre, 30 for Post | 999","9 | 100 GB Data | 100 GB | 28 for Pre, 30 for Post | 999",
https://www.ntc.net.np/post/winter-offer-2082,NT | Winter Offer 2082,Table,table,What is the information about 'Table' from NT | Winter Offer 2082?,10 | 600 MB Data | 600 MB | 1 | 22,10 | 600 MB Data | 600 MB | 1 | 22,
https://www.ntc.net.np/post/winter-offer-2082,NT | Winter Offer 2082,Table,table,What is the information about 'Table' from NT | Winter Offer 2082?,"11 | 1.5 GB per day monthly Data | 1.5 GB per day for month | 28 for Pre, 30 for Post | 599","11 | 1.5 GB per day monthly Data | 1.5 GB per day for month | 28 for Pre, 30 for Post | 599",
https://www.ntc.net.np/post/winter-offer-2082,NT | Winter Offer 2082,Table,table,What is the information about 'Table' from NT | Winter Offer 2082?,"12 | Monthly Data Pack with 700 MB per day | 19.14 GB | 28 for Pre, 30 for Post | 299","12 | Monthly Data Pack with 700 MB per day | 19.14 GB | 28 for Pre, 30 for Post | 299",
https://www.ntc.net.np/post/winter-offer-2082,NT | Winter Offer 2082,Table,table,What is the information about 'Table' from NT | Winter Offer 2082?,S.N. | Package Name | Data Volume | Validity | Price Inclusive of Taxes (NRs.),S.N. | Package Name | Data Volume | Validity | Price Inclusive of Taxes (NRs.),
https://www.ntc.net.np/post/winter-offer-2082,NT | Winter Offer 2082,Table,table,What is the information about 'Table' from NT | Winter Offer 2082?,"1 | NT-NT Unlimited Voice/Data for 1 hour from now | Unlimited On-net voice for 1 hr, 2GB FUP & throttling speed 2Mbps after FUP | 1 Hour | 25","1 | NT-NT Unlimited Voice/Data for 1 hour from now | Unlimited On-net voice for 1 hr, 2GB FUP & throttling speed 2Mbps after FUP | 1 Hour | 25",
https://www.ntc.net.np/post/winter-offer-2082,NT | Winter Offer 2082,Table,table,What is the information about 'Table' from NT | Winter Offer 2082?,"2 | Unlimited Data for 2 hours from now | 4 GB FUP, throttling speed 2Mbps after FUP | 2 Hours | 35","2 | Unlimited Data for 2 hours from now | 4 GB FUP, throttling speed 2Mbps after FUP | 2 Hours | 35",
https://www.ntc.net.np/post/winter-offer-2082,NT | Winter Offer 2082,Table,table,What is the information about 'Table' from NT | Winter Offer 2082?,3 | 1 Mbps Unlimited Data for 1 day | 1 Mbps Unlimited | 1 Day | 49,3 | 1 Mbps Unlimited Data for 1 day | 1 Mbps Unlimited | 1 Day | 49,
https://www.ntc.net.np/post/winter-offer-2082,NT | Winter Offer 2082,Table,table,What is the information about 'Table' from NT | Winter Offer 2082?,4 | 5 Mbps Unlimited Data for 1 day | 5 Mbps Unlimited | 1 Day | 89,4 | 5 Mbps Unlimited Data for 1 day | 5 Mbps Unlimited | 1 Day | 89,
https://www.ntc.net.np/post/winter-offer-2082,NT | Winter Offer 2082,Table,table,What is the information about 'Table' from NT | Winter Offer 2082?,5 | 5 Mbps Monthly Data Pack | 5 Mbps Unlimited Data | 28 Days | 999,5 | 5 Mbps Monthly Data Pack | 5 Mbps Unlimited Data | 28 Days | 999,
https://www.ntc.net.np/post/winter-offer-2082,NT | Winter Offer 2082,Table,table,What is the information about 'Table' from NT | Winter Offer 2082?,6 | Unlimited Night Combo Pack (10PM-6AM) | Up to 5 Mbps Unlimited Data Unlimited on-net voice | 1 Day | 59,6 | Unlimited Night Combo Pack (10PM-6AM) | Up to 5 Mbps Unlimited Data Unlimited on-net voice | 1 Day | 59,
https://www.ntc.net.np/post/winter-offer-2082,NT | Winter Offer 2082,Table,table,What is the information about 'Table' from NT | Winter Offer 2082?,7 | Unlimited weekly Combo Pack | Up to 5 Mbps Data 50 Min/day On-net Voice Pack | 7 Days | 199,7 | Unlimited weekly Combo Pack | Up to 5 Mbps Data 50 Min/day On-net Voice Pack | 7 Days | 199,
https://www.ntc.net.np/post/winter-offer-2082,NT | Winter Offer 2082,Table,table,What is the information about 'Table' from NT | Winter Offer 2082?,"1 | Unlimited YouTube Pack | FUP 5GB@2Mbps, After FUP throttling speed 1Mbps | 3 | 55","1 | Unlimited YouTube Pack | FUP 5GB@2Mbps, After FUP throttling speed 1Mbps | 3 | 55",
https://www.ntc.net.np/post/winter-offer-2082,NT | Winter Offer 2082,Table,table,What is the information about 'Table' from NT | Winter Offer 2082?,"2 | Unlimited Facebook Pack | FUP 5GB@2Mbps, After FUP throttling speed 1Mbps | 3 | 55","2 | Unlimited Facebook Pack | FUP 5GB@2Mbps, After FUP throttling speed 1Mbps | 3 | 55",
https://www.ntc.net.np/post/winter-offer-2082,NT | Winter Offer 2082,Table,table,What is the information about 'Table' from NT | Winter Offer 2082?,S.N. | Package Name | Voice Minute | Validity Day(s) | Price Inclusive of Taxes (NRs.),S.N. | Package Name | Voice Minute | Validity Day(s) | Price Inclusive of Taxes (NRs.),
https://www.ntc.net.np/post/winter-offer-2082,NT | Winter Offer 2082,Table,table,What is the information about 'Table' from NT | Winter Offer 2082?,1 | 30 Min Voice Pack | 30 | 1 | 18,1 | 30 Min Voice Pack | 30 | 1 | 18,
https://www.ntc.net.np/post/winter-offer-2082,NT | Winter Offer 2082,Table,table,What is the information about 'Table' from NT | Winter Offer 2082?,2 | 150 Min Voice Pack | 150 | 1 | 59,2 | 150 Min Voice Pack | 150 | 1 | 59,
https://www.ntc.net.np/post/winter-offer-2082,NT | Winter Offer 2082,Table,table,What is the information about 'Table' from NT | Winter Offer 2082?,"3 | 299 Min Voice Pack | 299 | 28 for Pre, 30 for Post | 159","3 | 299 Min Voice Pack | 299 | 28 for Pre, 30 for Post | 159",
https://www.ntc.net.np/post/winter-offer-2082,NT | Winter Offer 2082,Table,table,What is the information about 'Table' from NT | Winter Offer 2082?,"4 | 555 Min Voice Pack | 555 | 28 for Pre, 30 for Post | 269","4 | 555 Min Voice Pack | 555 | 28 for Pre, 30 for Post | 269",
https://www.ntc.net.np/post/winter-offer-2082,NT | Winter Offer 2082,Table,table,What is the information about 'Table' from NT | Winter Offer 2082?,S.N. | Package Name | Voice Minutes | Validity Day(s) | Price Inclusive of Taxes (NRs.),S.N. | Package Name | Voice Minutes | Validity Day(s) | Price Inclusive of Taxes (NRs.),
https://www.ntc.net.np/post/winter-offer-2082,NT | Winter Offer 2082,Table,table,What is the information about 'Table' from NT | Winter Offer 2082?,1 | 40 Min all net | 40 Min | 1 | 25,1 | 40 Min all net | 40 Min | 1 | 25,
https://www.ntc.net.np/post/winter-offer-2082,NT | Winter Offer 2082,Table,table,What is the information about 'Table' from NT | Winter Offer 2082?,2 | 150 Min all net | 150 Min | 1 | 69,2 | 150 Min all net | 150 Min | 1 | 69,
https://www.ntc.net.np/post/winter-offer-2082,NT | Winter Offer 2082,Table,table,What is the information about 'Table' from NT | Winter Offer 2082?,3 | 299 Min all net | 299 Min | 28 | 169,3 | 299 Min all net | 299 Min | 28 | 169,
https://www.ntc.net.np/post/winter-offer-2082,NT | Winter Offer 2082,Table,table,What is the information about 'Table' from NT | Winter Offer 2082?,4 | 555 Min all net | 555 Min | 28 | 279,4 | 555 Min all net | 555 Min | 28 | 279,
https://www.ntc.net.np/post/winter-offer-2082,NT | Winter Offer 2082,Table,table,What is the information about 'Table' from NT | Winter Offer 2082?,"5. | Joyful Minutes | 1000 Min | prepaid-28 days, postpaid-30 days | 250","5. | Joyful Minutes | 1000 Min | prepaid-28 days, postpaid-30 days | 250",
https://www.ntc.net.np/post/winter-offer-2082,NT | Winter Offer 2082,Table,table,What is the information about 'Table' from NT | Winter Offer 2082?,S.N. | Package Name | Voice Minutes | Validity Day/Night | Price Inclusive of Taxes (NRs.),S.N. | Package Name | Voice Minutes | Validity Day/Night | Price Inclusive of Taxes (NRs.),
https://www.ntc.net.np/post/winter-offer-2082,NT | Winter Offer 2082,Table,table,What is the information about 'Table' from NT | Winter Offer 2082?,1 | Unlimited Day Time On-net Voice Pack | Unlimited | 1 Day (5AM - 5 PM) | 20,1 | Unlimited Day Time On-net Voice Pack | Unlimited | 1 Day (5AM - 5 PM) | 20,
https://www.ntc.net.np/post/winter-offer-2082,NT | Winter Offer 2082,Table,table,What is the information about 'Table' from NT | Winter Offer 2082?,2 | Unlimited One Day Voice on-net Pack | Unlimited | 1 Day | 30,2 | Unlimited One Day Voice on-net Pack | Unlimited | 1 Day | 30,
https://www.ntc.net.np/post/winter-offer-2082,NT | Winter Offer 2082,Table,table,What is the information about 'Table' from NT | Winter Offer 2082?,S.N. | India voice call | Resources (Minutes) | Tariff (Rs. Inc. of tax) | Validity Day(s),S.N. | India voice call | Resources (Minutes) | Tariff (Rs. Inc. of tax) | Validity Day(s),
https://www.ntc.net.np/post/winter-offer-2082,NT | Winter Offer 2082,Table,table,What is the information about 'Table' from NT | Winter Offer 2082?,1 | 20 Min Voice Pack | 20 | 80 | 1,1 | 20 Min Voice Pack | 20 | 80 | 1,
https://www.ntc.net.np/post/winter-offer-2082,NT | Winter Offer 2082,Table,table,What is the information about 'Table' from NT | Winter Offer 2082?,2 | 75 Min Voice Pack | 75 | 270 | 7,2 | 75 Min Voice Pack | 75 | 270 | 7,
https://www.ntc.net.np/post/winter-offer-2082,NT | Winter Offer 2082,Table,table,What is the information about 'Table' from NT | Winter Offer 2082?,S.N. | China voice call | Resources (Minutes) | Tariff (Rs. Inc. of tax) | Validity Day(s),S.N. | China voice call | Resources (Minutes) | Tariff (Rs. Inc. of tax) | Validity Day(s),
https://www.ntc.net.np/post/winter-offer-2082,NT | Winter Offer 2082,Table,table,What is the information about 'Table' from NT | Winter Offer 2082?,1 | 10 Min Voice Pack | 10 | 35 | 1,1 | 10 Min Voice Pack | 10 | 35 | 1,
https://www.ntc.net.np/post/winter-offer-2082,NT | Winter Offer 2082,Table,table,What is the information about 'Table' from NT | Winter Offer 2082?,2 | 45 Min Voice Pack | 45 | 150 | 7,2 | 45 Min Voice Pack | 45 | 150 | 7,
https://www.ntc.net.np/post/winter-offer-2082,NT | Winter Offer 2082,Table,table,What is the information about 'Table' from NT | Winter Offer 2082?,3 | 165 Min Voice Pack | 165 | 500 | 30,3 | 165 Min Voice Pack | 165 | 500 | 30,
https://www.ntc.net.np/post/winter-offer-2082,NT | Winter Offer 2082,Table,table,What is the information about 'Table' from NT | Winter Offer 2082?,SN | Package Name | SMS Count | Validity Day(s) | Price Inclusive of Taxes (NRs.),SN | Package Name | SMS Count | Validity Day(s) | Price Inclusive of Taxes (NRs.),
https://www.ntc.net.np/post/winter-offer-2082,NT | Winter Offer 2082,Table,table,What is the information about 'Table' from NT | Winter Offer 2082?,1 | 200 SMS offer (all Net) | 200 SMS | 1 | 35,1 | 200 SMS offer (all Net) | 200 SMS | 1 | 35,
https://www.ntc.net.np/post/winter-offer-2082,NT | Winter Offer 2082,Table,table,What is the information about 'Table' from NT | Winter Offer 2082?,2 | 200 SMS offer (all Net) | 200 SMS | 7 | 60,2 | 200 SMS offer (all Net) | 200 SMS | 7 | 60,
https://www.ntc.net.np/post/winter-offer-2082,NT | Winter Offer 2082,Table,table,What is the information about 'Table' from NT | Winter Offer 2082?,3 | 500 SMS offer (all Net) | 500 SMS | 28 | 150,3 | 500 SMS offer (all Net) | 500 SMS | 28 | 150,
https://www.ntc.net.np/post/winter-offer-2082,NT | Winter Offer 2082,Table,table,What is the information about 'Table' from NT | Winter Offer 2082?,"1 | Festive Messages | 1000 SMS | Prepaid- 28 days, Postpaid- 30 days | 99","1 | Festive Messages | 1000 SMS | Prepaid- 28 days, Postpaid- 30 days | 99",
https://www.ntc.net.np/post/winter-offer-2082,NT | Winter Offer 2082,General,paragraph,What information is available on NT | Winter Offer 2082?,EN English नेपाली Self Care Register Login Change Password Change Password Summer Offer 2083 FTTH Vidhyarthi Offer Recurring Postpaid Package Summer Offer 2082,EN English नेपाली Self Care Register Login Change Password Change Password Summer Offer 2083 FTTH Vidhyarthi Offer Recurring Postpaid Package Summer Offer 2082,eSIM: https://esim.ntc.net.np | Career: https://www.ntc.net.np/post/new-career | Offers: https://www.ntc.net.np/post/summer-package | Offers: https://offer.ntc.net.np/ | Email: https://webmail.ntc.net.np/ | Buy Packages: http://www.ntc.net.np/buy/packages | (Click): http://www.ntc.net.np/buy/packages | Browse FTTH Packages(Click): https://www.ntc.net.np/tariff/ftth-tariff | Buy Packages(Click here): http://www.ntc.net.np/buy/packages | Read about Corporate User Group (CUG) Pack from here: https://www.ntc.net.np/services/cug-service | Read about FTTH Tariff from here: https://www.ntc.net.np/tariff/ftth-tariff | Read Namaste-Wifi Tariff from here: https://www.ntc.net.np/post/namaste-wi-fi
https://www.ntc.net.np/post/winter-offer-2082,NT | Winter Offer 2082,1. Postpaid Sajilo Unlimited Offer ( For Postpaid Users Only),paragraph,What is the information about '1. Postpaid Sajilo Unlimited Offer ( For Postpaid Users Only)' from NT | Winter Offer 2082?,Data:15 GB || Voice:Unlimited All-Net SMS:200 All-net Data:30 GB || Voice:Unlimited All-Net SMS:250 All-net Data:60 GB || Voice:Unlimited All-Net SMS:300 All-net Data:100 GB || Voice:Unlimited All-Net SMS:350 All-net Data:200 GB || Voice:Unlimited All-Net SMS:500 All-net,Data:15 GB || Voice:Unlimited All-Net SMS:200 All-net Data:30 GB || Voice:Unlimited All-Net SMS:250 All-net Data:60 GB || Voice:Unlimited All-Net SMS:300 All-net Data:100 GB || Voice:Unlimited All-Net SMS:350 All-net Data:200 GB || Voice:Unlimited All-Net SMS:500 All-net,eSIM: https://esim.ntc.net.np | Career: https://www.ntc.net.np/post/new-career | Offers: https://www.ntc.net.np/post/summer-package | Offers: https://offer.ntc.net.np/ | Email: https://webmail.ntc.net.np/ | Buy Packages: http://www.ntc.net.np/buy/packages | (Click): http://www.ntc.net.np/buy/packages | Browse FTTH Packages(Click): https://www.ntc.net.np/tariff/ftth-tariff | Buy Packages(Click here): http://www.ntc.net.np/buy/packages | Read about Corporate User Group (CUG) Pack from here: https://www.ntc.net.np/services/cug-service | Read about FTTH Tariff from here: https://www.ntc.net.np/tariff/ftth-tariff | Read Namaste-Wifi Tariff from here: https://www.ntc.net.np/post/namaste-wi-fi
https://www.ntc.net.np/post/winter-offer-2082,NT | Winter Offer 2082,2. Prepaid Combo Pack (For Prepaid Users only),paragraph,What is the information about '2. Prepaid Combo Pack (For Prepaid Users only)' from NT | Winter Offer 2082?,Data: 4 GB || Voice: 300 Min All-Net SMS: 20 (NT-NT) Data: 8 GB || Voice: 500 Min All-Net SMS: 100 All-Net,Data: 4 GB || Voice: 300 Min All-Net SMS: 20 (NT-NT) Data: 8 GB || Voice: 500 Min All-Net SMS: 100 All-Net,eSIM: https://esim.ntc.net.np | Career: https://www.ntc.net.np/post/new-career | Offers: https://www.ntc.net.np/post/summer-package | Offers: https://offer.ntc.net.np/ | Email: https://webmail.ntc.net.np/ | Buy Packages: http://www.ntc.net.np/buy/packages | (Click): http://www.ntc.net.np/buy/packages | Browse FTTH Packages(Click): https://www.ntc.net.np/tariff/ftth-tariff | Buy Packages(Click here): http://www.ntc.net.np/buy/packages | Read about Corporate User Group (CUG) Pack from here: https://www.ntc.net.np/services/cug-service | Read about FTTH Tariff from here: https://www.ntc.net.np/tariff/ftth-tariff | Read Namaste-Wifi Tariff from here: https://www.ntc.net.np/post/namaste-wi-fi
https://www.ntc.net.np/post/winter-offer-2082,NT | Winter Offer 2082,3. Sajilo Unlimited Package (For Prepaid and Postpaid Users),paragraph,What is the information about '3. Sajilo Unlimited Package (For Prepaid and Postpaid Users)' from NT | Winter Offer 2082?,Data:15 GB || Voice:Unlimited All-Net SMS:200 All-net Data:30 GB || Voice:Unlimited All-Net SMS:250 All-net Data:60 GB || Voice:Unlimited All-Net SMS:300 All-net Data:100 GB || Voice:Unlimited All-Net SMS:350 All-net Data:200 GB || Voice:Unlimited All-Net SMS:500 All-net *Validity for Prepaid will be 28 Days & Postpaid 30 Days *Monthly Rental Charges included for postpaid users 4. Rental Included Postpaid Package 800 Min (NT-NT) 500 Min (NT-NT) 100 Min (Off-Net) Voice: 500 Min All Net SMS: 100 All-Net,Data:15 GB || Voice:Unlimited All-Net SMS:200 All-net Data:30 GB || Voice:Unlimited All-Net SMS:250 All-net Data:60 GB || Voice:Unlimited All-Net SMS:300 All-net Data:100 GB || Voice:Unlimited All-Net SMS:350 All-net Data:200 GB || Voice:Unlimited All-Net SMS:500 All-net *Validity for Prepaid will be 28 Days & Postpaid 30 Days *Monthly Rental Charges included for postpaid users 4. Rental Included Postpaid Package 800 Min (NT-NT) 500 Min (NT-NT) 100 Min (Off-Net) Voice: 500 Min All Net SMS: 100 All-Net,eSIM: https://esim.ntc.net.np | Career: https://www.ntc.net.np/post/new-career | Offers: https://www.ntc.net.np/post/summer-package | Offers: https://offer.ntc.net.np/ | Email: https://webmail.ntc.net.np/ | Buy Packages: http://www.ntc.net.np/buy/packages | (Click): http://www.ntc.net.np/buy/packages | Browse FTTH Packages(Click): https://www.ntc.net.np/tariff/ftth-tariff | Buy Packages(Click here): http://www.ntc.net.np/buy/packages | Read about Corporate User Group (CUG) Pack from here: https://www.ntc.net.np/services/cug-service | Read about FTTH Tariff from here: https://www.ntc.net.np/tariff/ftth-tariff | Read Namaste-Wifi Tariff from here: https://www.ntc.net.np/post/namaste-wi-fi
https://www.ntc.net.np/post/winter-offer-2082,NT | Winter Offer 2082,1. All Time Data Pack,paragraph,What is the information about '1. All Time Data Pack' from NT | Winter Offer 2082?,"For Postpaid package, tariff higher or equal to NRs. 373 shall be Rental Included.","For Postpaid package, tariff higher or equal to NRs. 373 shall be Rental Included.",eSIM: https://esim.ntc.net.np | Career: https://www.ntc.net.np/post/new-career | Offers: https://www.ntc.net.np/post/summer-package | Offers: https://offer.ntc.net.np/ | Email: https://webmail.ntc.net.np/ | Buy Packages: http://www.ntc.net.np/buy/packages | (Click): http://www.ntc.net.np/buy/packages | Browse FTTH Packages(Click): https://www.ntc.net.np/tariff/ftth-tariff | Buy Packages(Click here): http://www.ntc.net.np/buy/packages | Read about Corporate User Group (CUG) Pack from here: https://www.ntc.net.np/services/cug-service | Read about FTTH Tariff from here: https://www.ntc.net.np/tariff/ftth-tariff | Read Namaste-Wifi Tariff from here: https://www.ntc.net.np/post/namaste-wi-fi
https://www.ntc.net.np/post/winter-offer-2082,NT | Winter Offer 2082,2. Unlimited Data Pack,paragraph,What is the information about '2. Unlimited Data Pack' from NT | Winter Offer 2082?,"4 GB FUP, throttling speed 2Mbps after FUP Up to 5 Mbps Unlimited Data Unlimited on-net voice Up to 5 Mbps Data 50 Min/day On-net Voice Pack","4 GB FUP, throttling speed 2Mbps after FUP Up to 5 Mbps Unlimited Data Unlimited on-net voice Up to 5 Mbps Data 50 Min/day On-net Voice Pack",eSIM: https://esim.ntc.net.np | Career: https://www.ntc.net.np/post/new-career | Offers: https://www.ntc.net.np/post/summer-package | Offers: https://offer.ntc.net.np/ | Email: https://webmail.ntc.net.np/ | Buy Packages: http://www.ntc.net.np/buy/packages | (Click): http://www.ntc.net.np/buy/packages | Browse FTTH Packages(Click): https://www.ntc.net.np/tariff/ftth-tariff | Buy Packages(Click here): http://www.ntc.net.np/buy/packages | Read about Corporate User Group (CUG) Pack from here: https://www.ntc.net.np/services/cug-service | Read about FTTH Tariff from here: https://www.ntc.net.np/tariff/ftth-tariff | Read Namaste-Wifi Tariff from here: https://www.ntc.net.np/post/namaste-wi-fi
https://www.ntc.net.np/post/winter-offer-2082,NT | Winter Offer 2082,3. Social Media Pack,paragraph,What is the information about '3. Social Media Pack' from NT | Winter Offer 2082?,"* ADD-ON packages available to Combo Pack, Social Media Pack, Unlimited Package, Namaste Wi-Fi Package a) 1 GB Data with Validity of 1 Day @NRs. 30 b) 2 GB Data with Validity of 1 Day @NRs. 40 c) 5 GB Data with Validity of 1 Day @NRs. 50 d) 10 GB Data with Validity of 3Days @NRs.99 e) 20 OFF NET VOICE Minutes with validity of 1 Day @NRs.15 Dial *1442# to subscribe","* ADD-ON packages available to Combo Pack, Social Media Pack, Unlimited Package, Namaste Wi-Fi Package a) 1 GB Data with Validity of 1 Day @NRs. 30 b) 2 GB Data with Validity of 1 Day @NRs. 40 c) 5 GB Data with Validity of 1 Day @NRs. 50 d) 10 GB Data with Validity of 3Days @NRs.99 e) 20 OFF NET VOICE Minutes with validity of 1 Day @NRs.15 Dial *1442# to subscribe",eSIM: https://esim.ntc.net.np | Career: https://www.ntc.net.np/post/new-career | Offers: https://www.ntc.net.np/post/summer-package | Offers: https://offer.ntc.net.np/ | Email: https://webmail.ntc.net.np/ | Buy Packages: http://www.ntc.net.np/buy/packages | (Click): http://www.ntc.net.np/buy/packages | Browse FTTH Packages(Click): https://www.ntc.net.np/tariff/ftth-tariff | Buy Packages(Click here): http://www.ntc.net.np/buy/packages | Read about Corporate User Group (CUG) Pack from here: https://www.ntc.net.np/services/cug-service | Read about FTTH Tariff from here: https://www.ntc.net.np/tariff/ftth-tariff | Read Namaste-Wifi Tariff from here: https://www.ntc.net.np/post/namaste-wi-fi
https://www.ntc.net.np/post/winter-offer-2082,NT | Winter Offer 2082,1. India Voice Call Package,paragraph,What is the information about '1. India Voice Call Package' from NT | Winter Offer 2082?,India voice call Resources (Minutes) Tariff (Rs. Inc. of tax) Validity Day(s) 20 Min Voice Pack 75 Min Voice Pack 2. China Voice Call Package China voice call Resources (Minutes) Tariff (Rs. Inc. of tax) Validity Day(s) 10 Min Voice Pack 45 Min Voice Pack,India voice call Resources (Minutes) Tariff (Rs. Inc. of tax) Validity Day(s) 20 Min Voice Pack 75 Min Voice Pack 2. China Voice Call Package China voice call Resources (Minutes) Tariff (Rs. Inc. of tax) Validity Day(s) 10 Min Voice Pack 45 Min Voice Pack,eSIM: https://esim.ntc.net.np | Career: https://www.ntc.net.np/post/new-career | Offers: https://www.ntc.net.np/post/summer-package | Offers: https://offer.ntc.net.np/ | Email: https://webmail.ntc.net.np/ | Buy Packages: http://www.ntc.net.np/buy/packages | (Click): http://www.ntc.net.np/buy/packages | Browse FTTH Packages(Click): https://www.ntc.net.np/tariff/ftth-tariff | Buy Packages(Click here): http://www.ntc.net.np/buy/packages | Read about Corporate User Group (CUG) Pack from here: https://www.ntc.net.np/services/cug-service | Read about FTTH Tariff from here: https://www.ntc.net.np/tariff/ftth-tariff | Read Namaste-Wifi Tariff from here: https://www.ntc.net.np/post/namaste-wi-fi
https://www.ntc.net.np/post/winter-offer-2082,NT | Winter Offer 2082,SMS ON-NET PACKAGES,paragraph,What is the information about 'SMS ON-NET PACKAGES' from NT | Winter Offer 2082?,Buy Packages(Click here) Read about Corporate User Group (CUG) Pack from here Read about FTTH Tariff from here Read Namaste-Wifi Tariff from here,Buy Packages(Click here) Read about Corporate User Group (CUG) Pack from here Read about FTTH Tariff from here Read Namaste-Wifi Tariff from here,eSIM: https://esim.ntc.net.np | Career: https://www.ntc.net.np/post/new-career | Offers: https://www.ntc.net.np/post/summer-package | Offers: https://offer.ntc.net.np/ | Email: https://webmail.ntc.net.np/ | Buy Packages: http://www.ntc.net.np/buy/packages | (Click): http://www.ntc.net.np/buy/packages | Browse FTTH Packages(Click): https://www.ntc.net.np/tariff/ftth-tariff | Buy Packages(Click here): http://www.ntc.net.np/buy/packages | Read about Corporate User Group (CUG) Pack from here: https://www.ntc.net.np/services/cug-service | Read about FTTH Tariff from here: https://www.ntc.net.np/tariff/ftth-tariff | Read Namaste-Wifi Tariff from here: https://www.ntc.net.np/post/namaste-wi-fi
https://www.ntc.net.np/post/winter-offer-2082,NT | Winter Offer 2082,Join our Newsletters,paragraph,What is the information about 'Join our Newsletters' from NT | Winter Offer 2082?,Receive the latest news and exclusive offers © 2026 Nepal Telecom. All Rights Reserved. 4G/LTE Band Check,Receive the latest news and exclusive offers © 2026 Nepal Telecom. All Rights Reserved. 4G/LTE Band Check,eSIM: https://esim.ntc.net.np | Career: https://www.ntc.net.np/post/new-career | Offers: https://www.ntc.net.np/post/summer-package | Offers: https://offer.ntc.net.np/ | Email: https://webmail.ntc.net.np/ | Buy Packages: http://www.ntc.net.np/buy/packages | (Click): http://www.ntc.net.np/buy/packages | Browse FTTH Packages(Click): https://www.ntc.net.np/tariff/ftth-tariff | Buy Packages(Click here): http://www.ntc.net.np/buy/packages | Read about Corporate User Group (CUG) Pack from here: https://www.ntc.net.np/services/cug-service | Read about FTTH Tariff from here: https://www.ntc.net.np/tariff/ftth-tariff | Read Namaste-Wifi Tariff from here: https://www.ntc.net.np/post/namaste-wi-fi
https://www.ntc.net.np/nt-4g-lte-bands,NT,General,paragraph,What information is available on NT?,EN English नेपाली Self Care Register Login Change Password Change Password,EN English नेपाली Self Care Register Login Change Password Change Password,eSIM: https://esim.ntc.net.np | Career: https://www.ntc.net.np/post/new-career | Offers: https://www.ntc.net.np/post/summer-package | Offers: https://offer.ntc.net.np/ | Email: https://webmail.ntc.net.np/
https://www.ntc.net.np/nt-4g-lte-bands,NT,4G/LTE Band Check,paragraph,What is the information about '4G/LTE Band Check' from NT?,Note: Dial *#06# in your mobile to get TAC of your handset Please input TAC or IMEI Number to check if your handset supports following NT 4G LTE Bands: NT FDD Band 3 (LTE 1800MHZ) LTE FDD BAND 20 (LTE 800MHZ),Note: Dial *#06# in your mobile to get TAC of your handset Please input TAC or IMEI Number to check if your handset supports following NT 4G LTE Bands: NT FDD Band 3 (LTE 1800MHZ) LTE FDD BAND 20 (LTE 800MHZ),eSIM: https://esim.ntc.net.np | Career: https://www.ntc.net.np/post/new-career | Offers: https://www.ntc.net.np/post/summer-package | Offers: https://offer.ntc.net.np/ | Email: https://webmail.ntc.net.np/
https://www.ntc.net.np/nt-4g-lte-bands,NT,Join our Newsletters,paragraph,What is the information about 'Join our Newsletters' from NT?,Receive the latest news and exclusive offers © 2026 Nepal Telecom. All Rights Reserved. 4G/LTE Band Check,Receive the latest news and exclusive offers © 2026 Nepal Telecom. All Rights Reserved. 4G/LTE Band Check,eSIM: https://esim.ntc.net.np | Career: https://www.ntc.net.np/post/new-career | Offers: https://www.ntc.net.np/post/summer-package | Offers: https://offer.ntc.net.np/ | Email: https://webmail.ntc.net.np/
https://www.ntc.net.np/notices,NT,Table,table,What is the information about 'Table' from NT?,1 | Magh 2082 to Chaitra 2082 | ,1 | Magh 2082 to Chaitra 2082 | ,
https://www.ntc.net.np/notices,NT,Table,table,What is the information about 'Table' from NT?,2 | Kartik 2082 to Poush 2082 | ,2 | Kartik 2082 to Poush 2082 | ,
https://www.ntc.net.np/notices,NT,Table,table,What is the information about 'Table' from NT?,3 | Shrawan 2082 to Ashwin 2082 | ,3 | Shrawan 2082 to Ashwin 2082 | ,
https://www.ntc.net.np/notices,NT,Table,table,What is the information about 'Table' from NT?,4 | Baishakh 2082 to Ashadh 2082 | ,4 | Baishakh 2082 to Ashadh 2082 | ,
https://www.ntc.net.np/notices,NT,Table,table,What is the information about 'Table' from NT?,5 | Magh 2081 to Chaitra 2081 | ,5 | Magh 2081 to Chaitra 2081 | ,
https://www.ntc.net.np/notices,NT,Table,table,What is the information about 'Table' from NT?,6 | Kartik 2081 to Poush 2081 | ,6 | Kartik 2081 to Poush 2081 | ,
https://www.ntc.net.np/notices,NT,Table,table,What is the information about 'Table' from NT?,7 | Shrawan 2081 to Ashwin 2081 | ,7 | Shrawan 2081 to Ashwin 2081 | ,
https://www.ntc.net.np/notices,NT,Table,table,What is the information about 'Table' from NT?,8 | Baishakh 2081 to Ashadh 2081 | ,8 | Baishakh 2081 to Ashadh 2081 | ,
https://www.ntc.net.np/notices,NT,Table,table,What is the information about 'Table' from NT?,9 | Magh 2080 to Chaitra 2080 | ,9 | Magh 2080 to Chaitra 2080 | ,
https://www.ntc.net.np/notices,NT,Table,table,What is the information about 'Table' from NT?,10 | Kartik 2080 to Poush 2080 | ,10 | Kartik 2080 to Poush 2080 | ,
https://www.ntc.net.np/notices,NT,Table,table,What is the information about 'Table' from NT?,11 | Shrawan 2080 to Aswin 2080 | ,11 | Shrawan 2080 to Aswin 2080 | ,
https://www.ntc.net.np/notices,NT,Table,table,What is the information about 'Table' from NT?,12 | Baisakh 2080 to Ashad 2080 | ,12 | Baisakh 2080 to Ashad 2080 | ,
https://www.ntc.net.np/notices,NT,Table,table,What is the information about 'Table' from NT?,13 | Magh 2079 to Chaitra 2079 | ,13 | Magh 2079 to Chaitra 2079 | ,
https://www.ntc.net.np/notices,NT,Table,table,What is the information about 'Table' from NT?,14 | Kartik 2079 to Poush 2079 | ,14 | Kartik 2079 to Poush 2079 | ,
https://www.ntc.net.np/notices,NT,Table,table,What is the information about 'Table' from NT?,15 | Shrawan 2079 to Aswin 2079 | ,15 | Shrawan 2079 to Aswin 2079 | ,
https://www.ntc.net.np/notices,NT,Table,table,What is the information about 'Table' from NT?,16 | Baisak 2079 to Ashad 2079 | ,16 | Baisak 2079 to Ashad 2079 | ,
https://www.ntc.net.np/notices,NT,Table,table,What is the information about 'Table' from NT?,17 | Magh 2078 to Chaitra 2078 | ,17 | Magh 2078 to Chaitra 2078 | ,
https://www.ntc.net.np/notices,NT,Table,table,What is the information about 'Table' from NT?,18 | Kartik 2078 to Poush 2078 | ,18 | Kartik 2078 to Poush 2078 | ,
https://www.ntc.net.np/notices,NT,Table,table,What is the information about 'Table' from NT?,19 | Shrawan 2078 to Aswin 2078 | ,19 | Shrawan 2078 to Aswin 2078 | ,
https://www.ntc.net.np/notices,NT,Table,table,What is the information about 'Table' from NT?,20 | Baisak 2078 to Ashad 2078 | ,20 | Baisak 2078 to Ashad 2078 | ,
https://www.ntc.net.np/notices,NT,Table,table,What is the information about 'Table' from NT?,21 | Magh 2077 to Chaitra 2077 | ,21 | Magh 2077 to Chaitra 2077 | ,
https://www.ntc.net.np/notices,NT,Table,table,What is the information about 'Table' from NT?,22 | Kartik 2077 to Poush 2077 | ,22 | Kartik 2077 to Poush 2077 | ,
https://www.ntc.net.np/notices,NT,Table,table,What is the information about 'Table' from NT?,23 | Shrawan 2077 to Aswin 2077 | ,23 | Shrawan 2077 to Aswin 2077 | ,
https://www.ntc.net.np/notices,NT,General,paragraph,What information is available on NT?,EN English नेपाली Self Care Register Login Change Password Change Password स्वत: प्रकाशन (Proactive Disclosure) User Manual To Fill Online Vacancy 18th AGM - Nepal Telecom International Outgoing SMS 17th AGM - Nepal Telecom Notices For All General Public Notice regarding Diary & Calendar Notice regarding Mobile Multi Charger Useful Short Codes Online पत्रिकाको सूचीकरण सम्बन्धि सूचना (7 Days Extended) Re-invitation For Sealed Quotations सम्बन्धि सूचना 20th Anniversary Offer 2080 16th AGM - Nepal Telecom 15th AGM - Nepal Telecom Corporate Social Responsibility,EN English नेपाली Self Care Register Login Change Password Change Password स्वत: प्रकाशन (Proactive Disclosure) User Manual To Fill Online Vacancy 18th AGM - Nepal Telecom International Outgoing SMS 17th AGM - Nepal Telecom Notices For All General Public Notice regarding Diary & Calendar Notice regarding Mobile Multi Charger Useful Short Codes Online पत्रिकाको सूचीकरण सम्बन्धि सूचना (7 Days Extended) Re-invitation For Sealed Quotations सम्बन्धि सूचना 20th Anniversary Offer 2080 16th AGM - Nepal Telecom 15th AGM - Nepal Telecom Corporate Social Responsibility,eSIM: https://esim.ntc.net.np | Career: https://www.ntc.net.np/post/new-career | Offers: https://www.ntc.net.np/post/summer-package | Offers: https://offer.ntc.net.np/ | Email: https://webmail.ntc.net.np/ | Magh 2082 to Chaitra 2082: https://cms.ntc.net.np/storage/media/2r7MULD21vefmGhc3nkl21ON5qsWKfuDuZXHLiBj.pdf | Kartik 2082 to Poush 2082: https://cms.ntc.net.np/storage/media/flNrDgChA7IFneuSn1IdPPDmuiDPbyI0zpxuJPST.pdf | Shrawan 2082 to Ashwin 2082: https://cms.ntc.net.np/storage/media/l5ElXzakXsKODgN1dASV9trgjeNeF1mN1j8aEcds.pdf | Baishakh 2082 to Ashadh 2082: https://cms.ntc.net.np/storage/media/JQ4oY3urx0cSiqZGU2pTwu5wz8UAywePwQRFgDQO.pdf | Magh 2081 to Chaitra 2081: https://cms.ntc.net.np/storage/media/eTHTZZNEikpJaT49tzpNwjtEUQdhDHgWuqtyEa0Q.pdf | Kartik 2081 to Poush 2081: https://cms.ntc.net.np/storage/media/OFZobHlZY9Sck9ZY1ilAs8yzvr3gojZw5mLaDYK6.pdf | Shrawan 2081 to Ashwin 2081: https://cms.ntc.net.np/storage/media/kQubNPZ0XgnhDPzTbTwlCkMgcH8w8Qm7JqSiXpJL.pdf | Baishakh 2081 to Ashadh 2081: https://cms.ntc.net.np/storage/media/5djCq4cMBEd43DzPm4add67WFGkH0aVmaqmBINXf.pdf | Magh 2080 to Chaitra 2080: https://cms.ntc.net.np/storage/media/EFHqcDJSeny4lYQiH0ldsQ22Sx9kxSN6GNndL50j.pdf | Kartik 2080 to Poush 2080: https://cms.ntc.net.np/storage/media/sQx4u2C862xkiPv6zSbw7TYJTOpLjxeSWI31Hqpn.pdf | Shrawan 2080 to Aswin 2080: https://cms.ntc.net.np/storage/media/qwL5nqnPsaxqGh4V8PL7koe7HE4sZj2EVhqBodL8.pdf | Baisakh 2080 to Ashad 2080: https://cms.ntc.net.np/storage/media/JgpFuIvlEtfCRrwb5ykAVXQ4LXaSjX5FrO9iEbO6.pdf | Magh 2079 to Chaitra 2079: https://cms.ntc.net.np/storage/media/Gyx4NbWVmolYkk125qRx7m59hqEIyH80OxBm6wRA.pdf | Kartik 2079 to Poush 2079: https://cms.ntc.net.np/storage/media/JDQcXeZUu3YGqpaDuOflJUOjZOlmM0AzFZRLPNBM.pdf | Shrawan 2079 to Aswin 2079: https://cms.ntc.net.np/storage/media/ieaVNnMH0t7xseAmJkvBRDjWJbPTjpGR4S7M5IGz.pdf | Baisak 2079 to Ashad 2079: https://cms.ntc.net.np/storage/media/WDsTUZWFZ5n7CcYJ4AsnSXXOYzCwN9OYeMdCcA0E.pdf | Magh 2078 to Chaitra 2078: https://cms.ntc.net.np/storage/media/FNw6I75cL2HpKLqgc0F4u1RQ0DylDocywZOSrGE6.pdf | Kartik 2078 to Poush 2078: https://cms.ntc.net.np/storage/media/BvdkPCOc0GEvQPKh9Uesl4gGC17K60vRHJult5BX.pdf | Shrawan 2078 to Aswin 2078: https://cms.ntc.net.np/storage/media/CJiNzwKJazeJpf0C7ukjjGMTFCl6Sif8kD5Wb05e.pdf | Baisak 2078 to Ashad 2078: https://cms.ntc.net.np/storage/media/YdmhP0tencbRlQXtArgAD0RzjHsmMRU7e6aEtjDN.pdf | Magh 2077 to Chaitra 2077: https://cms.ntc.net.np/storage/media/jthhH7WvdJKR6d6u7dIpJQb2InCzl1SbKXqGaLwg.pdf | Kartik 2077 to Poush 2077: https://cms.ntc.net.np/storage/media/g0YOmybRGjGi0eDCZcFT7NsglDSwrB2zw2dMd5zb.pdf | Shrawan 2077 to Aswin 2077: https://cms.ntc.net.np/storage/media/B59pEcoh4V3pk8Lg2D1wPjaS55JwEqnWKR60f4Ei.pdf
https://www.ntc.net.np/notices,NT,स्वत: प्रकाशन (Proactive Disclosure),paragraph,What is the information about 'स्वत: प्रकाशन (Proactive Disclosure)' from NT?,"सूचनाकोहक सम्बन्धी ऐन, २०६४ को दफा ५ र सूचनाको हक सम्बन्धी नियमावली, २०६५ को नियम ३ बमोजिम सार्वजनिक गरिएको विवरण","सूचनाकोहक सम्बन्धी ऐन, २०६४ को दफा ५ र सूचनाको हक सम्बन्धी नियमावली, २०६५ को नियम ३ बमोजिम सार्वजनिक गरिएको विवरण",eSIM: https://esim.ntc.net.np | Career: https://www.ntc.net.np/post/new-career | Offers: https://www.ntc.net.np/post/summer-package | Offers: https://offer.ntc.net.np/ | Email: https://webmail.ntc.net.np/ | Magh 2082 to Chaitra 2082: https://cms.ntc.net.np/storage/media/2r7MULD21vefmGhc3nkl21ON5qsWKfuDuZXHLiBj.pdf | Kartik 2082 to Poush 2082: https://cms.ntc.net.np/storage/media/flNrDgChA7IFneuSn1IdPPDmuiDPbyI0zpxuJPST.pdf | Shrawan 2082 to Ashwin 2082: https://cms.ntc.net.np/storage/media/l5ElXzakXsKODgN1dASV9trgjeNeF1mN1j8aEcds.pdf | Baishakh 2082 to Ashadh 2082: https://cms.ntc.net.np/storage/media/JQ4oY3urx0cSiqZGU2pTwu5wz8UAywePwQRFgDQO.pdf | Magh 2081 to Chaitra 2081: https://cms.ntc.net.np/storage/media/eTHTZZNEikpJaT49tzpNwjtEUQdhDHgWuqtyEa0Q.pdf | Kartik 2081 to Poush 2081: https://cms.ntc.net.np/storage/media/OFZobHlZY9Sck9ZY1ilAs8yzvr3gojZw5mLaDYK6.pdf | Shrawan 2081 to Ashwin 2081: https://cms.ntc.net.np/storage/media/kQubNPZ0XgnhDPzTbTwlCkMgcH8w8Qm7JqSiXpJL.pdf | Baishakh 2081 to Ashadh 2081: https://cms.ntc.net.np/storage/media/5djCq4cMBEd43DzPm4add67WFGkH0aVmaqmBINXf.pdf | Magh 2080 to Chaitra 2080: https://cms.ntc.net.np/storage/media/EFHqcDJSeny4lYQiH0ldsQ22Sx9kxSN6GNndL50j.pdf | Kartik 2080 to Poush 2080: https://cms.ntc.net.np/storage/media/sQx4u2C862xkiPv6zSbw7TYJTOpLjxeSWI31Hqpn.pdf | Shrawan 2080 to Aswin 2080: https://cms.ntc.net.np/storage/media/qwL5nqnPsaxqGh4V8PL7koe7HE4sZj2EVhqBodL8.pdf | Baisakh 2080 to Ashad 2080: https://cms.ntc.net.np/storage/media/JgpFuIvlEtfCRrwb5ykAVXQ4LXaSjX5FrO9iEbO6.pdf | Magh 2079 to Chaitra 2079: https://cms.ntc.net.np/storage/media/Gyx4NbWVmolYkk125qRx7m59hqEIyH80OxBm6wRA.pdf | Kartik 2079 to Poush 2079: https://cms.ntc.net.np/storage/media/JDQcXeZUu3YGqpaDuOflJUOjZOlmM0AzFZRLPNBM.pdf | Shrawan 2079 to Aswin 2079: https://cms.ntc.net.np/storage/media/ieaVNnMH0t7xseAmJkvBRDjWJbPTjpGR4S7M5IGz.pdf | Baisak 2079 to Ashad 2079: https://cms.ntc.net.np/storage/media/WDsTUZWFZ5n7CcYJ4AsnSXXOYzCwN9OYeMdCcA0E.pdf | Magh 2078 to Chaitra 2078: https://cms.ntc.net.np/storage/media/FNw6I75cL2HpKLqgc0F4u1RQ0DylDocywZOSrGE6.pdf | Kartik 2078 to Poush 2078: https://cms.ntc.net.np/storage/media/BvdkPCOc0GEvQPKh9Uesl4gGC17K60vRHJult5BX.pdf | Shrawan 2078 to Aswin 2078: https://cms.ntc.net.np/storage/media/CJiNzwKJazeJpf0C7ukjjGMTFCl6Sif8kD5Wb05e.pdf | Baisak 2078 to Ashad 2078: https://cms.ntc.net.np/storage/media/YdmhP0tencbRlQXtArgAD0RzjHsmMRU7e6aEtjDN.pdf | Magh 2077 to Chaitra 2077: https://cms.ntc.net.np/storage/media/jthhH7WvdJKR6d6u7dIpJQb2InCzl1SbKXqGaLwg.pdf | Kartik 2077 to Poush 2077: https://cms.ntc.net.np/storage/media/g0YOmybRGjGi0eDCZcFT7NsglDSwrB2zw2dMd5zb.pdf | Shrawan 2077 to Aswin 2077: https://cms.ntc.net.np/storage/media/B59pEcoh4V3pk8Lg2D1wPjaS55JwEqnWKR60f4Ei.pdf
https://www.ntc.net.np/notices,NT,Join our Newsletters,paragraph,What is the information about 'Join our Newsletters' from NT?,Receive the latest news and exclusive offers © 2026 Nepal Telecom. All Rights Reserved. 4G/LTE Band Check,Receive the latest news and exclusive offers © 2026 Nepal Telecom. All Rights Reserved. 4G/LTE Band Check,eSIM: https://esim.ntc.net.np | Career: https://www.ntc.net.np/post/new-career | Offers: https://www.ntc.net.np/post/summer-package | Offers: https://offer.ntc.net.np/ | Email: https://webmail.ntc.net.np/ | Magh 2082 to Chaitra 2082: https://cms.ntc.net.np/storage/media/2r7MULD21vefmGhc3nkl21ON5qsWKfuDuZXHLiBj.pdf | Kartik 2082 to Poush 2082: https://cms.ntc.net.np/storage/media/flNrDgChA7IFneuSn1IdPPDmuiDPbyI0zpxuJPST.pdf | Shrawan 2082 to Ashwin 2082: https://cms.ntc.net.np/storage/media/l5ElXzakXsKODgN1dASV9trgjeNeF1mN1j8aEcds.pdf | Baishakh 2082 to Ashadh 2082: https://cms.ntc.net.np/storage/media/JQ4oY3urx0cSiqZGU2pTwu5wz8UAywePwQRFgDQO.pdf | Magh 2081 to Chaitra 2081: https://cms.ntc.net.np/storage/media/eTHTZZNEikpJaT49tzpNwjtEUQdhDHgWuqtyEa0Q.pdf | Kartik 2081 to Poush 2081: https://cms.ntc.net.np/storage/media/OFZobHlZY9Sck9ZY1ilAs8yzvr3gojZw5mLaDYK6.pdf | Shrawan 2081 to Ashwin 2081: https://cms.ntc.net.np/storage/media/kQubNPZ0XgnhDPzTbTwlCkMgcH8w8Qm7JqSiXpJL.pdf | Baishakh 2081 to Ashadh 2081: https://cms.ntc.net.np/storage/media/5djCq4cMBEd43DzPm4add67WFGkH0aVmaqmBINXf.pdf | Magh 2080 to Chaitra 2080: https://cms.ntc.net.np/storage/media/EFHqcDJSeny4lYQiH0ldsQ22Sx9kxSN6GNndL50j.pdf | Kartik 2080 to Poush 2080: https://cms.ntc.net.np/storage/media/sQx4u2C862xkiPv6zSbw7TYJTOpLjxeSWI31Hqpn.pdf | Shrawan 2080 to Aswin 2080: https://cms.ntc.net.np/storage/media/qwL5nqnPsaxqGh4V8PL7koe7HE4sZj2EVhqBodL8.pdf | Baisakh 2080 to Ashad 2080: https://cms.ntc.net.np/storage/media/JgpFuIvlEtfCRrwb5ykAVXQ4LXaSjX5FrO9iEbO6.pdf | Magh 2079 to Chaitra 2079: https://cms.ntc.net.np/storage/media/Gyx4NbWVmolYkk125qRx7m59hqEIyH80OxBm6wRA.pdf | Kartik 2079 to Poush 2079: https://cms.ntc.net.np/storage/media/JDQcXeZUu3YGqpaDuOflJUOjZOlmM0AzFZRLPNBM.pdf | Shrawan 2079 to Aswin 2079: https://cms.ntc.net.np/storage/media/ieaVNnMH0t7xseAmJkvBRDjWJbPTjpGR4S7M5IGz.pdf | Baisak 2079 to Ashad 2079: https://cms.ntc.net.np/storage/media/WDsTUZWFZ5n7CcYJ4AsnSXXOYzCwN9OYeMdCcA0E.pdf | Magh 2078 to Chaitra 2078: https://cms.ntc.net.np/storage/media/FNw6I75cL2HpKLqgc0F4u1RQ0DylDocywZOSrGE6.pdf | Kartik 2078 to Poush 2078: https://cms.ntc.net.np/storage/media/BvdkPCOc0GEvQPKh9Uesl4gGC17K60vRHJult5BX.pdf | Shrawan 2078 to Aswin 2078: https://cms.ntc.net.np/storage/media/CJiNzwKJazeJpf0C7ukjjGMTFCl6Sif8kD5Wb05e.pdf | Baisak 2078 to Ashad 2078: https://cms.ntc.net.np/storage/media/YdmhP0tencbRlQXtArgAD0RzjHsmMRU7e6aEtjDN.pdf | Magh 2077 to Chaitra 2077: https://cms.ntc.net.np/storage/media/jthhH7WvdJKR6d6u7dIpJQb2InCzl1SbKXqGaLwg.pdf | Kartik 2077 to Poush 2077: https://cms.ntc.net.np/storage/media/g0YOmybRGjGi0eDCZcFT7NsglDSwrB2zw2dMd5zb.pdf | Shrawan 2077 to Aswin 2077: https://cms.ntc.net.np/storage/media/B59pEcoh4V3pk8Lg2D1wPjaS55JwEqnWKR60f4Ei.pdf
https://www.ntc.net.np/notices/international-outgoing-sms,NT,Table,table,What is the information about 'Table' from NT?,Zone group | Country | Prefix | Tariff(NRs) Exclusive of Tax and VAT,Zone group | Country | Prefix | Tariff(NRs) Exclusive of Tax and VAT,
https://www.ntc.net.np/notices/international-outgoing-sms,NT,Table,table,What is the information about 'Table' from NT?,Zone 1 | International Networks | 88216 | 9,Zone 1 | International Networks | 88216 | 9,
https://www.ntc.net.np/notices/international-outgoing-sms,NT,Table,table,What is the information about 'Table' from NT?,Zone 2 | Czech Republic | 420 | 9,Zone 2 | Czech Republic | 420 | 9,
https://www.ntc.net.np/notices/international-outgoing-sms,NT,Table,table,What is the information about 'Table' from NT?,Zone 2 | Dominician Republic | 1809 | 9,Zone 2 | Dominician Republic | 1809 | 9,
https://www.ntc.net.np/notices/international-outgoing-sms,NT,Table,table,What is the information about 'Table' from NT?,Zone 2 | Dominician Republic | 1829 | 9,Zone 2 | Dominician Republic | 1829 | 9,
https://www.ntc.net.np/notices/international-outgoing-sms,NT,Table,table,What is the information about 'Table' from NT?,Zone 2 | International Networks | 882 | 9,Zone 2 | International Networks | 882 | 9,
https://www.ntc.net.np/notices/international-outgoing-sms,NT,Table,table,What is the information about 'Table' from NT?,Zone 2 | Russian Federation | 7 | 9,Zone 2 | Russian Federation | 7 | 9,
https://www.ntc.net.np/notices/international-outgoing-sms,NT,Table,table,What is the information about 'Table' from NT?,Zone 2 | United Arab Emirates | 971 | 9,Zone 2 | United Arab Emirates | 971 | 9,
https://www.ntc.net.np/notices/international-outgoing-sms,NT,Table,table,What is the information about 'Table' from NT?,Zone 2 | Dominician Republic | 1849 | 9,Zone 2 | Dominician Republic | 1849 | 9,
https://www.ntc.net.np/notices/international-outgoing-sms,NT,Table,table,What is the information about 'Table' from NT?,Zone 3 | Burkina Fasco | 226 | 9,Zone 3 | Burkina Fasco | 226 | 9,
https://www.ntc.net.np/notices/international-outgoing-sms,NT,Table,table,What is the information about 'Table' from NT?,Zone 3 | Congo (Brazzaville) | 242 | 9,Zone 3 | Congo (Brazzaville) | 242 | 9,
https://www.ntc.net.np/notices/international-outgoing-sms,NT,Table,table,What is the information about 'Table' from NT?,Zone 3 | Congo (Kinshasa) | 243 | 9,Zone 3 | Congo (Kinshasa) | 243 | 9,
https://www.ntc.net.np/notices/international-outgoing-sms,NT,Table,table,What is the information about 'Table' from NT?,Zone 3 | Coted'ivoire | 225 | 9,Zone 3 | Coted'ivoire | 225 | 9,
https://www.ntc.net.np/notices/international-outgoing-sms,NT,Table,table,What is the information about 'Table' from NT?,Zone 3 | Sierra Leone | 232 | 9,Zone 3 | Sierra Leone | 232 | 9,
https://www.ntc.net.np/notices/international-outgoing-sms,NT,Table,table,What is the information about 'Table' from NT?,Zone 3 | Taiwan (ROC) | 886 | 9,Zone 3 | Taiwan (ROC) | 886 | 9,
https://www.ntc.net.np/notices/international-outgoing-sms,NT,Table,table,What is the information about 'Table' from NT?,Zone 3 | United Kingdom | 44 | 9,Zone 3 | United Kingdom | 44 | 9,
https://www.ntc.net.np/notices/international-outgoing-sms,NT,Table,table,What is the information about 'Table' from NT?,Zone 4 | Saudi Arabia | 974 | 9,Zone 4 | Saudi Arabia | 974 | 9,
https://www.ntc.net.np/notices/international-outgoing-sms,NT,Table,table,What is the information about 'Table' from NT?,Zone 7 | United Kingdom Hutchison 3G Uk | 44 | 12,Zone 7 | United Kingdom Hutchison 3G Uk | 44 | 12,
https://www.ntc.net.np/notices/international-outgoing-sms,NT,Table,table,What is the information about 'Table' from NT?,Zone 8 | UK Vodafon GB | 44 | 12,Zone 8 | UK Vodafon GB | 44 | 12,
https://www.ntc.net.np/notices/international-outgoing-sms,NT,General,paragraph,What information is available on NT?,EN English नेपाली Self Care Register Login Change Password Change Password स्वत: प्रकाशन (Proactive Disclosure) User Manual To Fill Online Vacancy 18th AGM - Nepal Telecom International Outgoing SMS 17th AGM - Nepal Telecom Notices For All General Public Notice regarding Diary & Calendar Notice regarding Mobile Multi Charger Useful Short Codes Online पत्रिकाको सूचीकरण सम्बन्धि सूचना (7 Days Extended) Re-invitation For Sealed Quotations सम्बन्धि सूचना 20th Anniversary Offer 2080 16th AGM - Nepal Telecom 15th AGM - Nepal Telecom Corporate Social Responsibility,EN English नेपाली Self Care Register Login Change Password Change Password स्वत: प्रकाशन (Proactive Disclosure) User Manual To Fill Online Vacancy 18th AGM - Nepal Telecom International Outgoing SMS 17th AGM - Nepal Telecom Notices For All General Public Notice regarding Diary & Calendar Notice regarding Mobile Multi Charger Useful Short Codes Online पत्रिकाको सूचीकरण सम्बन्धि सूचना (7 Days Extended) Re-invitation For Sealed Quotations सम्बन्धि सूचना 20th Anniversary Offer 2080 16th AGM - Nepal Telecom 15th AGM - Nepal Telecom Corporate Social Responsibility,eSIM: https://esim.ntc.net.np | Career: https://www.ntc.net.np/post/new-career | Offers: https://www.ntc.net.np/post/summer-package | Offers: https://offer.ntc.net.np/ | Email: https://webmail.ntc.net.np/
https://www.ntc.net.np/notices/international-outgoing-sms,NT,International Outgoing SMS,paragraph,What is the information about 'International Outgoing SMS' from NT?,"As per the decision of of 2081/09/25 of Nepal Telecommunications Authority, abiding by the Telecommunication Act 2053, Article 42, the International Outgoing SMS Tariff are as follows:","As per the decision of of 2081/09/25 of Nepal Telecommunications Authority, abiding by the Telecommunication Act 2053, Article 42, the International Outgoing SMS Tariff are as follows:",eSIM: https://esim.ntc.net.np | Career: https://www.ntc.net.np/post/new-career | Offers: https://www.ntc.net.np/post/summer-package | Offers: https://offer.ntc.net.np/ | Email: https://webmail.ntc.net.np/
https://www.ntc.net.np/notices/international-outgoing-sms,NT,Join our Newsletters,paragraph,What is the information about 'Join our Newsletters' from NT?,Receive the latest news and exclusive offers © 2026 Nepal Telecom. All Rights Reserved. 4G/LTE Band Check,Receive the latest news and exclusive offers © 2026 Nepal Telecom. All Rights Reserved. 4G/LTE Band Check,eSIM: https://esim.ntc.net.np | Career: https://www.ntc.net.np/post/new-career | Offers: https://www.ntc.net.np/post/summer-package | Offers: https://offer.ntc.net.np/ | Email: https://webmail.ntc.net.np/
https://www.ntc.net.np/news-and-updates/20th-anniversary-offer-2080,NT,Table,table,What is the information about 'Table' from NT?,S.N | Package | Resources | Validity(days) | NRs. Tariff,S.N | Package | Resources | Validity(days) | NRs. Tariff,
https://www.ntc.net.np/news-and-updates/20th-anniversary-offer-2080,NT,Table,table,What is the information about 'Table' from NT?,1 | 1Mbps Unlimited Data+100Min Voice NT-NT | 1 Mbps Data 100 Min NT-NT Voice | 1 | 49,1 | 1Mbps Unlimited Data+100Min Voice NT-NT | 1 Mbps Data 100 Min NT-NT Voice | 1 | 49,
https://www.ntc.net.np/news-and-updates/20th-anniversary-offer-2080,NT,Table,table,What is the information about 'Table' from NT?,3 | 13 GB Data | 13 GB | 7 | 199,3 | 13 GB Data | 13 GB | 7 | 199,
https://www.ntc.net.np/news-and-updates/20th-anniversary-offer-2080,NT,Table,table,What is the information about 'Table' from NT?,4 | 20 GB Data | 20 GB | 12 | 299,4 | 20 GB Data | 20 GB | 12 | 299,
https://www.ntc.net.np/news-and-updates/20th-anniversary-offer-2080,NT,Table,table,What is the information about 'Table' from NT?,5 | 30 GB Data | 30 GB | 15 | 399,5 | 30 GB Data | 30 GB | 15 | 399,
https://www.ntc.net.np/news-and-updates/20th-anniversary-offer-2080,NT,Table,table,What is the information about 'Table' from NT?,6 | Festive Combo Pack | 30 GB Data 600 Min All net Voice 200 All net SMS | 28 days for Prepaid and 30 days for Postpaid user | 789,6 | Festive Combo Pack | 30 GB Data 600 Min All net Voice 200 All net SMS | 28 days for Prepaid and 30 days for Postpaid user | 789,
https://www.ntc.net.np/news-and-updates/20th-anniversary-offer-2080,NT,Table,table,What is the information about 'Table' from NT?,Notes: Rental included for 30GB and Festival Combo pack Postpaid subscribers.,Notes: Rental included for 30GB and Festival Combo pack Postpaid subscribers.,
https://www.ntc.net.np/news-and-updates/20th-anniversary-offer-2080,NT,Table,table,What is the information about 'Table' from NT?,S.N | Description | Resources | Validity Day | Tariff (NRs.),S.N | Description | Resources | Validity Day | Tariff (NRs.),
https://www.ntc.net.np/news-and-updates/20th-anniversary-offer-2080,NT,Table,table,What is the information about 'Table' from NT?,1 | 1-Week Combo Package | 50 Min On-net Voice 5 GB data 50 on-net SMS | 7 | 199,1 | 1-Week Combo Package | 50 Min On-net Voice 5 GB data 50 on-net SMS | 7 | 199,
https://www.ntc.net.np/news-and-updates/20th-anniversary-offer-2080,NT,Table,table,What is the information about 'Table' from NT?,2 | 2 Weeks Combo Package | 100 Min On-net Voice 9GB Data 100 on-net SMS | 15 | 299,2 | 2 Weeks Combo Package | 100 Min On-net Voice 9GB Data 100 on-net SMS | 15 | 299,
https://www.ntc.net.np/news-and-updates/20th-anniversary-offer-2080,NT,Table,table,What is the information about 'Table' from NT?,S.N | FTTH Package | Monthly Tariff (NRs With 250 min on-net voice) | Quarterly Tariff (NRs With 750 min on-net voice) | Yearly Tariff (NRs With 3000 min on-net voice),S.N | FTTH Package | Monthly Tariff (NRs With 250 min on-net voice) | Quarterly Tariff (NRs With 750 min on-net voice) | Yearly Tariff (NRs With 3000 min on-net voice),
https://www.ntc.net.np/news-and-updates/20th-anniversary-offer-2080,NT,Table,table,What is the information about 'Table' from NT?,"1 | 50 Mbps | 815 | 2,350 | 8,499","1 | 50 Mbps | 815 | 2,350 | 8,499",
https://www.ntc.net.np/news-and-updates/20th-anniversary-offer-2080,NT,Table,table,What is the information about 'Table' from NT?,"2 | 75 Mbps | 1,010 | 2,900 | 10,499","2 | 75 Mbps | 1,010 | 2,900 | 10,499",
https://www.ntc.net.np/news-and-updates/20th-anniversary-offer-2080,NT,Table,table,What is the information about 'Table' from NT?,"3 | 100 Mbps | 1,150 | 3,200 | 11,499","3 | 100 Mbps | 1,150 | 3,200 | 11,499",
https://www.ntc.net.np/news-and-updates/20th-anniversary-offer-2080,NT,Table,table,What is the information about 'Table' from NT?,"4 | 150 Mbps | 1,250 | 3,600 | 12,999","4 | 150 Mbps | 1,250 | 3,600 | 12,999",
https://www.ntc.net.np/news-and-updates/20th-anniversary-offer-2080,NT,Table,table,What is the information about 'Table' from NT?,"5 | 200 Mbps | 1,600 | 4,550 | 16,499","5 | 200 Mbps | 1,600 | 4,550 | 16,499",
https://www.ntc.net.np/news-and-updates/20th-anniversary-offer-2080,NT,Table,table,What is the information about 'Table' from NT?,"6 | 50Mbps for Voice Only Subscriber | 7,499","6 | 50Mbps for Voice Only Subscriber | 7,499",
https://www.ntc.net.np/news-and-updates/20th-anniversary-offer-2080,NT,Table,table,What is the information about 'Table' from NT?,Note: CPE cost is the same as the existing tariff.,Note: CPE cost is the same as the existing tariff.,
https://www.ntc.net.np/news-and-updates/20th-anniversary-offer-2080,NT,Table,table,What is the information about 'Table' from NT?,S.N | FTTH Package (with Tel) | FUP (GB) per day | Throttling Speed,S.N | FTTH Package (with Tel) | FUP (GB) per day | Throttling Speed,
https://www.ntc.net.np/news-and-updates/20th-anniversary-offer-2080,NT,Table,table,What is the information about 'Table' from NT?,S.N | Yearly FTTH Package | Mobile data Per Day (All time) | Bonus per day (11 PM-6 AM),S.N | Yearly FTTH Package | Mobile data Per Day (All time) | Bonus per day (11 PM-6 AM),
https://www.ntc.net.np/news-and-updates/20th-anniversary-offer-2080,NT,Table,table,What is the information about 'Table' from NT?,For every new FTTH Connection get one SIM Card free. This offer is valid from Magh 22 to Falgun 12.,For every new FTTH Connection get one SIM Card free. This offer is valid from Magh 22 to Falgun 12.,
https://www.ntc.net.np/news-and-updates/20th-anniversary-offer-2080,NT,General,paragraph,What information is available on NT?,EN English नेपाली Self Care Register Login Change Password Change Password 20th Anniversary Offer 20th Anniversary Offer 2080 16th AGM - Nepal Telecom Dashain Tihar Promotional Offer 15th AGM - Nepal Telecom NT's request on using 4G Mobile Handset Free Website Browsing SIP PBX Service Important Notice about Logo,EN English नेपाली Self Care Register Login Change Password Change Password 20th Anniversary Offer 20th Anniversary Offer 2080 16th AGM - Nepal Telecom Dashain Tihar Promotional Offer 15th AGM - Nepal Telecom NT's request on using 4G Mobile Handset Free Website Browsing SIP PBX Service Important Notice about Logo,eSIM: https://esim.ntc.net.np | Career: https://www.ntc.net.np/post/new-career | Offers: https://www.ntc.net.np/post/summer-package | Offers: https://offer.ntc.net.np/ | Email: https://webmail.ntc.net.np/
https://www.ntc.net.np/news-and-updates/20th-anniversary-offer-2080,NT,NT Anniversary Offer,paragraph,What is the information about 'NT Anniversary Offer' from NT?,"1Mbps Unlimited Data+100Min Voice NT-NT 1 Mbps Data 100 Min NT-NT Voice Festive Combo Pack 30 GB Data 600 Min All net Voice 200 All net SMS 28 days for Prepaid and 30 days for Postpaid user Weekly Combo Package 1-Week Combo Package 50 Min On-net Voice 5 GB data 50 on-net SMS 2 Weeks Combo Package 100 Min On-net Voice 9GB Data 100 on-net SMS Monthly Tariff (NRs With 250 min on-net voice) Quarterly Tariff (NRs With 750 min on-net voice) Yearly Tariff (NRs With 3000 min on-net voice) 50Mbps for Voice Only Subscriber FUP for FTTH Package FTTH Package (with Tel) FUP (GB) per day Throttling Speed Mobile Data on Subscription of Yearly FTTH Package Yearly FTTH Package Mobile data Per Day (All time) Bonus per day (11 PM-6 AM) FTTH Combo Package 25Mbps data + 1 Telephone (3000 Min on net Voice) + 1 NTTV package is upgraded to 50Mbps data + 1 Telephone (3000 Min on net Voice) + 1 NTTV + Mobile data ( 300 MB + Bonus 300 MB (11 pm - 6 am) per day ) at NRs 12, 000. 50Mbps data + 1 Telephone (3000 Min on net Voice) + 1 NTTV + Mobile data ( 300 MB + Bonus 300 MB (11 pm - 6 am) per day ). Renewal Package at NRs 10, 999. FTTH Combo Package 100Mbps+1 IPTV+1 Telephone (3000Min On-net Voice) + Mobile d","1Mbps Unlimited Data+100Min Voice NT-NT 1 Mbps Data 100 Min NT-NT Voice Festive Combo Pack 30 GB Data 600 Min All net Voice 200 All net SMS 28 days for Prepaid and 30 days for Postpaid user Weekly Combo Package 1-Week Combo Package 50 Min On-net Voice 5 GB data 50 on-net SMS 2 Weeks Combo Package 100 Min On-net Voice 9GB Data 100 on-net SMS Monthly Tariff (NRs With 250 min on-net voice) Quarterly Tariff (NRs With 750 min on-net voice) Yearly Tariff (NRs With 3000 min on-net voice) 50Mbps for Voice Only Subscriber FUP for FTTH Package FTTH Package (with Tel) FUP (GB) per day Throttling Speed Mobile Data on Subscription of Yearly FTTH Package Yearly FTTH Package Mobile data Per Day (All time) Bonus per day (11 PM-6 AM) FTTH Combo Package 25Mbps data + 1 Telephone (3000 Min on net Voice) + 1 NTTV package is upgraded to 50Mbps data + 1 Telephone (3000 Min on net Voice) + 1 NTTV + Mobile data ( 300 MB + Bonus 300 MB (11 pm - 6 am) per day ) at NRs 12, 000. 50Mbps data + 1 Telephone (3000 Min on net Voice) + 1 NTTV + Mobile data ( 300 MB + Bonus 300 MB (11 pm - 6 am) per day ). Renewal Package at NRs 10, 999. FTTH Combo Package 100Mbps+1 IPTV+1 Telephone (3000Min On-net Voice) + Mobile d",eSIM: https://esim.ntc.net.np | Career: https://www.ntc.net.np/post/new-career | Offers: https://www.ntc.net.np/post/summer-package | Offers: https://offer.ntc.net.np/ | Email: https://webmail.ntc.net.np/
https://www.ntc.net.np/news-and-updates/20th-anniversary-offer-2080,NT,Join our Newsletters,paragraph,What is the information about 'Join our Newsletters' from NT?,Receive the latest news and exclusive offers © 2026 Nepal Telecom. All Rights Reserved. 4G/LTE Band Check,Receive the latest news and exclusive offers © 2026 Nepal Telecom. All Rights Reserved. 4G/LTE Band Check,eSIM: https://esim.ntc.net.np | Career: https://www.ntc.net.np/post/new-career | Offers: https://www.ntc.net.np/post/summer-package | Offers: https://offer.ntc.net.np/ | Email: https://webmail.ntc.net.np/
https://offer.ntc.net.np/,NEPAL TELECOM,General,paragraph,What information is available on NEPAL TELECOM?,g NEPAL TELECOM Please Choose Data Package Below Choose Service GSM CDMA Wireless BroadBand Wimax to GSM Package Namaste Wifi Choose Service Type Prepaid Postpaid Choose Package Type Data Pack Add-on Recurring Postpaid Offers Anniversary Offer Constitution Day Offer Postpaid Rental Pack Voice Pack Unlimited FB/Youtube Pack Day Pack SMS Pack Unlimited Hourly Data Pack Speed Limit Data Pack Sajilo Prepaid Pack International Services Tihar Offer New Year Offer Choose Sub Package Type Night Data Pack(11 PM to 6 AM) Volume Based per Day Pack Combo Pack All Time Data Speed Upto 5 Mbps Data Pack 1 GB Pack for 1 day TikTok Package Choose Data Package Price (with TAX) Rs. Validity Input Mobile Number Required Input PUK Number for PUK: Please type PUK and send SMS to 1415 Required Captcha For Volume Query Please Click Here,g NEPAL TELECOM Please Choose Data Package Below Choose Service GSM CDMA Wireless BroadBand Wimax to GSM Package Namaste Wifi Choose Service Type Prepaid Postpaid Choose Package Type Data Pack Add-on Recurring Postpaid Offers Anniversary Offer Constitution Day Offer Postpaid Rental Pack Voice Pack Unlimited FB/Youtube Pack Day Pack SMS Pack Unlimited Hourly Data Pack Speed Limit Data Pack Sajilo Prepaid Pack International Services Tihar Offer New Year Offer Choose Sub Package Type Night Data Pack(11 PM to 6 AM) Volume Based per Day Pack Combo Pack All Time Data Speed Upto 5 Mbps Data Pack 1 GB Pack for 1 day TikTok Package Choose Data Package Price (with TAX) Rs. Validity Input Mobile Number Required Input PUK Number for PUK: Please type PUK and send SMS to 1415 Required Captcha For Volume Query Please Click Here,
